text,description,image_path,ground_truth,prediction
"se ve muy sabroso, pero con el frío se está bañando un día sí y otro no mejor mañana que se bañe.","La imagen es un meme dividido en dos paneles. En la parte superior, se observa una escena de una pareja en la cama; la mujer está acostada de lado mirando hacia la almohada, mientras que el hombre, que parece estar dando un masaje, tiene una expresión relajada. El texto dice: ""se ve muy sabroso, pero con el frío se está bañando un día sí y otro no.""

En la parte inferior, la misma pareja está presente en un formato similar. Aquí se muestra al hombre realizando una acción que parece ser un masaje en la espalda de la mujer. En la esquina inferior izquierda hay un dibujo de un pavo que lleva un delantal, acompañado de botellas que parecen ser cervezas. El texto dice: ""mejor mañana que se bañe."" 

El estilo del meme combina humor visual y textual con un enfoque en la relación de la pareja.",DS_IMG_3267.jpg,hate speech,hate speech
"- ""Muéstrame lo que sabes hacer con esa boquita😏"" Yo:","La imagen muestra a una mujer sentada en un entorno que parece social, con un fondo decorado con posters o gráficos. Ella tiene el cabello largo y oscuro, y su expresión facial parece intrigante o seductora. En su mano sostiene un sándwich, del cual está mordiendo una gran parte. La imagen incluye texto que alude a una solicitud humorística o provocativa para que muestre lo que puede hacer con su boca. La escena está capturada en un estilo informal y cotidiano.",DS_IMG_941.jpg,hate speech,neither
El día que Chile le faltó el respeto a Perú. 90 minutos de odio y humillación.,"La imagen presenta un meme relacionado con el fútbol. En la parte superior, se encuentra un texto en letras grandes que dice ""EL DÍA QUE CHILE LE FALTÓ EL RESPETO A PERÚ"" en color blanco sobre un fondo azul. Debajo, en un recuadro rojo, se lee ""90 MINUTOS DE ODIO Y HUMILLACIÓN"" en letras blancas.

En la parte inferior de la imagen se pueden observar escenas de un partido de fútbol, donde varios jugadores de la selección peruana, vestidos con camisetas blancas con una banda roja, parecen mostrar expresiones de frustración o desánimo. Un jugador chileno, vestido con un uniforme rojo, está en el aire, posiblemente realizando una jugada de alto impacto. El ambiente parece ser de alta tensión y competición.",DS_IMG_3038.jpg,hate speech,neither
YA DÉJALO YA ESTÁ MUERTO,"La imagen es un meme que utiliza un fotograma de la serie ""Los Simpsons"". En el primer plano, se observa a varios personajes, particularmente un niño en el suelo que parece estar inconsciente y otros niños mirando con expresiones de sorpresa o desinterés. Un personaje adulto, vestido con un disfraz y sosteniendo un cartel que dice ""morena"", se está acercando a otro personaje que parece estar tratando de evitar que se acerque al niño. Arriba, un texto en negrita dice ""YA DÉJALO YA ESTÁ MUERTO"". En la parte inferior de la imagen, se visualizan logotipos de varios partidos políticos: PRI, PAN y PRD, indicando un contexto electoral. El fondo presenta un ambiente festivo con decoraciones.",DS_IMG_2511.jpg,hate speech,neither
Ni machismo ni feminismo. Igualdad.,"La imagen es un meme que presenta un gato con una expresión facial inusual, que parece estar sonriendo o haciendo una mueca. El fondo es un ambiente doméstico desenfocado, y el gato es de color blanco con marcas negras. En la parte superior de la imagen, en letras grandes y resaltadas, se pueden leer las palabras ""NI MACHISMO NI FEMINISMO"". Abajo, también en letras grandes y destacadas, dice ""IGUALDAD"". La combinación de la expresión del gato y el texto crea un mensaje que juega con temas de igualdad de género.",DS_IMG_257.jpg,hate speech,neither
NO QUEDA NADA PARA JULIO,"La imagen es un meme en el que un hombre vestido con un atuendo blanco sonríe mientras mira hacia el suelo. Está en un entorno de supermercado, específicamente frente a un estante con productos vacíos. En la parte superior de la imagen, hay un texto en letras mayúsculas que dice: ""NO QUEDA NADA PARA JULIO"". El estante detrás de él está casi vacío, con solo unos pocos productos visibles en la parte superior. La expresión del hombre sugiere una mezcla de resignación y humor.",DS_IMG_2334.jpg,neither,neither
A esta escoba también le falta un palo y no anda enseñando las chichis en el face.,"La imagen muestra una escoba cuya cabeza está en el suelo, sobre una superficie de cemento. La escoba tiene cerdas de color rojo y un cuerpo de plástico gris. No tiene mango, lo que se destaca en el texto que la acompaña. El texto, escrito en la parte superior de la imagen, hace un comentario humorístico sobre la escoba, mencionando que también le falta un palo y comparando su situación con la de ciertos perfiles en redes sociales que muestran contenido provocativo.",DS_IMG_1902.jpg,hate speech,neither
Miss me spider (Me extraña araña),"La imagen es un meme que presenta una fotografía de una araña en primer plano, enfocando sus ojos grandes y pelaje característico. La araña se muestra en un fondo claro que resalta sus detalles. En la parte inferior de la imagen, hay un texto en letras grandes y negritas: ""Miss me spider"" junto con una traducción en español entre paréntesis: ""(Me extraña araña)"". La tipografía es llamativa y contrasta con el fondo, lo que enfatiza el mensaje humorístico del meme.",DS_IMG_2452.jpg,hate speech,neither
llegas borracho a tu casa después de año nuevo y no puedes meter la llave.,"La imagen es un meme que presenta a un personaje animado con aspecto de pato, vestido con un traje azul y una gorra. El pato sostiene una llave grande y dorada en su mano. Detrás de él hay una puerta de madera con un diseño rústico. En la parte superior de la imagen, hay un texto en letras mayúsculas que dice: ""LLEGAS BORRACHO A TU CASA DESPUÉS DE AÑO NUEVO Y NO PUEDES METER LA LLAVE"". La combinación de la imagen del pato y el texto sugiere una situación humorística relacionada con las dificultades de llegar a casa tras celebrar el Año Nuevo.",DS_IMG_2759.jpg,hate speech,neither
Cuando te saluda alguien que te cae mal.,"La imagen es un meme que presenta un texto en la parte superior que dice: ""Cuando te saluda alguien que te cae mal"". En la parte inferior hay una fotografía de una nutria que está de pie, sosteniendo con una de sus patas el brazo de una persona. La mano de la persona está extendida, como si estuviera saludando a la nutria. La nutria tiene una expresión facial que parece ser de desdén o indiferencia, con los ojos parcialmente cerrados y el cuerpo erguido. Hay una correa verde que cuelga de su cuerpo, y el fondo presenta un área de madera y una pared verde clara.",DS_IMG_2613.jpg,hate speech,neither
"Doñita, ¿por qué tan caro el aguaje? La guerra en Rusia, joven.","La imagen es un meme que muestra a una mujer en un mercado, sosteniendo un cuchillo y mirando hacia un grupo de frutas o verduras en varios recipientes frente a ella. Ella parece estar respondiendo a una pregunta con una expresión seria. El texto en la parte superior dice: ""DOÑITA POR QUE TAN CARO EL AGUAJE"", y en la parte inferior se encuentra: ""LA GUERRA EN RUSIA JOVEN"". Los textos son grandes y en negrita, lo que es característico de los memes, creando un contraste con la imagen.",DS_IMG_1674.jpg,hate speech,neither
El Tetris después de los 40...,"La imagen presenta un meme en el que se observan varios blisters de pastillas dispuestos de tal manera que simulan las piezas del videojuego Tetris. Las pastillas son de diferentes colores y formas, incluyendo algunas blancas, amarillas y naranjas. Están organizadas sobre una superficie de color madera clara. En la parte superior de la imagen, hay un texto que dice ""El Tetris después de los 40..."" en una combinación de tipografía negra y roja.",DS_IMG_3215.jpg,hate speech,neither
"*Wendy sale nominada en La Casa de los Famosos* Todo México: Muestren su talento, chicas.","La imagen es un meme que está dividido en dos partes. En la parte superior, hay un texto en letras grandes que dice ""*Wendy sale nominada en La Casa de los Famosos*"". En la parte inferior, el texto ""Todo México:"" precede a una imagen de una mujer con cabello rubio, que está de pie en un ambiente brillante. Ella tiene una expresión intensa y parece estar gritando o animando a otros. El pie de la imagen contiene la frase ""Muestren su talento, chicas"", en letras grandes y claramente legibles. La mujer aparece rodeada por un grupo de personas en un entorno de fiesta, que parece haber un ambiente de diversión o competencia.",DS_IMG_517.jpg,hate speech,neither
El vagabundo al que le dije que no tenía dinero viendo desde la ventana del mcdonald's como compró una Big Mac,"La imagen es un meme que presenta a un hombre con gafas, con una expresión seria y reflexiva, mirando hacia el exterior a través de una ventana. La escena parece ser de una serie o película, con una iluminación suave que resalta su rostro. En la parte superior de la imagen, hay texto que dice: ""El vagabundo al que le dije que no tenía dinero viendo desde la ventana del mcdonald's como compró una Big Mac"". El estilo del meme juega con el contraste de la situación descrita en el texto y la seriedad de la expresión del hombre.",DS_IMG_1188.jpg,hate speech,neither
"-Mamá, ¿no viste mis audífonos? -Vi unos en tu escritorio, pero como ya no tenían cable, los tiré.","La imagen es un meme que presenta un diálogo en la parte superior, con texto en color verde y rojo. En la parte izquierda, un personaje animado de aspecto pequeño y asustado, de color marrón claro, está sosteniendo algo con ambas manos, mostrando una expresión de sorpresa y tristeza. Sus ojos son grandes y redondos, lo que acentúa su expresión emocional. En la parte derecha de la imagen, hay un recuadro que muestra un par de audífonos inalámbricos de color blanco, colocados sobre una superficie clara. El texto del diálogo indica una conversación entre madre e hijo sobre la pérdida de los audífonos.",DS_IMG_3275.jpg,hate speech,hate speech
Yo llorando con la película de Hachi/ mi perro en el patio,"La imagen es un meme dividido en dos paneles. En el panel izquierdo, se observa a una persona con una expresión sonriente, sosteniendo un perro de la raza Shiba Inu que también parece feliz. El fondo es desenfocado, dando énfasis a la persona y al perro. En el panel derecho, se muestra un perro cubierto de barro, con una expresión desaliñada y la lengua afuera, claramente mojado y sucio. El texto en la parte superior dice: ""Yo llorando con la película de Hachii// mi perro en el patio"", ligando ambos paneles de manera cómica al contrastar la ternura del perro en el primer panel con el estado desordenado del perro en el segundo.",DS_IMG_829.jpg,neither,neither
Las mujeres tienen 4 labios. 2 para decir estupideces y 2 para arreglarlas.,"La imagen es un meme que consta de dos partes. En la parte superior, hay un texto en letras grandes y rojas que dice: ""Las mujeres tienen 4 labios"". En la parte inferior de la imagen, se encuentran dos líneas de texto que explican: ""2 para decir estupideces y 2 para arreglarlas"", también en letras rojas. En el centro, se ve a un hombre con expresión exagerada y sorprendente, sosteniendo un libro y con una actitud animada. El fondo incluye diversos posters y objetos decorativos en la pared. En la parte inferior del meme, la imagen del hombre muestra un efecto visual de rayos de luz que salen de sus ojos, resaltando el tono cómico de la situación.",DS_IMG_1127.jpg,hate speech,neither
Mi color favorito es el verde.,"La imagen es un meme que presenta una fotografía de un joven con pelo rubio y dientes que muestran brackets. Él está sonriendo amplia y de manera despreocupada. Lleva un suéter con un diseño de cuadros sobre una camisa de color claro, lo que le da un aspecto escolar. En la parte superior de la imagen, hay texto en mayúsculas que dice “MI COLOR FAVORITO” y, en la parte inferior, “ES EL VERTE”. El fondo de la imagen tiene un tono púrpura, dándole un ambiente nostálgico.",DS_IMG_2236.jpg,hate speech,neither
"Mira, mamá... y sin chilena de Jiménez.","La imagen es un meme que presenta a un personaje montado en una bicicleta, con una expresión alegre y levantando una mano en señal de saludo. La cabeza del personaje ha sido reemplazada por un balón de fútbol con los colores de la bandera de México. En la parte superior de la imagen, hay un texto en letras grandes y amarillas que dice: ""MIRA, MAMÁ..."". En la parte inferior, el texto continúa con ""Y SIN CHILENA DE JIMÉNEZ"". El fondo muestra casas y un cielo despejado, típicos de un paisaje suburbano.",DS_IMG_2512.jpg,neither,hate speech
**Messi Gana el Mundial** - Automáticamente Netflix sacando la serie:,"La imagen es un meme que incluye un texto en la parte superior que dice ""**Messi Gana el Mundial**"" y, debajo, un subtítulo que dice ""-Automáticamente Netflix sacando la serie:"". La imagen principal muestra a un jugador de fútbol con una camiseta de la selección de Argentina, que tiene franjas verticales en colores blanco y celeste, con el número ""10"" en su pecho. El jugador está celebrando, levantando un brazo mientras mira hacia adelante con una expresión de emoción. En el fondo, se pueden ver colores difusos que sugieren un entorno de estadio, posiblemente durante un partido de fútbol. El meme parece satirizar la rápida creación de contenido por parte de plataformas como Netflix tras un evento importante.",DS_IMG_867.jpg,hate speech,neither
"Sus tíos lo maltratan psicológicamente y lo discriminan durante toda su niñez. Sale un niño adorable, solidario y preocupado por el bienestar de otros.","La imagen es un meme que presenta a un niño con gafas y cabello castaño, vestido con una túnica negra. El niño tiene una expresión sonriente y amigable. En la parte superior e inferior de la imagen hay texto en letras mayúsculas. El texto superior dice: ""SUS TÍOS LO MALTRATAN PSICOLÓGICAMENTE Y LO DISCRIMINAN DURANTE TODA SU NIÑEZ"". El texto inferior dice: ""SALE UN NIÑO ADORABLE, SOLIDARIO Y PREOCUPADO POR EL BIENESTAR DE OTROS"". La imagen tiene un fondo desenfocado que parece ser parte de un edificio educativo o mágico.",DS_IMG_2994.jpg,hate speech,hate speech
Comparte esta foto si quieres que Yalitza sea Ariel en el live action de Disney.,"La imagen es un meme que presenta a una persona con cabello rojo brillante. Ella tiene una expresión facial neutra y está mirando hacia la cámara. El fondo es simple y de color claro. En la parte superior de la imagen hay un texto que dice ""COMPARTE ESTA FOTO SI QUIERES"", y en la parte inferior se lee ""QUE YALITZA SEA ARIEL EN EL LIVE ACTION DE DISNEY"". El diseño es típico de los memes, con un enfoque en el texto llamativo y la imagen central.",DS_IMG_102.jpg,neither,neither
¿CÓMO SE VEN TUS FOTOS DEL DÍA DEL NIÑO? PUBLICIDAD DE GERBER TARJETA DE KILO DE AYUDA,"La imagen es un meme que muestra a un personaje de un programa de televisión. En la parte superior hay un texto que dice: “¿CÓMO SE VEN TUS FOTOS DEL DÍA DEL NIÑO?”. El personaje, que está sentado en un automóvil, sostiene un folleto con varias muestras de colores y dos textos que dicen ""PUBLICIDAD DE GERBER"" y ""TARJETA DE KILO DE AYUDA"". El personaje tiene una expresión facial concentrada mientras observa el folleto. El meme presenta humor visual basado en la comparación de expectativas versus realidades de las fotos infantiles.",DS_IMG_128.jpg,neither,neither
¡Qué empoderada! ¡Qué machista!,"La imagen es un meme dividido en dos paneles. En la parte superior, hay dos hombres musculosos que están sonriendo y posando, junto a una chica con cabello rosa que tiene una expresión alegre. El texto que acompaña esta escena dice: ""¡Qué empoderada!"" En la parte inferior, se muestran dos mujeres con un hombre con barba y gafas de sol, mientras las chicas lucen ropa ajustada. La expresión del hombre parece confiar y seducir. El texto en esta sección dice: ""¡Qué machista!"" En ambos paneles, hay personajes con un estilo caricaturesco y expresiones enfatizadas.",DS_IMG_507.jpg,hate speech,neither
"Mira esto Nicki, podemos ver justo el cuadro de cuando se le rompe el corazón a Peso Pluma... ¡ahí!","La imagen es un meme que presenta un diseño estilo cartoon. En el centro de la imagen, hay dos personajes sentados en lo que parece ser un sofá o una fila de asientos. A la izquierda, un niño con cabello corto y oscuro, una expresión de enojo y un gesto de frustración. Él está vestido con una camiseta blanca y parece estar señalando hacia algo. A la derecha, hay una figura femenina con cabello largo y negro, expresando desinterés o sorpresa, vestida con una blusa de tirantes. En la parte inferior de la imagen, se puede ver una mano sosteniendo un control remoto, lo que sugiere que están viendo algo en la televisión. El texto en la parte superior dice: ""MIRA ESTO NICKI, PODEMOS VER JUSTO EL CUADRO DE CUANDO SE LE ROMPE EL CORAZÓN A PESO PLUMA... ¡AHÍ!"" El fondo tiene un color morado, creando un contraste con los personajes.",DS_IMG_2799.jpg,neither,hate speech
La morra que pesa más que un tanque soviético dice que le gustan los chicos de color. El chico de color del curso:,"La imagen es un meme que presenta un texto en la parte superior que dice: ""*La morra que pesa más que un tanque soviético dice que le gustan los chicos de color*"". Debajo de este texto, se muestra una escena con un personaje que tiene una expresión de grito o desesperación, con brazos extendidos y un fondo oscuro. El personaje parece estar rodeado por una especie de sombra o tentáculos oscuros que emergen de su cuerpo. Hay un diseño que asimiliza a un personaje animado en un lado, representando al ""HULK"" de forma caricaturesca. El contraste entre el texto y la imagen sugiere un efecto cómico o irónico.",DS_IMG_926.jpg,hate speech,neither
Yo queriendo madurar y este hombre se aparece con esto.,"La imagen es un meme que muestra una furgoneta con una pintura en la puerta que simula una ilusión óptica. El diseño presenta una figura humana con piernas expuestas, como si estuviera sentado en un inodoro. Un hombre está al volante, asomando un brazo por la ventana. En la parte superior de la imagen hay un texto que dice: ""Yo queriendo madurar y este hombre se aparece con esto"", acompañado de un emoji que representa risa nerviosa. El fondo muestra un entorno urbano con vegetación y otros vehículos visibles.",DS_IMG_3197.jpg,hate speech,neither
LAS CHICAS MÁS GUAPAS ESTÁN EN EL GRUPO CHISTE Y ALBUR DEL BUENO,"La imagen es un meme en el que aparece una mujer con un atuendo colorido y llamativo. Ella sostiene una motosierra en un brazo y un dulce en la mano, mientras sonríe de manera coqueta. Lleva un top morado con la inscripción ""San Romero Knights"" y una falda corta. El fondo incluye un colorido entorno urbano. En la parte superior e inferior de la imagen hay texto en letras mayúsculas que dice ""LAS CHICAS MAS GUAPAS ESTAN EN EL GRUPO"" en la parte superior y ""CHISTE Y ALBUR DEL BUENO"" en la parte inferior.",DS_IMG_1463.jpg,hate speech,neither
No odio la Navidad. Odio todo diciembre.,"La imagen es un meme que presenta a un gato con una expresión facial seria y descontenta. El gato tiene pelaje blanco y manchas marrones en la cara, con ojos grandes que transmiten una mirada de desaprobación. El fondo es de un color neutral y se puede ver la mano de una persona sosteniendo al gato. En la parte superior de la imagen, el texto en letras grandes y en negrita dice ""NO ODIO LA NAVIDAD"". En la parte inferior, otro texto en un estilo similar dice ""ODIO TODO DICIEMBRE"". El diseño del meme utiliza un formato típico en redes sociales, donde el texto resalta el sentimiento contrario que expresa la expresión del gato.",DS_IMG_2567.jpg,neither,neither
Argentina ante Chile,"La imagen es un meme que muestra un grupo de once jugadores de fútbol vestidos con camisetas de la selección argentina, alineados en una pose típica para una fotografía de equipo. Cada jugador tiene superpuesto un rostro de ratón, con orejas grandes y un hocico visible, lo que distorsiona completamente su identidad. El portero se encuentra al fondo, vestido con una camiseta de color verde. En la parte inferior de la imagen se encuentra el texto: ""Argentina ante Chile"", en un tamaño grande y en color blanco, que resalta sobre un fondo oscuro. La composición visual es humorística, utilizando elementos de la caricatura para transmitir un mensaje satírico sobre el equipo.",DS_IMG_200.jpg,neither,hate speech
El deforma se hizo chairo tan gradualmente que no me di cuenta.,"La imagen es un meme que presenta una escena de la serie animada ""Los Simpson"". En la imagen, dos personajes están acostados en una cama. Uno de ellos es un hombre mayor con gafas, que parece estar hablando, mientras que el otro es un personaje con una expresión facial neutral. Ambos están cubiertos con una manta y se encuentran en un entorno de dormitorio, con mesitas de noche a cada lado de la cama. El texto en la parte superior dice: ""EL DEFORMA SE HIZO CHAIRO TAN GRADUALMENTE"", y en la parte inferior se agrega: ""QUE NO ME DI CUENTA"", ambos en letras grandes y en negrita.",DS_IMG_2871.jpg,neither,neither
"Un negro y un gitano van en un coche, ¿quién conduce? El policía.","La imagen es un meme que presenta un fondo dividido en secciones en colores azul y gris. En el centro, hay un perro de raza labrador con gafas, que tiene una expresión seria o de desdén. En la parte superior de la imagen, se encuentra un texto en mayúsculas que dice: ""UN NEGRO Y UN GITANO VAN EN UN COCHE, QUIÉN CONDUCE?"" y en la parte inferior, en un formato prominente, se lee ""EL POLICÍA"". El diseño y el texto son característicos de los memes que juegan con situaciones humorísticas o de doble sentido.",DS_IMG_1093.jpg,hate speech,neither
Joven Sonorense gana concurso Universal Mexicana 2022,"La imagen muestra a una joven sonriente que lleva una corona de reina y un vestido elaborado, adornado con detalles brillantes. Ella sostiene un ramo de flores en su mano. El fondo tiene elementos decorativos difuminados en tonos morados, lo que sugiere un ambiente festivo. En la parte inferior de la imagen, hay un texto en español que dice ""Joven Sonorense gana concurso Universal Mexicana 2022"" con un diseño gráfico que resalta la información sobre el evento.",DS_IMG_2584.jpg,hate speech,neither
Cuando te den café... Y te quedas mirando a ver si te dan pan.,"La imagen es un meme que presenta un solo personaje con características de un simio y un niño. El personaje tiene la cabeza y rasgos faciales de un simio, mientras que su cuerpo es el de un niño pequeño. Lleva una camiseta azul con la palabra ""Kids"" escrita en ella y pantalones rojos. Está sentado en una superficie de piedra, sosteniendo un vaso negro que lleva a su boca. La expresión del personaje es curiosa, como si estuviera esperando algo. En la parte superior de la imagen, hay un texto en letras rojas que dice: ""Cuando te dan café..."" y en la línea siguiente, ""Y te quedas mirando a ver si te dan pan."" El entorno es al aire libre, con un camino y vegetación visible en el fondo.",DS_IMG_3244.jpg,inappropriate content,neither
"Yo viendo con odio y desprecio a la persona que se llama ""Jhonny"" pero escribe su nombre como ""Yoni"":","La imagen es un meme que presenta un personaje de una película de animación, vestido con una vestimenta elaborada de color rojo y negro. El personaje tiene una expresión facial de desdén y desprecio, con las cejas fruncidas y los labios apretados. Está posicionado en un entorno que parece ser un castillo o fortaleza, con una piedra de fondo. Encima del personaje, en texto grande y en negrita, se encuentra el mensaje que expresa desagrado hacia personas que escriben su nombre de cierta manera, usando el nombre ""Yhoni"" como contraste con ""Yoni"". El estilo general del meme es humorístico, utilizando la exageración en la expresión del personaje para transmitir un sentimiento de rechazo.",DS_IMG_2958.jpg,hate speech,hate speech
*El de educación física* *El conserje*,"La imagen es un meme que presenta a dos personajes de estilo animado, situados en un entorno urbano con edificios iluminados de fondo. El personaje a la izquierda tiene un cuerpo robusto, pelaje color marrón y una expresión seria. Lleva una camisa roja y negra. El personaje a la derecha es más delgado, con piel blanca y una expresión neutral, vistiendo un traje rojo también. En la parte superior de la imagen se encuentran las frases: ""*El de educación física*"" colocado sobre el personaje más robusto, y ""*El conserje*"" sobre el personaje delgado. La imagen parece jugar con estereotipos sobre las apariencias y roles de las personas representadas.",DS_IMG_541.jpg,hate speech,neither
"La similitud es impresionante, incluso en los cacho.","La imagen presenta un meme que consta de dos paneles. A la izquierda, se muestra una escultura de una figura con cuernos, que parece ser un ser mitológico o demoníaco, sosteniendo una mano en señal de saludo o gesto. A la derecha, hay una persona visible con audífonos, en un ambiente iluminado con luz azul. Esta persona también está levantando la mano en un gesto similar. Encima de ambas imágenes, hay un texto que dice: ""La similitud es impresionante, incluso en los cacho."" El contraste entre la escultura y la persona crea un efecto visual humorístico al destacar la similitud en las posturas y los ""cachos"" (cuernos).",DS_IMG_1138.jpg,hate speech,neither
rompe tú también la cadena de sexismo y de machismo,"La imagen muestra a un hombre sentado frente a una computadora portátil en un ambiente interior. Él tiene una barba y usa gafas, y viste una camisa de manga larga azul. Se le ve pensativo, mirando hacia la pantalla. El fondo de la habitación incluye un sofá, una mesa con bebidas y varios cuadros y dibujos en las paredes, haciendo un ambiente acogedor. En la parte izquierda de la imagen, hay un texto en letras grandes y blancas que dice: ""ROMPE TÚ TAMBIÉN LA CADENA DE SEXISMO Y DE MACHISMO"". El mensaje del texto parece invitar a la acción en un contexto social.",DS_IMG_340.jpg,hate speech,neither
*Alguien diciéndome cosas lindas* Yo con mi inseguridad: No digas mentiras.,"La imagen es un meme que presenta un texto en la parte superior que dice: ""*Alguien diciéndome cosas lindas* Yo con mi inseguridad:"". Abajo, hay una ilustración de un personaje de una película animada, descrito como un niño pequeño con una expresión facial seria y desafiante. Tiene una cabeza redonda, orejas grandes y un peinado distintivo con un copete hacia arriba. Está vistiendo un traje rojo y tiene una postura decidida. En la parte inferior de la imagen, hay un texto que dice: ""No digas mentiras"". El diseño del meme utiliza humor visual para representar la inseguridad frente a cumplidos.",DS_IMG_1629.jpg,hate speech,neither
*Mi crush sube una foto* Automáticamente yo: Guardar en el teléfono,"La imagen es un meme que muestra a un personaje pequeño y verde, conocido como ""Baby Yoda"", sentado frente a una pantalla. El personaje tiene una expresión concentrada mientras extiende su mano hacia un botón que dice ""Guardar en el teléfono"". La parte superior de la imagen contiene texto que dice ""*Mi crush sube una foto* Automáticamente yo:"", sugiriendo una reacción humorística a la publicación de una persona querida. El fondo presenta un entorno oscuro con luces, típico de una nave espacial. El formato del meme es común, combinando texto y una imagen humorística para transmitir un mensaje de manera efectiva.",DS_IMG_1474.jpg,inappropriate content,neither
¿Y si jugamos al bautizo? - ¿Cómo es eso? - Tú pones el chiquito y yo te echo mis bendiciones.,"La imagen es un meme que presenta un diálogo entre dos personajes animados, con un fondo que sugiere un entorno selvático. El personaje masculino tiene el cabello largo y castaño, con una expresión facial que combina curiosidad y picardía. La mujer, que tiene el cabello corto y castaño claro, muestra una expresión de interés y complicidad. El texto del meme se sitúa en la parte superior de la imagen y presenta un intercambio de comentarios humorísticos sobre un juego relacionado con el bautizo, seguido de una broma insinuante.",DS_IMG_1348.jpg,inappropriate content,neither
¡Perdón! Volveremos más tarde.,"La imagen es un meme que muestra una escena humorística. En el centro, hay un sofá de rayas azules en el que se sienta una persona desnuda, que parece estar sorprendida. La persona está en una posición relajada, con las piernas extendidas. Frente al sofá, hay una chimenea con un marco de reloj, y en ella están Santa Claus, que cuelga boca abajo, y un reno. Santa tiene una expresión de sorpresa y está diciendo: ""¡Perdón! Volveremos más tarde"". El entorno presenta paredes de color naranja y diversos elementos decorativos relacionados con la Navidad.",DS_IMG_3252.jpg,inappropriate content,neither
"Vamos detrás de los arbustos, Caperucita... A mi abuelita no le va a gustar. A tu abuelita le encantó...","La imagen es un meme que representa una escena de un cuento clásico, con un lobo y una niña vestida de Caperucita Roja. El lobo, que tiene una expresión astuta, dice: ""Vamos detrás de los arbustos, Caperucita…"". Caperucita Roja, con una expresión despreocupada, responde: ""A mi abuelita no le va a gustar"". En un segundo plano, el lobo se retrata con una expresión codiciosa, droolando, y un bocadillo de diálogo que dice: ""A tu abuelita le encantó…"". El fondo es colorido, con un cielo azul y un arbusto verde, trasladando un tono cómico y satírico.",DS_IMG_3217.jpg,hate speech,neither
Ganarle a Arabia Saudita,"La imagen muestra a un jugador de fútbol con una expresión seria, vistiendo una camiseta azul con detalles en amarillo, representativa del equipo argentino. En el fondo se puede observar a varias personas, y un trofeo dorado se encuentra en el centro de la imagen. Además, hay texto en la parte superior que dice ""GANARLE A ARABIA SAUDITA"". El logo de ""EL DEFORMA"" aparece en la esquina inferior derecha. ",DS_IMG_2886.jpg,neither,neither
no traigas esto... ...aquí... ¡Gracias!,"La imagen es un meme dividido en dos paneles. En la parte superior, se muestra el rostro de una niña que grita fuertemente, con una expresión de angustia y lágrimas en los ojos. El texto arriba dice ""no traigas esto..."". En la parte inferior, hay una escena de un restaurante donde varias personas están sentadas en mesas disfrutando de su comida. Una mujer en el centro está sonriendo y mirando hacia la cámara. El texto en la parte inferior dice ""...aquí... ¡Gracias!"". La presentación sugiere un contraste entre la reacción emocional de la niña y el entorno relajado del restaurante.",DS_IMG_3040.jpg,hate speech,neither
"Yo: ""Hoy limpiaré, haré ejercicio y me pondré al día con todo, seré muy productivo"" Yo todo el día:","La imagen es un meme que presenta un perro de la raza Shiba Inu envuelto en una manta color rosa con manchas amarillas. El perro tiene una expresión que sugiere tranquilidad o desinterés. En la parte superior de la imagen, hay un texto en español que dice: ""Yo: 'Hoy limpiaré, haré ejercicio y me pondré al día con todo, seré muy productivo.' Yo todo el día:"". La disposición del texto sugiere un contraste entre las intenciones de productividad y la realidad de estar cómodo y relajado.",DS_IMG_1648.jpg,hate speech,hate speech
Yo cuando tengo que ir a hacer mis trámites yo solit@,"La imagen presenta un meme situado en el interior de un vagón de metro. En el centro, hay un pequeño perro blanco que está sentado solo en un banco de color azul claro. Este perro tiene una expresión que puede interpretarse como solitaria o expectante y lleva una bufanda roja con puntos blancos. Al fondo, se puede ver un anuncio en la pared del metro con el texto ""NEW YORKERS KEEP NEW YORK SAFE"". El meme incluye la frase en la parte superior que dice: ""Yo cuando tengo que ir a hacer mis trámites yo solit@"".",DS_IMG_989.jpg,inappropriate content,neither
Yo solía ser un gran edificio como tú. Hasta que me dieron con un árabe en la rodilla.,"La imagen es un meme que presenta dos torres que parecen ser una representación de las Torres Gemelas, cada una con cabezas de carnero en la parte superior. Las torres son grises y tienen una forma rectangular y alta. En la parte inferior de la imagen, hay un texto en letras mayúsculas que dice: ""YO SOLÍA SER UN GRAN EDIFICIO COMO TÚ HASTA QUE ME DIERON CON UN ÁRABE EN LA RODILLA."" El fondo es claro, lo que resalta las torres y el texto.",DS_IMG_930.jpg,hate speech,neither
la tóxica esperando que te vayas a bañar para agarrarte el celular,"La imagen es un meme que presenta a una figura con apariencia aterradora, incluida una piel pálida y unas largas cabelleras desordenadas. La figura, con un rostro expresivo y ojos que reflejan una luz inusual, se muestra en una postura que sugiere ansiedad o malicia, con las manos juntas en una actitud casi de súplica. La parte superior de la imagen contiene el texto ""la toxica esperando que te vayas a bañar para agarrarte el celular"", que se encuentra en un estilo de fuente clara y legible. El fondo de la imagen es oscuro, lo que contribuye a la atmósfera inquietante.",DS_IMG_292.jpg,inappropriate content,neither
¿Quién más hace esto?,"La imagen es un meme que se presenta en tres paneles. En el primer panel, se observa a un personaje de estilo dibujo animado, con una expresión facial neutral, acostado en una cama. En el segundo panel, el mismo personaje ahora está en una posición más dinámica, mostrando una postura diferente. En el tercer panel, hay un segundo personaje que parece estar interactuando con un perro, representado de manera simplificada con círculos y líneas. El texto en la parte superior de la imagen dice ""QUIÉN MÁS HACE ESTO?"" en letras grandes y negritas. La estética es simple y se caracteriza por un arte estilo ""stick figure"".",DS_IMG_1304.jpg,hate speech,neither
"- Haced grupos de 3. - Profe, ¿no puede ser de 1? Es que los odio a todos.","La imagen es un meme que muestra un niño con una expresión seria y desafiante, sentado con los brazos cruzados. El texto en la parte superior indica un diálogo entre un profesor y un alumno, donde el profesor pide a los estudiantes que formen grupos de tres. La respuesta del alumno es que prefiere formar un grupo de uno, ya que ""odia a todos"". El contraste entre la expresión del niño y el contenido del diálogo añade un elemento humorístico a la situación.",DS_IMG_2422.jpg,hate speech,neither
No quiero verte borracha. Entonces nos vemos el lunes.,"La imagen es un meme que se compone de dos paneles tomados de una escena de una película. En el primer panel, dos personajes están hablando en una calle iluminada, con luces de neón y un ambiente nocturno. El hombre le dice a la mujer: ""No quiero verte borracha"", mientras ella lo mira con una expresión seria. En el segundo panel, la mujer responde: ""Entonces nos vemos el lunes"", con un enfoque en su rostro que transmite emoción. El tercer panel se centra en el rostro del hombre, que tiene una expresión de seriedad y reflexión, con un fondo en tonos oscuros y un patrón sencillo. El meme utiliza subtítulos en blanco que destacan las líneas de diálogo de los personajes.",DS_IMG_644.jpg,inappropriate content,neither
"Cuando ves a niños huérfanos tristes :v  
Pero les das Suavitel para que sientan el amor de mamá.","La imagen es un meme que consta de dos paneles. En el primer panel, se ve a un personaje masculino con una expresión de preocupación o tristeza, acompañado de la frase ""Cuando ves a niños huérfanos tristes :v"". El fondo es un entorno exterior, y el personaje lleva una chaqueta oscura. En el segundo panel, el mismo personaje muestra una gran sonrisa, junto con el texto ""Pero les das Suavitel para que sientan el amor de mama"". El fondo es más claro y también se puede observar una leyenda que dice ""Sátira"" en la esquina superior derecha. La estética del meme sugiere un enfoque humorístico sobre una situación emotiva.",DS_IMG_41.jpg,neither,hate speech
"Chumel Torres no es racista, podrá ser un mentiroso, vago, neoliberal, racista pero nunca una estrella de la radio.","La imagen es un meme que presenta un fotograma de la serie animada ""Los Simpson"". En la escena, un personaje anciano con un peinado alocado y expresión de enojo está sosteniendo un micrófono y parece estar hablando con intensidad. El fondo muestra una lámpara y un cuadro en la pared, lo que sugiere un entorno doméstico. El texto del tweet en la parte superior hace referencia a un comentario sobre una persona llamada Chumel Torres, defendiendo su carácter en un tono sarcástico.",DS_IMG_109.jpg,hate speech,neither
¿Quién tendrá más vidas? Un gato random La Barby Juárez.,"La imagen es un meme dividido en dos paneles. A la izquierda, hay una foto de un gato atigrado con gafas de sol. El gato tiene una expresión divertida. A la derecha, aparece una mujer con cabello largo y oscuro, luciendo un collar. Ella tiene una expresión tranquila y está mirando hacia la cámara. En la parte superior se encuentra el texto en grandes letras blancas que dice: ""¿QUIÉN TENDRÁ MÁS VIDAS?"" En la parte inferior izquierda, el texto ""UN GATO RANDOM"" está escrito en letras blancas sobre un fondo azul, y a la derecha, el texto ""LA BARBY JUÁREZ"" está en letras azules sobre un fondo blanco. En la parte inferior de la imagen se incluye el logo de ""La casa de los famosos.""",DS_IMG_2553.jpg,hate speech,neither
¿No nos hará daño platicar así? ¿Así como? ¿Así sin besos?,"La imagen es un meme que presenta un formato de diálogo entre dos personajes. En la parte superior, se muestran tres líneas de texto que sugieren una conversación. El primero pregunta: ""¿No nos hará daño platicar así?"", y el segundo responde: ""¿Así como?"", seguido de la pregunta ""¿Así sin besos?"". 

El personaje visualizado es un mono con una expresión facial que parece reflexiva o confundida. Su pelaje es de un tono claro, con detalles que resaltan su rostro. El fondo es de un diseño geométrico en tonos gris y blanco. El enfoque principal está en la expresión del mono, que parece captar la atención del espectador.",DS_IMG_1149.jpg,inappropriate content,neither
"Doctor, ¿cuánto me queda de vida? Diez. Diez? ¿Diez qué? Nueve...","La imagen es un meme que consta de cuatro paneles. En el primer panel, se muestra a un médico, que lleva puesto un guardapolvo blanco y un estetoscopio, hablando con una mujer en su consulta. La mujer tiene el cabello castaño y lleva una blusa de color azul claro. Ella pregunta: ""Doctor, cuánto me queda de vida?"" El médico responde en el segundo panel con la palabra ""Diez"", mientras está concentrado en su esculpir. En el tercer panel, la mujer responde confundida: ""¿Diez? ¿Diez qué?"". En el cuarto panel, se ve al médico decir ""Nueve..."" y la mujer tiene lágrimas en sus ojos, sugiriendo una reacción emocional a la respuesta del médico. El estilo de la imagen es humorístico y utiliza un formato de cómic con diálogos en burbujas.",DS_IMG_849.jpg,hate speech,neither
"Si tú no quieres, yo tampoco.","La imagen muestra un ambiente festivo con varias personas en una sala iluminada con luces brillantes. En el primer plano, hay un hombre con una camiseta de estampado colorido y una barba recortada, que mira a una mujer a su lado. Ella lleva una blusa de malla brillante y tiene una expresión confiada mientras baila. La composición incluye otros asistentes al fondo, aunque su foco es menor. El texto en la parte inferior dice: ""SI TÚ NO QUIERES, YO TAMPOCO."" en letras grandes y amarillas, lo que sugiere un mensaje de desinterés. El fondo tiene tonos oscuros y verdes, creando una atmósfera vibrante y dinámica.",DS_IMG_411.jpg,hate speech,neither
Esto resume mi vida amorosa. Soy el tipo de azul.,"La imagen es un meme que muestra a una pareja en la playa. La mujer está siendo levantada por el hombre, quien la sostiene con sus brazos. Ambos sonríen y parecen disfrutar del momento. El fondo muestra una playa con arena y algunos árboles. En la parte superior de la imagen hay un texto que dice ""ESTO RESUME MI VIDA AMOROSA"" y en la parte inferior, ""SOY EL TIPO DE AZUL"", escrito en letras grandes y en negrita.",DS_IMG_2107.jpg,hate speech,neither
AQUÍ ESTÁ EL PROBLEMA\nMUNDIAL\nCOPA ORO\nESTÁ EN MODO COPA DEL MUNDO,"La imagen es un meme que presenta un marco superior con un marcador de un partido de fútbol entre México y Catar, donde México tiene 0 y Catar tiene 1. Abajo, se muestra una escena de un personaje de la serie ""Los Simpson"". El personaje, que lleva una gorra naranja y tiene un cigarrillo en la boca, sostiene su camiseta y señala el problema. En la parte inferior de la imagen se observa un texto que dice ""AQUÍ ESTÁ EL PROBLEMA"" en letras grandes. Debajo, hay dos etiquetas que indican ""MUNDIAL"" y ""COPA ORO"", seguidas de la frase ""ESTÁ EN MODO COPA DEL MUNDO"". La imagen también incluye una pequeña bandera de México en la parte superior derecha.",DS_IMG_2460.jpg,hate speech,hate speech
Ni uno menos. Igualitas.,"La imagen es un meme de dos paneles. En la parte superior, hay un panel que muestra dos botones rojos. El botón de la izquierda tiene el texto ""NI UNO MENOS"" y el de la derecha dice ""IGUALISMO"". Una mano con un guante blanco está a punto de presionar uno de los botones. En la parte inferior, hay un personaje con un cabello corto y rubio, que parece estar preocupado, con sudor en la frente, tocándose la cabeza con una mano mientras su expresión muestra indecisión o estrés. El personaje viste una camiseta de color rojo y tiene una apariencia decidida pero ansiosa.",DS_IMG_244.jpg,inappropriate content,neither
Cuando te haces el dormido para no salir con tu familia y escuchas que tu prima dice que tampoco va.,"La imagen es un meme que consta de dos paneles. En el primer panel, se muestra una caricatura de un personaje con una expresión relajada y una parte superior del cuerpo visible, donde se destaca su vientre y lleva un pañuelo morado en el cuello. El texto encima dice: ""Cuando te haces el dormido Para no salir con tu Familia"". En el segundo panel, el mismo personaje tiene una expresión de satisfacción o felicidad, con una ligera sonrisa, y el texto dice: ""Y escuchas que tu Prima dice que tampoco va"". El diseño y el uso de texto sugieren una escena humorística relacionada con el deseo de evitar salir.",DS_IMG_838.jpg,hate speech,neither
Quédate con quien te mire como Maussan mira a su Alien. 🥰👽,"La imagen muestra a dos hombres de pie junto a un objeto en una caja de vidrio. El hombre a la izquierda tiene el cabello canoso y viste un traje oscuro con una camisa blanca, mientras que el hombre a la derecha tiene el cabello oscuro y está vestido con un traje gris claro y una camisa blanca. Ambos parecen estar observando con atención el objeto en la caja, que parece ser una figura que representa un ser extraterrestre, envuelta en una tela blanca. El fondo es de color marrón claro, y hay un texto en la parte superior que dice: ""Quédate con quien te mire como Maussan mira a su Alíen"".",DS_IMG_2539.jpg,inappropriate content,neither
Le está pidiendo matrimonio!,"La imagen es un meme dividido en dos paneles. El primer panel muestra una escena desde el interior de un baño. Se puede ver una persona de pie frente a un inodoro, con una pierna visible y el pantalón alrededor de los tobillos. La posición sugiere una interacción no convencional en un baño. El segundo panel presenta un dibujo de un personaje con una expresión exagerada de sorpresa y lágrimas, acompañado del texto ""Le está pidiendo matrimonio!"" en la parte inferior. La combinación de los dos paneles sugiere un contexto humorístico o irónico sobre la situación presentada.",DS_IMG_1357.jpg,hate speech,neither
USTED CREÓ A UN MONSTRUO *fans* SI PERO UNO CHIQUITO,"La imagen es un meme dividido en dos paneles. En el panel superior, un personaje con apariencia de criatura extraterrestre se encuentra en un entorno futurista. El texto en la parte superior dice ""USTED CREO A UN MONSTRUO"", y hay una leyenda que dice ""*fans*"" en un estilo que parece indicar entusiasmo. En el panel inferior, otro personaje, que parece ser un humanoide o figura de autoridad, responde con el logo de ""DC"" visible en su vestimenta. El texto dice ""SI PERO UNO CHIQUITO"" en letras mayúsculas y grandes, sugiriendo una respuesta humorística o irónica al comentario del panel superior.",DS_IMG_2516.jpg,inappropriate content,neither
"Llega un violador a la cárcel*  
Todos en la cárcel:  
VIOLENLO","La imagen es un meme que presenta un texto en la parte superior que dice ""Llega un violador a la cárcel*"" y debajo ""Todos en la cárcel:"". En la parte inferior de la imagen, en letras grandes y en negrita, aparece la palabra ""VIOLENLO"". En el centro de la imagen, se muestra a un hombre con una expresión seria y amenazante, con el cabello largo y oscuro, que tiene un atuendo de camiseta sin mangas y brazos musculosos cruzados. El fondo es de color oscuro, lo que resalta la figura del hombre.",DS_IMG_1018.jpg,hate speech,neither
Los porteños en la fila de votación. HAN PASADO 84 AÑOS.,"La imagen es un meme que presenta una escena de una película, mostrando a una mujer mayor con cabello canoso y cabello rizado. Su expresión facial es de sorpresa y asombro. El texto en la parte inferior de la imagen dice ""HAN PASADO 84 AÑOS"" en letras grandes y en negrita. En la parte superior de la imagen, hay un texto que dice ""Los porteños en la fila de votación."" seguido del hashtag ""#Elecciones2023"". El fondo de la imagen es difuso, centrándose en el rostro de la mujer.",DS_IMG_2395.jpg,hate speech,neither
"""Nel we, a mí ni me gusta el fútbol"" también yo cuando juega mi México:","La imagen es un meme que muestra a varios jugadores con camisetas verdes, probablemente del equipo mexicano de fútbol, en un ambiente de partido. Uno de los jugadores, en el centro, tiene una expresión emocional intensa, con lágrimas en los ojos y una mano cerca de su boca. Los otros jugadores a su alrededor también parecen estar visiblemente afectados. En la parte superior de la imagen hay un texto que dice: ""NEL WE, A MI NI ME GUSTA EL FUTBOL"" y debajo ""TAMBIÉN YO CUANDO JUEGA MI MÉXICO:"". El diseño del meme incluye un logo en la esquina inferior izquierda que dice ""EL DEFORMA"".",DS_IMG_2922.jpg,hate speech,hate speech
Cómo avanzar a octavos de final sin meter goles,"La imagen es un meme que muestra un personaje animado, conocido como Silvestre, en una posición sentada. Está sosteniendo un libro de gran tamaño en sus manos. El libro tiene una tapa de color rojo y presenta el texto en español ""Cómo avanzar a octavos de final sin meter goles"" en letras blancas. En la parte inferior izquierda del libro se encuentra la palabra ""ROA"" en un estilo de letra más pequeño. Al lado del libro, hay un logotipo relacionado con la Copa Mundial de fútbol, que incluye un símbolo y la frase ""FIFA WORLD CUP Qatar 2022"". El fondo es de un color verde brillante. El personaje tiene una expresión concentrada mientras lee el libro.",DS_IMG_2761.jpg,hate speech,neither
No todos los que te abrazan son tus amigos,"La imagen es un meme que se divide en dos paneles. En el panel izquierdo, se muestra a un hombre sosteniendo un gallo en sus brazos. Él tiene una expresión facial neutra y está vestido con una camiseta de color claro. El fondo parece ser un lugar cerrado con cajas visibles. En el panel derecho, hay un plato con arroz y dos piezas de pollo cubiertas en una salsa. El texto que aparece en la parte superior dice: ""No todos los que te abrazan son tus amigos"". ",DS_IMG_3169.jpg,hate speech,neither
Famosa en Internet Kailia Posey tenía tan solo 5 años cuando se transformó en la protagonista de un meme viral.,"La imagen presenta a una niña con una expresión facial peculiar, mostrando una sonrisa amplia y una mirada divertida. Ella lleva una camisa de cuadros azules y parece estar en un entorno decorado con colores vivos, donde se pueden ver varios trofeos y coronas brillantes en una estantería de fondo. En la parte inferior de la imagen, hay un texto que dice ""Famosa en Internet"" en color rosa, junto con una breve descripción que menciona que la niña tenía cinco años cuando se volvió la protagonista de un meme viral. El diseño general tiene un fondo en color púrpura y un estilo típico de publicaciones en redes sociales.",DS_IMG_2432.jpg,hate speech,hate speech
When te mueres y ves que el cielo y Dios eran reales :v Deja me tomo unas selfies xdd,"La imagen es un meme que combina texto y una escena visual. En la parte superior, se encuentra el texto que dice ""When te mueres y ves que el cielo y Dios eran reales :v"". En el fondo, se observa un entorno celestial con nubes, algunas aves y una puerta que parece conducir al cielo. A la izquierda, hay una figura que representa a una deidad, con una vestimenta blanca y una expresión serena. En primer plano, un hombre sonriente con un abrigo oscuro y una gorra verde está posando para tomar una selfie con un teléfono móvil. Justo debajo de él, hay otro texto que dice ""Deja me tomo unas selfies xdd"". En la esquina inferior izquierda hay un logo que dice ""Hecho en Región Elite"".",DS_IMG_1117.jpg,inappropriate content,hate speech
"Amor, hacemos un video Hot? Con lo poco que duras mejor hacemos un Tik Tok.","La imagen es un meme que consiste en dos paneles organizados verticalmente. En el primer panel, un personaje masculino está recostado sobre un sofá o una cama, mirando su teléfono móvil con una expresión de propuesta. En el segundo panel, se muestra a una personaje femenina con el cabello largo, sosteniendo su propio teléfono y mirando hacia abajo. Su expresión sugiere sarcasmo o desdén. El texto del primer panel dice: ""Amor, hacemos un video Hot? 😏"" y el texto del segundo panel dice: ""Con lo poco que duras mejor hacemos un Tik Tok"". Hay un logo en la parte inferior derecha que parece ser una marca de agua. El estilo visual es colorido y caricaturesco, típico de los memes en redes sociales.",DS_IMG_1255.jpg,hate speech,neither
Odio a Blackpink. El odio te hará fea. Oh espera... ya lo eres.,"La imagen es un meme que presenta dos paneles extraídos de una escena de un programa de televisión. En el panel superior, una persona con cabello rubio y lacio, vistiendo una blusa de color púrpura, dice: ""Odio a Blackpink"", con una expresión de desdén. En el panel inferior, la misma persona, ahora con una expresión más burlona, responde: ""El odio te hará fea"", seguida de “Oh espera.. ya lo eres.”. El fondo consiste en una barra de color verde y una cortina azul. En la parte superior, aparece el texto ""BLACKPINK MEMES"" en letras grandes, junto con un símbolo que recuerda el yin-yang.",DS_IMG_2607.jpg,hate speech,neither
"Cuando antes goleabas a tu cliente en el FIFA 7-0 y ahora lo goleas 7-1 porque ""se puso a entrenar""... Se ve que has entrenado bastante, pero sigues siendo un simple mortal.","La imagen es un meme que presenta un texto superior en español que dice: ""Cuando antes goleabas a tu cliente en el FIFA 7-0 y ahora lo goleas 7-1 porque 'se puso a entrenar'..."". Abajo del texto, hay una escena de un personaje de un anime (probablemente de Dragon Ball), que tiene una expresión facial de satisfacción o desdén. El personaje tiene el cabello oscuro y puntiagudo y lleva un par de pendientes en las orejas. El texto inferior dice: ""Se ve que haz entrenado bastante, pero sigues siendo un simple mortal"". El meme tiene un fondo oscuro, que hace que el personaje y el texto destaquen.",DS_IMG_2287.jpg,hate speech,hate speech
"*JUEGA MÉXICO VS POLONIA*  
MI PAPÁ EN CORTO:  
No hay problema, siempre ganamos el primer partido del mundial","La imagen es un meme que presenta un personaje animado con una apariencia seria y una gran ceja, característico por su bigote prominente. Este personaje tiene los brazos cruzados y está mostrando una expresión de confianza. En la parte superior, hay un texto en letras grandes que dice ""*JUEGA MÉXICO VS POLONIA*"". Debajo, se indica ""MI PAPÁ EN CORTO:"" seguido de una frase en un estilo más pequeño que dice: ""No hay problema, siempre ganamos el primer partido del mundial"". El fondo muestra un entorno con hojas de otoño. En la esquina inferior derecha, hay un logo que dice ""EL DEFORMA"".",DS_IMG_2881.jpg,neither,neither
Los que pagan impuestos. Los que reciben subsidios.,"La imagen muestra a un hombre de pie, que parece estar dando una presentación. Lleva un traje oscuro con una corbata roja y sostiene un micrófono. A su lado, se puede ver una proyección de un mapa en colores, donde una parte está en blanco y la otra en rojo. El texto en el mapa dice ""Los que pagan impuestos"" en la sección blanca y ""Los que reciben subsidios"" en la sección roja. El fondo de la imagen tiene patrones en verde y líneas en azul oscuro. El hombre parece estar señalando con la mano hacia la proyección, como si estuviera explicando algo relacionado con el contenido visual.",DS_IMG_65.jpg,hate speech,neither
Y si en realidad no se cambió la hora y somos viajeros del tiempo.,"La imagen es un meme que presenta la fotografía de un hombre con cabello rizado y despeinado, mostrando una expresión de sorpresa y confusión. Está enmarcado por un texto en la parte superior y en la parte inferior. En la parte superior se lee: ""Y SI EN REALIDAD NO SE CAMBIO LA HORA"", y en la parte inferior: ""Y SOMOS VIAJEROS DEL TIEMPO"". El fondo parece ser un entorno exterior con colores suaves. El estilo del meme implica un tono humorístico y especulativo sobre la percepción del tiempo.",DS_IMG_2564.jpg,inappropriate content,neither
Cuando mi novia me quiere agarrar la masacuata pero yo quiero esperar a que nos casemos.,"La imagen es un meme que presenta un personaje de un dibujo animado, específicamente un pulpo, que está levantando el pulgar en señal de aprobación. El pulgar tiene un tono verde. En el fondo, se puede ver un objeto marrón que se asemeja a una canasta o un recipiente. El texto en la parte superior de la imagen dice: ""Cuando mi novia me quiere agarrar la masacuata pero yo quiero esperar a que nos casemos."" El estilo del meme refleja un humor ligero y situaciones cotidianas en relaciones.",DS_IMG_567.jpg,neither,neither
Así que eres hombre. Dime que se siente ser una rata de dos patas.,"La imagen es un meme que presenta una mujer con cabello rubio y un gesto de desdén, apoyando su cabeza sobre una mano. Ella tiene una expresión facial que combina desconfianza y desafío. El fondo es oscuro, lo que resalta su figura. En la parte superior se encuentra el texto en letras grandes y blancas que dice: ""ASI QUE ERES HOMBRE"". En la parte inferior, hay otro texto en letras grandes que dice: ""DIME QUE SE SIENTE SER UNA RATA DE DOS PATAS?"". El estilo del meme es típico de los que se utilizan para expresar sarcasmo o crítica.",DS_IMG_606.jpg,hate speech,neither
Yo al escuchar la segunda alerta sísmica,"La imagen es un meme que presenta un personaje de un programa animado. En la escena, el personaje tiene una expresión de apresuramiento y ansiedad, con un cuerpo en movimiento que sugiere que está saliendo por una ventana. La imagen está desenfocada, lo que acentúa la sensación de velocidad o urgencia. En la parte superior de la imagen, hay un texto que dice ""YO AL ESCUCHAR LA SEGUNDA ALERTA SÍSMICA"", mientras que en la esquina inferior derecha se encuentra el logotipo de ""EL DEFORMA"".",DS_IMG_2803.jpg,hate speech,neither
Memes ofensivos: YO: No pelear con nadie en Internet,"La imagen es un meme conocido que muestra una escena de una calle con tres personajes. En el primer plano, hay una mujer sonriente vestida con una blusa roja, aparentemente ignorando a los otros dos. A la derecha, un hombre con una expresión de sorpresa o distracción se está volviendo hacia la mujer, mientras que una tercera mujer, que lo acompaña, mira al hombre con una expresión de descontento. En el centro de la imagen, hay bloques de texto que dicen ""Memes ofensivos"" en el lado izquierdo, ""YO"" en el medio, y ""No pelear con nadie en Internet"" en el lado derecho. El meme presenta un contraste entre la aparente felicidad de la mujer y la distracción y preocupación del hombre.",DS_IMG_30.jpg,hate speech,neither
"""Visto hace dos horas"" Activo hace 3 minutos:","La imagen es un meme que consiste en una escena de una película animada. En la parte superior de la imagen, hay un texto que dice: ""Visto hace dos horas"" y debajo, ""Activo hace 3 minutos:"". La imagen muestra a un zorro antropomórfico con un pelaje de color rojizo, que tiene una expresión de desdén o desconfianza. Sus ojos son verdes y están parcialmente entrecerrados, y tiene las cejas fruncidas, lo que acentúa su expresión de escepticismo. El fondo incluye un entorno urbano con vehículos en segundo plano.",DS_IMG_1594.jpg,inappropriate content,neither
*Se cae el WhatsApp unos minutos* TÓXICAS BE LIKE: ¡¡MALDITO BASTARDO ANDAS CON OTRA QUE NO ME ESCRIBES!!! ahh se cayó el WhatsApp jjjiji te quiero mi amor,"La imagen es un meme que presenta dos paneles. En el primer panel, hay un perro chihuahua con una expresión facial que refleja enojo o frustración, con el texto en la parte superior que dice ""*Se cae el WhatsApp unos minutos*"" y, en la parte inferior, también contiene el texto que dice ""¡¡¡MALDITO BASTARDO ANDAS CON OTRA QUE NO ME ESCRIBES!!!"". En el segundo panel, el mismo perro muestra una expresión más amigable o relajada, con el texto que dice ""ahh se cayó el WhatsApp jjjji te quiero mi amor"". Ambos paneles contrastan claramente en las emociones reflejadas por el perro, reflejando la idea de reacciones extremas en situaciones de celos o inseguridad.",DS_IMG_2267.jpg,hate speech,hate speech
"- Amors, ¿estás enojada?  
- No.  
- ¿Segura, princesa?  
- Sí.  
- A ver una sonrisita.  ","La imagen es un meme que presenta un diálogo entre personas, representado en texto, en la parte superior. El diálogo sugiere una conversación en la que una persona pregunta si la otra está enojada, seguida de una afirmación y el deseo de ver una sonrisa. La imagen incluye una fotografía de un perro, de raza pequeña, que parece tener una expresión curiosa o divertida. El perro tiene el pelo claro, con orejas erectas y una cabeza inclinada, y se encuentra en un entorno doméstico, con un fondo desenfocado que incluye un sofá. El formato del meme utiliza fuentes de colores diferentes para resaltar los diálogos.",DS_IMG_821.jpg,hate speech,neither
"Manaa el tipo me invitó a comer pan, yo te dije que él tiene su dinero.","La imagen es un meme que presenta un cuadro de un personaje animado con una expresión confiada y ligeramente burlona. Este personaje es de una serie de televisión conocida. El fondo es simple y presenta un entorno de habitación. En la parte superior, hay un texto en español que dice: ""Manaa el tipo me invitó a comer pan, yo te dije que él tiene su dinero."" El texto está escrito en un estilo informal y coloquial, añadiendo un tono humorístico a la imagen. La postura del personaje, junto con su mirada, refuerza la idea de que está compartiendo información de manera casual y divertida.",DS_IMG_2407.jpg,hate speech,neither
"Fandom: Charlie x Alastor  
Que he hecho yo para ganarme este desprecio?!","La imagen es un meme que muestra a una persona sentada frente a una cámara en un entorno interior, posiblemente su habitación. El fondo está decorado con varios carteles y objetos que sugieren un ambiente juvenil y dinámico. La persona tiene una expresión de sorpresa o indignación mientras gesticula con las manos. En la parte superior de la imagen, se encuentra el texto ""Fandom: Charlie x Alastor"" en letras grandes y destacadas. En la parte inferior, hay otra línea de texto que dice ""¿Qué he hecho yo para ganarme este desprecio?!"" en un tamaño de fuente más grande, enfatizando el sentido de frustración. Además, hay un símbolo de un personaje animado que podría estar relacionado con la temática del meme.",DS_IMG_1723.jpg,neither,neither
Según Alberto Fernández: MÉXICO - BRASIL - ARGENTINA,"La imagen es un meme que se presenta en un formato de cuadrícula con tres filas y tres columnas. La parte superior tiene el texto ""SEGÚN ALBERTO FERNÁNDEZ:"" en un color claro sobre un fondo oscuro. Cada columna incluye un elemento visual correspondiente a un país:

1. **Columna 1 (México)**: Muestra la bandera de México seguida de una escena de dos personajes indígenas representados con indumentaria tradicional y plumas.
  
2. **Columna 2 (Brasil)**: Muestra la bandera de Brasil, seguida de una escena con varios monos observando en un entorno natural, haciendo un énfasis en la fauna del país.

3. **Columna 3 (Argentina)**: Muestra la bandera de Argentina, seguida de una escena de dos personajes de ""Los Simpson"": uno con cabello largo y una construcción muscular, interactuando con otro personaje femenino con cabello azul, conocido en la serie.

Cada sección está organizada de manera visualmente clara, utilizando imágenes de la serie de televisión y banderas nacionales para transmitir un mensaje humorístico.",DS_IMG_22.jpg,hate speech,neither
Decían los Chairos que después de Cienfuegos seguíamos nosotros.,"La imagen es un meme compuesto por cuatro fotografías dispuestas en un formato de cuadrante. En la parte superior izquierda, hay una imagen de un hombre sonriendo, que parece ser un político. A la derecha, hay otra imagen de un político riendo con expresión abierta, con un fondo claro. En la parte inferior izquierda, se muestra a un tercer hombre con una expresión más seria, mientras que en la parte inferior derecha, hay un hombre con una mirada intensa y ceño fruncido. El texto superpuesto en la imagen dice: ""Decían los Chairos que después de Cienfuegos seguíamos nosotros"", colocado en el medio inferior, con un estilo de letra que resalta.",DS_IMG_2788.jpg,hate speech,neither
"Cuando me enojo por quinta vez en el día. Perdóname Dios, con estos prójimos me cuesta.","La imagen es un meme que muestra un perro de apariencia confundida o preocupada. Está sentado en un sofá con un fondo claro. En la parte superior de la imagen, hay texto que dice: ""Cuando me enojo por quinta vez en el día."" En la parte inferior, hay otro texto que dice: ""Perdóname Dios, con estos prójimos me cuesta."" El estilo de la imagen es humorístico, y el perro parece expresar una mezcla de frustración y resignación.",DS_IMG_1709.jpg,hate speech,neither
"Oyee, qué perfume usas, porque la mera neta hueles al amor de mi vida","La imagen representa a un gato de pelaje claro, con ojos grandes y expresivos que reflejan ternura. Sus ojos tienen un brillo que sugiere simpatía, con destellos de forma de corazón. El rostro del gato es cercano y se enfoca en su nariz rosada y suave. En la parte inferior de la imagen, se encuentra un texto en color negro que dice: ""Oyee, qué perfume usas, porque la mera neta hueles al amor de mi vida"". El fondo de la imagen es difuso y de tonos suaves, lo que complementa la apariencia dulce del gato.",DS_IMG_1199.jpg,neither,neither
"No es por ser grosera pero NUNCA gritaban eso, nomás el boleto está accesible y viene cualquier tipo de gente 🤔","La imagen es un meme que se divide en dos partes. En la parte superior, hay un tuit de usuario que expresa una opinión sobre la afluencia de público a un evento, indicando que el boleto está accesible y que asiste ""cualquier tipo de gente"". Este tuit está acompañado de un emoji que muestra preocupación. En la parte inferior, hay una imagen de un personaje, representado en un estilo gráfico con una cara de mujer superpuesta sobre una figura que parece estar rehuyendo o rechazando algo, con un gesto de mano. Junto a esto, hay una fotografía de una mujer con cabello rizado y usando gafas de sol, que sostiene una botella de cerveza, mientras parece disfrutar de un evento o fiesta al aire libre. Su camiseta tiene un diseño de rayas y se puede ver a otras personas al fondo.",DS_IMG_179.jpg,hate speech,neither
"No sé quién le dio un silbato a mi hijo, pero te encontraré y te mataré.","La imagen es un meme que presenta un cuadro de un hombre hablando por teléfono con una expresión seria y preocupada. El fondo es oscuro, lo que crea un contraste con su rostro iluminado. En la parte superior de la imagen se encuentra el texto en letras grandes y en mayúsculas que dice: ""NO SE QUIEN LE DIO UN SILBATO A MI HIJO"". En la parte inferior, el texto continúa con: ""PERO TE ENCONTRARÉ Y TE MATARÉ"". La representación facial del hombre muestra tensión, sugiriendo una sensación de urgencia y determinación.",DS_IMG_2203.jpg,inappropriate content,neither
"Eva, ¿por qué te comiste la manzana? ¡Por pndj... No sabía que Adán tenía semejante banana!","La imagen es un meme en forma de caricatura que presenta a dos personajes en un entorno celestial, rodeados de nubes. A la izquierda, hay un personaje con barba blanca, ojos grandes y lentes, vestido con una túnica blanca y un halo, que está utilizando un ordenador portátil sobre un escritorio. A la derecha, está un personaje femenino con cabello castaño claro, con una expresión de sorpresa y preocupación, que lleva puesta una camiseta de manga corta y tiene una diadema en la cabeza. El texto del diálogo muestra a Dios preguntando a Eva por qué se comió la manzana, a lo que Eva responde de forma sorprendente que no sabía que Adán tenía un ""plátano"" semejante. El estilo de dibujo es humorístico y caricaturesco, con colores pastel predominantes y un diseño generalmente ligero y divertido. En la parte inferior izquierda, hay un logotipo que dice ""CHISTE PICANTE"".",DS_IMG_3282.jpg,neither,neither
"De amiga, De novia, De esposa, En el juzgado de lo familiar.","La imagen es un meme que se compone de cuatro paneles dispuestos verticalmente, acompañados de texto en español. En la parte superior, el primer panel muestra la imagen de un personaje de payaso amistoso con un aspecto amigable y una gran sonrisa, etiquetado como ""De Amiga"". El segundo panel presenta a otro payaso, con una sonrisa más exagerada y un maquillaje más colorido, etiquetado como ""De Novia"". El tercer panel presenta al payaso Pennywise, del universo de Stephen King, con una expresión siniestra y agresiva, etiquetado como ""De esposa"". El panel final presenta a una versión aterradora de un payaso que parece estar furioso, con dientes expuestos, bajo el texto ""En el Juzgado de lo familiar"". El meme juega con la idea de cómo las percepciones de un personaje pueden cambiar según el contexto de la relación.",DS_IMG_3183.jpg,inappropriate content,neither
"La selfie que subió Ebrard en el funeral de la reina/ Lo que todos entendimos. En el Funeral de Estado de S.M. la Reina Isabel II. Querida madre, abuela, líder reptiliana, rival de Chabelo y protagonista de muchos memes.","La imagen está dividida en dos paneles. El panel izquierdo es una selfie tomada por Marcelo Ebrard en un evento formal, que se describe en un tuit. En la selfie, Ebrard aparece junto a una mujer que lleva un vestido negro y un velo. Ambos tienen expresiones serias y se encuentran en un entorno que sugiere solemnidad debido a la ocasión. 

El panel derecho muestra a un hombre sonriendo y haciendo un gesto de paz frente a una tumba gravada con el nombre ""LA KUIN"" y el año ""0085-2022"". En la lápida hay un texto que menciona características humorísticas de la persona difunta. La imagen tiene un estilo de meme, usando texto en la parte superior e inferior para añadir contexto y hacer una observación humorística. El logo de ""El Deforma"" se encuentra en la parte inferior derecha del panel derecho.",DS_IMG_2791.jpg,hate speech,hate speech
"¿Hola? ""Compañeras, nosotras no ponemos en duda el testimonio de la víctima, pero él no es un abusador"" Adiós.","La imagen es un meme que se divide en dos paneles. En el panel superior, la personaje de una serie animada con cabello rubio y dos coletas sonríe mientras sostiene un teléfono rojo. En el fondo, hay una mesa simple y el texto dice: ""¿Hola?"". En el panel inferior, la misma personaje mantiene la sonrisa, sosteniendo el teléfono, y el texto dice: ""Adiós."". El fondo permanece igual en ambos paneles. El formato del meme parece tener un tono humorístico y una crítica implícita sobre un tema serio.",DS_IMG_319.jpg,hate speech,neither
"Tus mensajitos siempre mejoran mi ánimo. No confundas el coqueteo con amabilidad. Oíste, cosita rica.","La imagen es un meme dividido en dos paneles. 

En el panel izquierdo, se muestra un gato con pelaje claro y orejas puntiagudas, guiñando un ojo y con una expresión juguetona. Sobre su cabeza hay un ícono de corazón en un cuadro de texto pixelado. El texto en la parte inferior dice: ""Tus mensajitos siempre mejoran mi ánimo.""

En el panel derecho, hay un gato de pelaje más claro con ojos muy grandes y una expresión sonriente. Su rostro está adornado con sombras que simulan mejillas sonrojadas. El texto dice: ""No confundas el coqueteo con amabilidad. oíste, cosita rica."" Ambos paneles tienen un diseño colorido y un estilo humorístico.",DS_IMG_2021.jpg,hate speech,neither
El uno de julio,"La imagen presenta un meme ilustrado en un estilo gráfico caricaturesco. En el lado izquierdo, se observa la figura de un hombre con una expresión amigable, sonriendo y señalando hacia la cámara. Lleva un suéter azul y una camisa blanca. A su lado, se encuentra un automóvil rojo con detalles simples, parqueado. El fondo es de un color azul claro. A la derecha del hombre y el coche, hay texto en color negro que dice ""EL UNO DE JULIO"".",DS_IMG_2024.jpg,hate speech,neither
Cuando tu parte favorita de la vida es dormir porque así no tienes que lidiar con la gente.,"La imagen es un meme que muestra a un hombre acostado en una cama, con una expresión de felicidad mientras duerme. Lleva una camiseta blanca y tiene el cabello oscuro. El fondo es azul, y está recostado sobre una almohada. En la parte superior de la imagen hay un texto en letras grandes que dice: ""CUANDO TU PARTE FAVORITA DE LA VIDA ES DORMIR"". En la parte inferior, otro texto dice: ""PORQUE ASÍ NO TIENES QUE LIDIAR CON LA GENTE"". El estilo del meme es clásico, con un uso predominante de texto en blanco sobre un fondo oscuro para resaltar el mensaje.",DS_IMG_2692.jpg,hate speech,neither
Ocupo 5 weyes bien locos para ir a expropiar TV Azteca,"La imagen es un meme que presenta un fondo de color claro, en el cual se puede observar una bandera con el símbolo de la hoz y el martillo, típico del comunismo. En el primer plano, hay un raccoon (mapache) con una expresión divertida. El texto en la parte superior de la imagen dice: ""Ocupo 5 weyes bien locos para ir a expropiar TV Azteca"", en un formato de fuente grande y blanca sobre un fondo oscuro, lo que resalta el mensaje. El estilo del meme usa humor y sarcasmo, combinando elementos visuales con un comentario social.",DS_IMG_2811.jpg,inappropriate content,neither
When le enseñas a tu tío a comprar niños en la Dip Web :v TE HE ENSEÑADO BIEN XDxd Pero te compra a ti y a tus hermanos a la v :v CREO QUE DEMASIADO BIEN .:v,"La imagen es un meme que se compone de tres paneles, utilizando personajes de una serie animada. En el primer panel, un personaje con piel oscura y expresión sonriente se encuentra junto a otro personaje amarillo, que es conocido por su rosto redondeado y sonrisa. El texto en la parte superior dice ""When le enseñas a tu tio a comprar niños en la Dip Web :v"" y, en el siguiente cuadro, el personaje amarillo muestra satisfacción mientras el otro dice ""TE HE ENSEÑADO BIEN XDX"".

El tercer panel presenta al mismo personaje con piel oscura, ahora con lágrimas en los ojos, y un texto que dice ""CREO QUE DEMASIADO BIEN :v"". En la esquina inferior izquierda, hay un logotipo que dice ""MOMOS CORP"". La imagen utiliza un estilo de meme típico, con texto superpuesto y humor irónico.",DS_IMG_1864.jpg,inappropriate content,hate speech
Quiero sostener tu mano para siempre 🥰,"La imagen es un meme que muestra el torso de una persona con cabello largo y rojo desde un ángulo posterior. Se puede ver una mano que sostiene el brazo de esa persona, y en su espalda hay un tatuaje con texto visible, que se puede interpretar en español. En la parte superior de la imagen, hay un texto que dice: ""Quiero sostener tu mano para siempre"", acompañado de un emoji que expresa ternura. El fondo es bastante neutro y poco detallado, lo que sugiere que la atención se centra en la interacción entre las manos y el mensaje emotivo.",DS_IMG_1355.jpg,neither,neither
Mi abuelo me decía: Vivimos en una sociedad donde decirle sus verdades a alguien es ofensivo. Ejemplo: Decirle Joto a un Joto es ofensivo.,"La imagen presenta un meme que incluye un texto a la izquierda y una ilustración a la derecha. El texto comienza con ""MI ABUELO ME DECÍA:"" y continua describiendo una opinión sobre la sociedad actual. Se menciona que decirle verdades a alguien se considera ofensivo, usando el ejemplo de ""Decirle Joto a un Joto"". 

A la derecha, hay una caricatura de un hombre mayor con cabello canoso y una expresión que parece reflexiva o seria. Lleva una camisa de cuadros y un chaleco, y tiene una postura con un dedo levantado, como si estuviera haciendo un punto importante. La imagen tiene un fondo claro y una estética de dibujo animado. En la esquina superior derecha hay un pequeño logo con un diseño relacionado con Disney.",DS_IMG_2022.jpg,hate speech,neither
"Si creciste viendo estas caricaturas, tuviste una buena infancia ❤️","La imagen es un meme que presenta seis paneles de diferentes caricaturas clásicas. En la parte superior izquierda se encuentra el Pájaro Loco, sentado y sosteniendo un palo con una mirada tranquila. A la derecha, un personaje de los Looney Tunes, probablemente Wile E. Coyote, muestra una expresión de sorpresa y emoción. En la segunda fila, a la izquierda, aparece Pedro Picapiedra disfrutando de un momento en su hogar, mientras que, en el panel de la derecha, se muestra a Scooby-Doo con una expresión alegre. En la tercera fila, el panel izquierdo presenta a varios personajes de los Looney Tunes, como Bugs Bunny y Porky, posando alegremente. Finalmente, a la derecha de este panel, se ve a Tom y Jerry interactuando de manera amistosa. Al principio de la imagen, se incluye un texto que dice: ""Si creciste viendo estas caricaturas, tuviste una buena infancia ❤️"".",DS_IMG_406.jpg,hate speech,neither
Comparte este Erasmo Qatarino de la suerte para que la selección llegue al quinto partido.,"La imagen presenta un meme que muestra a un hombre con una amplia sonrisa, vistiendo una vestimenta tradicional árabe, con una keffiyeh roja y blanca sobre la cabeza. Detrás de él, se puede ver un entorno festivo, con luces y personas difusas en el fondo. En la parte superior de la imagen, hay un texto en letras grandes que dice: ""COMPARTA ESTE ERASMO QATARINO DE LA SUERTE PARA QUE LA SELECCIÓN LLEGUE AL QUINTO PARTIDO"". En la esquina inferior izquierda, se encuentra el logo de ""EL DEFORMA"".",DS_IMG_2787.jpg,neither,neither
"Oye! Solo es humor de internet. No deberías ofenderte, no te afecta en nada. maldita página por tu culpa hay mucho racismo.","La imagen presenta un diseño de memes que combina texto y una escala de colores de piel. A la izquierda, se pueden observar varios tonos de piel en una serie de franjas verticales. A la derecha, el texto está dividido en dos partes. La primera parte dice: ""Oye! Solo es humor de internet No deberías ofenderte, No te afecta en nada"", y la segunda parte dice: ""maldita página por tu culpa hay mucho racismo"", todo escrito en letras grandes y en negrita. El texto está en color negro sobre un fondo claro, mientras que las franjas de colores son tonos marrones y beige.",DS_IMG_3.jpg,inappropriate content,neither
"Luego no me estén chingando con sus visus porque te los llevaste, señor.","La imagen es un meme dividido en dos partes. En la parte superior, se muestra una fotografía de una motocicleta en la que viajan cuatro personas: un hombre con casco, dos mujeres, y un niño, todos en una carretera. La escena parece ser un tránsito cotidiano. En la parte inferior, hay una representación gráfica de una figura religiosa, que se asemeja a Jesucristo, con una expresión seria y las manos levantadas, como si estuviera haciendo un gesto de paz. El texto superpuesto en la parte inferior dice: ""luego no me estén chingando con su visus por que te los llevaste señor"".",DS_IMG_1726.jpg,hate speech,hate speech
EIZA GONZÁLEZ O BELINDA HACEN ALGO EL DEFORMA: NUESTRO PÚBLICO REDACTOR 1 REDACTOR 2 DISEÑADOR 1 LOS DE VIDEO EL JUAN,"La imagen es un meme que presenta una escena conocida de varios Pokémon en la que Pikachu se encuentra en el centro. Cada Pokémon está etiquetado con un texto que hace referencia a diferentes grupos o personas, tales como ""NUestro público"" y ""REDATOR 1"". La escena está dividida en secciones que rodean a Pikachu, creando una composición en forma de estrella. El fondo es colorido y el diseño resalta la interacción entre los personajes y las etiquetas.",DS_IMG_2780.jpg,inappropriate content,hate speech
Yo de chiquita cuando me decían que me iban a nalgear. Yo ahora cuando me dicen que me van a nalgear.,"La imagen es un meme que consiste en dos paneles. En el panel de la izquierda, se presenta a una joven con el cabello mojado y una expresión de angustia, con lágrimas en los ojos. El texto encima indica: ""Yo de chiquita cuando me decían que me iban a nalguear"". En el panel de la derecha, la misma joven tiene una expresión más relajada y sonriente, con la mano en la boca, y el texto dice: ""Yo ahora cuando me dicen que me van a nalguear"". Hay una imagen de un sable de luz en la parte inferior central de la imagen, y el fondo parece ser de una escena de una película de ciencia ficción.",DS_IMG_1576.jpg,hate speech,neither
"Miguel Hidalgo, viendo como tienes 30 y no te independizas.","La imagen es un meme que presenta un retrato de Miguel Hidalgo, un personaje histórico mexicano. En el retrato, Hidalgo tiene una expresión seria y contemplativa, con un ligero ceño fruncido. Su cabello es canoso y lleva una camisa blanca con un abrigo oscuro. El texto en la parte superior dice: ""Miguel Hidalgo, viendo como tienes 30 y no te independizas"", lo que sugiere un tono humorístico al referirse al concepto de independencia en un contexto contemporáneo. La imagen utiliza un fondo oscuro que resalta el retrato.",DS_IMG_950.jpg,hate speech,neither
Me pidió tiempo y distancia. Creo que quiere calcular la velocidad.,"La imagen es un meme que presenta un fondo de color suave, que va desde un verde claro hasta un verde más oscuro. En la parte superior se encuentra el texto en letras grandes y en mayúsculas que dice ""ME PIDIO TIEMPO Y DISTANCIA"". Debajo, hay un rostro de un personaje que tiene una expresión facial de curiosidad o sorpresa, con una ligera sonrisa y cejas levantadas. En la parte inferior del meme se puede leer el texto ""CREO QUE QUIERE CALCULAR LA VELOCIDAD"" en letras grandes y en negrita. El diseño es característico de los memes humorísticos que juegan con conceptos científicos o matemáticos.",DS_IMG_2305.jpg,hate speech,neither
X persona: En moderación hay mejores memes. Los memes en moderación: Banda. Le hicieron un mod de Fnf a mi juego favorito.,"La imagen es un meme compuesto por dos partes. En la parte superior, hay un texto que dice ""X persona: En moderación hay mejores memes"" seguido de ""Los memes en moderación:"". En la parte inferior, se muestra un rostro que expresa tristeza o decepción, conocido como ""Forever Alone"". El fondo es de color azul con un diseño de rombos en diferentes tonos. En el centro de la imagen, está el texto ""Banda"" y debajo de este, ""Le hicieron un mod de Fnf a mi juego favorito"".",DS_IMG_1382.jpg,hate speech,hate speech
yo cuando veo que una pareja quita sus fotos juntos de todos lados: Oye pero por qué pasó eso o qué,"La imagen es un meme que presenta un fondo acuático con un pez que tiene un rostro extremadamente expresivo. El pez se observa de cerca, con una expresión que transmite sorpresa o curiosidad, con los ojos grandes y la boca ligeramente abierta. En la parte superior de la imagen, se encuentra un texto que dice: ""yo cuando veo que una pareja quita sus fotos juntos de todos lados:"", haciendo alusión a una reacción de asombro ante una situación de ruptura. En la parte inferior de la imagen, hay otro texto que dice: ""Oye pero por k pasó eso o k"", que refuerza la sorpresa y la curiosidad. El meme utiliza un estilo humorístico y informal típico de las redes sociales.",DS_IMG_1489.jpg,inappropriate content,neither
"Cuando ya te lo quieres coger, pero él sigue hablando de sus sentimientos. SR Tóxica Perversa","La imagen es un meme que presenta un texto en la parte superior que dice: ""Cuando ya te lo quieres c🐑ger pero él sigue hablando de sus sentimientos."" En la parte inferior, se observa una ilustración de un personaje con una expresión de frustración, específicamente con un puño cerrado y en primer plano. El fondo muestra una parte de su uniforme escolar, que consiste en una camiseta con una chaqueta verde y una falda. Además, hay texto superpuesto que dice ""SR Tóxica Perversa"" en letras grandes y de color rosa. El meme parece reflejar una situación cómica o de frustración relacionada con las expectativas en una conversación sobre sentimientos.",DS_IMG_804.jpg,neither,neither
"Conoce el mar, No conozco el mar","La imagen es un meme que presenta cuatro paneles verticales de tonalidades de piel que varían desde un color muy claro en el extremo izquierdo hasta un color muy oscuro en el extremo derecho. En el segundo panel (color claro), hay un texto que dice ""Conoce el mar"" en letras negras. En el tercer panel (color un poco más oscuro), nuevamente aparece el texto ""el mar"" de la misma manera. En el cuarto panel (color marrón), hay un texto que dice ""No conozco el mar"", también en letras negras. La imagen carece de otros elementos visuales distintivos, centrándose principalmente en el contraste entre los colores y el texto que transmite un mensaje específico.",DS_IMG_1943.jpg,neither,neither
"Mientras algunos aficionados del Olympique de Lyon opinan esto sobre las mujeres, el equipo femenino de su propio club ha ganado el triplete por segundo año consecutivo.","La imagen es un meme que se divide en dos paneles. En la parte superior, se observa un grupo de aficionados del Olympique de Lyon sosteniendo pancartas que indican ""STADE"" y ""CUISINE"", representando una crítica hacia la percepción de las mujeres en el deporte. En la parte inferior, se muestra a varias jugadoras del equipo femenino del Olympique de Lyon celebrando en el campo de fútbol, sonriendo y abrazándose, evidenciando su éxito al haber ganado un triplete por segundo año consecutivo. El texto en la imagen resalta la contradicción entre la opinión de algunos aficionados y el logro del equipo femenino.",DS_IMG_329.jpg,neither,neither
"Perdóname Alá... Pero no entiendo por qué puedo decapitar a mis enemigos, casarme con niñas pequeñas, pero no puedo comerme un sándwich de jamón.","La imagen muestra a un hombre con una larga barba y vestimenta tradicional, con las manos levantadas en una posición de súplica o oración. Su expresión facial parece seria y reflexiva. En la parte superior de la imagen hay un texto que dice: ""Perdóname Alá... Pero no entiendo por qué puedo decapitar a mis enemigos, casarme con niñas pequeñas, pero no puedo comerme un sandwich de jamón."" El fondo de la imagen es oscuro, lo que hace que el texto blanco se destaque. También hay una referencia en la parte inferior a una página de Facebook.",DS_IMG_913.jpg,inappropriate content,hate speech
Te apuesto 100$ que puedo pasar por el medio de las torres! Apuesto!,"La imagen es un meme en formato de cómic que muestra a dos personajes con cabezas redondas y expresiones faciales exageradas, sentados al frente de lo que parece ser la cabina de un avión. Los personajes tienen sonrisas amplias y una expresión de desafío. Uno de ellos hace una apuesta de 100 dólares diciendo ""Te apuesto 100$ que puedo pasar por el medio de las torres!"", mientras que el otro responde con entusiasmo ""Apostado!"". En la ventana de la cabina se pueden ver dos torres, que aluden a un contexto relacionado con un evento histórico significativo. La imagen tiene un estilo caricaturesco y utiliza un lenguaje coloquial.",DS_IMG_992.jpg,hate speech,neither
"Las relaciones son dos personas preguntándose todo el tiempo ""¿Qué comemos?""","La imagen es un meme que presenta un texto en la parte superior que dice: ""Las relaciones son dos personas preguntándose todo el tiempo '¿Qué comemos?'"". Debajo del texto, hay una representación de una pintura clásica que muestra a una pareja en un entorno natural. El hombre, vestido con ropa de época, se inclina hacia la mujer, quien lleva un vestido largo y elegante. Ambos tienen expresiones suaves y están en una pose que sugiere complicidad. La mujer tiene en su mano un objeto que podría ser un fruto, mientras que el hombre sostiene un bastón. El fondo muestra árboles y un paisaje despejado.",DS_IMG_1520.jpg,inappropriate content,neither
"-mi amor ¿Qué hiciste de cenar? - ""Estoy hasta la madre de que me hagan preguntas pendejas machistas""","La imagen es un meme que presenta dos partes. En la parte superior, hay un texto en un estilo de diálogo que dice: ""¿mi amor ¿Qué hiciste de cenar?"". En la parte inferior, hay una imagen de una mujer en un evento, sosteniendo un micrófono y con una expresión determinada. Ella lleva un atuendo formal, específicamente un blazer gris y una blusa verde. Debajo de la imagen, se encuentra un texto que dice: ""Estoy hasta la m@dr3 de que me hagan preguntas p3nd*j@s machistas"". El fondo de la imagen muestra un diseño en colores vibrantes, con figuras de colores que parecen ser parte de un evento o conferencia.",DS_IMG_290.jpg,neither,neither
"-Pídeme lo que quieras, sin límites ni tabúes. -Baja a por churros.","La imagen es un meme que presenta un diálogo entre dos personas. En la parte superior se observa un texto que dice: ""Pídeme lo que quieras, sin límites ni tabúes."" Debajo de este texto, hay otra línea que responde: ""Baja a por churros."" La escena principal muestra a una pareja en una cama. La mujer tiene el cabello rubio y suelto, con una expresión sonriente mientras mira al hombre. Él está recostado y con una expresión relajada. Ambos parecen estar en una postura íntima, lo que sugiere un ambiente cálido y cercano. El fondo es neutro, creando un enfoque en la pareja.",DS_IMG_3081.jpg,hate speech,neither
Yo después de haber comido 8 tacos y una coca-cola k vamos a cenar o k,"La imagen es un meme que presenta un texto en la parte superior que dice ""Yo después de haber comido 8 tacos y una coca-cola"". En la parte inferior de la imagen, hay una frase que dice ""k vamos a cenar o k"", escrita en letras grandes y negritas. La imagen en sí muestra un perro de aspecto gordo sentado en un entorno que parece ser un comedor o una taquería. Hay sillas visibles, una de color rojo y otra de color gris, y el suelo está cubierto de baldosas claras. El perro tiene una expresión relajada y parece estar en una posición cómoda.",DS_IMG_222.jpg,neither,neither
"""A los indígenas de México les fue mejor porque los españoles se cruzaron con ellos..."" DÉJAME ADIVINAR, ¿eso te lo dijo un europeo?","La imagen es un meme que utiliza dos paneles extraídos de una escena de una película. En el primer panel, un personaje, con pelo castaño y traje oscuro, habla a otro, que tiene el cabello más claro y también viste un traje. El texto en la parte superior dice: ""A LOS INDÍGENAS DE MÉXICO LES FUE MEJOR PORQUE LOS ESPAÑOLES SE CRUZARON CON ELLOS..."". 

En el segundo panel, el personaje de cabello más claro tiene una expresión seria mientras responde al otro, que parece sorprendido. El texto en la parte inferior dice: ""DÉJAME ADIVINAR, ¿ESO TE LO DIJO UN EUROPEO?"". La imagen presenta un estilo de diálogo característico, donde se cuestiona una afirmación anterior, y el formato se asemeja a un intercambio de opiniones en tono crítico.",DS_IMG_842.jpg,hate speech,neither
"Hola ¿Hola? ¿Por qué se llama Feminismo? - si busca la igualdad debería llamarse igualitarismo, porque... Adiós.","La imagen es un meme que consiste en dos paneles. En el primer panel, se observa a una niña rubia con dos coletas y grandes ojos, sosteniendo un teléfono con una expresión amigable. Ella dice: ""Hola?"" En el segundo panel, la misma niña tiene una expresión de desinterés, sostiene el teléfono de manera más relajada y dice: ""Adiós."" Entre ambos paneles, hay un texto que cuestiona por qué se llama feminismo si se busca la igualdad, sugiriendo que debería llamarse igualitarismo.",DS_IMG_747.jpg,hate speech,hate speech
TWICE: ¿Qué es el amor? BTS: El amor es falso BLACKPINK: Entonces mártalo EXO: Con un disparo BIG BANG: *BANG BANG BANG* YO:,"La imagen es un meme que presenta un formato de texto en la parte superior y una foto en la parte inferior. En la parte superior se enumeran varios grupos de K-pop, cada uno contribuyendo con una respuesta humorística a la pregunta ""¿Qué es el amor?"". TWICE pregunta, BTS dice que ""El amor es falso"", BLACKPINK sugiere ""Entonces mátalo"", EXO menciona ""Con un disparo"", y BIG BANG responde con un sonido que imita un disparo: ""*BANG BANG BANG*"". Abajo, hay una imagen de una persona con cabello largo y rubio que luce confundida o pensativa, rodeada de signos de interrogación azules (""???""). El fondo muestra un entorno de interiores, posiblemente una habitación o un pasillo.",DS_IMG_2182.jpg,hate speech,hate speech
¿Lo va a querer con chile del que pique o que no pique? Shakira:,"La imagen es un meme que muestra a un personaje animado de aspecto parecido a un ratón, con un gran cabello rizado y dorado. El personaje tiene expresiones faciales de alegría y está llorando, pero de manera cómica. Lleva una falda brillante y dorada. En el fondo, se distingue parte de un objeto rojo. En la parte superior del meme, hay un texto que pregunta si se va a querer algo con chile que pica o que no pica, seguido de la palabra ""Shakira"" en la parte inferior.",DS_IMG_1409.jpg,hate speech,neither
Nunca espero nada de ustedes y aún así logran decepcionarme.,"La imagen es un meme compuesto por varias secciones. En la parte superior izquierda, se observa a un hombre sonriendo y sosteniendo a otro hombre con una cabeza superpuesta, que parece ser un jugador de fútbol, en un ambiente iluminado. A la derecha, hay un logotipo del Real Madrid junto a un logotipo del FC Barcelona, con un fondo que presenta a un hombre musculoso que sostiene un palo y está encadenado. En la parte inferior izquierda, se muestran dos ilustraciones de rostros con texto debajo: ""Estoy feliz"" con un dibujo de un hombre con barba y ""Estabas"" con un logotipo del Real Madrid. En la parte inferior derecha, hay un niño sentado que dice: ""Nunca espero nada de ustedes y aún así logran decepcionarme"". La imagen juega con elementos gráficos relacionados con el fútbol y presenta un tono humorístico.",DS_IMG_2201.jpg,inappropriate content,neither
"Cuando te vea te daré tan duro que te acordarás de tus vidas pasadas, te haré el salto del toro, la clavada del mono, el chichiculote invertido... Estoy lista ¡¡Dale!! Ya acabé.","La imagen es un meme animado que se presenta en un estilo cómico y caricaturesco. En la parte superior, hay un texto que dice: ""Cuando te vea te daré tan duro que te acordarás de tus vidas pasadas, te haré el salto del toro, la clavada del mono, el chichicuolote invertido..."". 

A la izquierda, se observa a un hombre con una expresión cómica, apoyado en una cama, mientras que a su lado hay una mujer que le dice: ""Estoy lista ¡¡Dale!!"", mostrando una expresión entusiasta. A la derecha, la mujer parece estar en un momento de satisfacción, con un globo de texto que dice: ""Ya acabé"", y estrellas brillando alrededor para enfatizar el efecto. En la esquina superior derecha, hay un emoji de una cara riendo y llorando, añadiendo un toque humorístico a la imagen.",DS_IMG_3117.jpg,inappropriate content,hate speech
Los veo muy contentitos... ¿Ya se pesaron?,"La imagen es un meme que presenta una figura femenina con un atuendo oscuro y largo, sosteniendo una taza de té o café en una mano y un platillo en la otra. Su expresión facial es de satisfacción y confianza, con una leve sonrisa. El fondo es de un color gris claro, mostrando una pared de madera. En la parte superior de la imagen se encuentra el texto ""LOS VEO MUY CONTENTITOS..."" en letras blancas sobre un fondo negro. En la parte inferior, otro texto dice ""¿YA SE PESARON?"" también en letras blancas sobre un fondo negro. La disposición del texto y la figura da un aire humorístico al meme.",DS_IMG_2559.jpg,hate speech,neither
No luces como en tu selfie. Me la saqué el jueves.,"La imagen es un cómic que presenta a dos personajes antropomórficos: una piña y una banana. La piña tiene gafas y se encuentra frente a una tablet donde aparece una imagen de una banana sonriente y animada. La piña habla y dice: ""No luces como en tu selfie"". La banana, que está sentada al lado, tiene una expresión de desdén y responde: ""Me la saqué el jueves"". Ambos personajes están sentados en una mesa con dos tazas frente a ellos. El fondo es simple y de un color claro, lo que resalta a los personajes.",DS_IMG_1407.jpg,hate speech,neither
"- Entonces, ¿vas a dejar de tomar por mí? - Que se hunda el barco si miento.","La imagen es un meme que presenta una escena de una película, con dos personajes en primer plano. En la parte superior, hay un texto que dice: “- Entonces, ¿vas a dejar de tomar por mí?” En el panel inferior, el otro personaje responde: “- Que se hunda el barco si miento.” La mujer, vestida con un elegante vestido negro y adornos, tiene una expresión seria mientras sostiene con una mano el puño del hombre, quien responde con una mirada decidida. El fondo muestra una decoración lujosa típica de un evento social, con un objeto de arte en la parte trasera.",DS_IMG_1562.jpg,hate speech,neither
La mariposa de mi estómago viendo como me dejaste en visto.,"La imagen es un meme que presenta un texto en la parte superior que dice: ""La mariposa de mi estómago viendo como me dejaste en visto."" En el centro de la imagen, hay un gato blanco con pelaje esponjoso, que está sentado y mira hacia abajo con una expresión melancólica o triste. A ambos lados del gato, se le han añadido alas de mariposa, que son de un color iridiscente. El fondo muestra una mesa con varios objetos, como un vaso con una bebida color rosa, un plato y un pequeño radio. La iluminación es suave, creando un ambiente acogedor.",DS_IMG_1525.jpg,neither,neither
"Te dejo, voy a planchar, mi hijo está demasiado ocupado deconstruyendo su masculinidad y no puede hacerlo él.","La imagen es un meme que muestra a una mujer de mediana edad hablando por teléfono. Ella lleva una blusa rosa y un delantal, y tiene el cabello oscuro y rizado. Se encuentra de pie en una habitación con una puerta abierta que da a un entorno iluminado. El texto en la parte superior dice: ""TE DEJO, VOY A PLANCHAR, MI HIJO ESTÁ DEMASIADO OCUPADO"", y en la parte inferior: ""DECONSTRUYENDO SU MASCULINIDAD Y NO PUEDE HACERLO ÉL"". El meme utiliza un estilo de humor que trata sobre temas de género y masculinidad.",DS_IMG_348.jpg,neither,neither
*se apaga la luz* El negro del curso: A tocar tetas,"La imagen es un meme que presenta un fondo oscuro en el que se puede ver la silueta de una figura humanoide con rasgos indistinguibles. En la parte superior de la imagen, hay un texto que dice ""*se apaga la luz*"", seguido de ""El negro del curso:"". La parte inferior de la imagen contiene la frase ""A tocar tetas"". La figura tiene ojos brillantes y una sonrisa que parece amenazante, añadiendo un tono humorístico a la situación descrita.",DS_IMG_114.jpg,hate speech,neither
Al menos mi mejor amiga me regalará algo el 14 de febrero. Mi mejor amiga:,"La imagen es un meme que presenta un texto en la parte superior, que dice: ""Al menos mi mejor amiga me regalará algo el 14 de febrero"". Debajo del texto, hay una fotografía de una persona en un programa de televisión, que tiene una expresión facial confundida y sorprendida. Su mirada es de desdén o incredulidad. La persona está usando una blusa sin mangas de color oscuro con un diseño de manchas. Al fondo, se pueden ver otros rostros, pero son difusos. En la esquina inferior derecha, hay una etiqueta de usuario con el texto ""@SRF_OFFICIAL98"". El meme transmite un mensaje humorístico relacionado con las expectativas de regalos en el Día de San Valentín.",DS_IMG_1947.jpg,hate speech,neither
En el simulacro / En el temblor,"La imagen es un meme que consta de dos paneles. En el panel izquierdo, se observa un gato sentado de manera relajada en un borde, con una expresión tranquila. Al fondo, hay árboles y una calle con vehículos y sillas en una terraza. En la parte inferior está el texto ""EN EL SIMULACRO"". En el panel derecho, la imagen muestra al mismo gato, pero en esta ocasión está desenfocado y parece tener una expresión de sorpresa o pánico, como si estuviera en movimiento. En la parte inferior del panel está el texto ""EN EL TEMBLOR"". El contraste entre las dos imágenes sugiere una comparación entre la calma de un simulacro y el caos de una situación real.",DS_IMG_2574.jpg,neither,neither
"¿Señora o señorita?  
                 Sr. ☐  
                 Sra. ☐  
                 Srta. ☐","La imagen presenta una ilustración artística con un fondo rosa. En el centro, hay una mujer de cabello largo y trenzado, vestida con una blusa azul que tiene un diseño de rayas. Ella está inclinada sobre una hoja, sosteniendo un bolígrafo y escribiendo. En la parte izquierda de la imagen, se muestra un recuadro con tres opciones: ""Sr."", ""Sra."" y ""Srta."", donde hay casillas para marcar. Encima de esta sección, hay un texto que pregunta: ""¿Señora o Señorita?"". También hay elementos de hojas verdes en la parte superior derecha, añadiendo un toque decorativo a la imagen.",DS_IMG_341.jpg,inappropriate content,neither
El wey que fingió ser gay viendo como las chicas de la pijamada se aproximan hacia él con un dildo de 40cm.,"La imagen es un meme que presenta un fondo en tonos azules, sugiriendo un entorno acuático o de profundidad. Se puede ver la cara de un hombre con barba, que está mirando hacia arriba con una expresión de sorpresa o asombro. El texto en la parte superior del meme está en color blanco y dice: ""El wey que f1ngió ser g3i viendo como las chicas de la pijamada se aproximan hacia él con un d1ld0 de 40cm"". La combinación de la imagen y el texto genera un contraste entre la expresión del hombre y el contenido humorístico del mensaje.",DS_IMG_1105.jpg,hate speech,neither
Yo dándole a los adolescentes el mismo consejo que yo ignoré cuando era adolescente:,"La imagen es un meme que presenta dos personajes animados de una película familiar. El primero, a la izquierda, tiene un aspecto preocupado y una expresión facial que muestra inquietud. Este personaje está vestido con una camisa de cuadros y un chaleco. A la derecha, el segundo personaje parece alegre y optimista, con una amplia sonrisa en su rostro; lleva un traje de astronauta de colores brillantes con el logo de ""Space Ranger"". En la parte superior, hay un texto que dice: ""Yo dándole a los adolescentes el mismo consejo que yo ignoré cuando era adolescente:"", lo que sugiere un enfoque humorístico sobre la experiencia y el consejo en la adolescencia. La escena tiene un fondo que parece ser una pared interior.",DS_IMG_1486.jpg,hate speech,neither
"La extraño mucho pero me saca una sonrisa recordar que mi abuela, cuando vio que se moría pronto, como pudo se fue a Coto y se compró un lavarropas en 18 cuotas. Pagó dos. Que trucazo, ¿no?","La imagen es un meme dividido en dos secciones. En la parte superior, hay un texto que dice: ""La extraño mucho pero me saca una sonrisa recordar que mi abuela, cuando vio que se moría pronto, como pudo se fue a Coto y se compró un lavarropas en 18 cuotas. Pagó dos."" Este texto está sobre un fondo oscuro.

En la parte inferior, se muestran personajes de la serie ""Los Simpson"". A la izquierda está un personaje con un bigote, que parece confundido o sorprendido, y en la parte derecha está otro personaje con un aspecto más anciano y una expresión que sugiere desorientación, con una aureola encima de su cabeza. En la esquina inferior izquierda de esta sección se encuentra la palabra ""COTO"" en letras blancas destacadas. Abajo se hay un texto en blanco que dice: ""Que trucazo, no?"".",DS_IMG_1531.jpg,hate speech,hate speech
Racismo Clasismo Xenofobia Latinos Racismo Clasismo Xenofobia Latinos Una carnita asada con los amigos de confianza,"La imagen es un meme dividido en dos paneles. En el primer panel, se muestran cuatro personajes de diferentes colores (violeta, naranja, verde y un fondo azul). El personaje central, con una expresión triste, tiene la etiqueta ""Latinos"". Los otros personajes están etiquetados como ""Racismo"", ""Clasismo"" y ""Xenofobia"", mostrando actitudes de desprecio hacia el personaje central.

En el segundo panel, un personaje amarillo (con una expresión amigable) abraza al personaje triste. La etiqueta en el personaje amarillo dice ""Una carnita asada con los amigos de confianza"", sugiriendo un momento de camaradería. El fondo es de un tono más claro, lo que crea un contraste con el primer panel.",DS_IMG_170.jpg,hate speech,neither
"A todos los que comen y no engordan, sólo quiero decirles que… LOS ODIO Y LOS DESPRECIO.","La imagen es un meme que muestra a una mujer con cabello rubio y peinado voluminoso. Su expresión facial es de enojo, y está mirando hacia la cámara con una actitud desafiante. Ella sostiene un micrófono. En la parte inferior de la imagen, hay un texto en negrita que dice: ""LOS ODIO Y LOS DESPRECIO"". A la izquierda de la mujer, en la parte inferior, hay una caricatura de un personaje de rana con gestos, junto a un logotipo que parece pertenecer a una red social. El fondo incluye algunas luces y elementos desenfocados que sugieren un entorno de espectáculo o programa de televisión.",DS_IMG_2408.jpg,hate speech,neither
"Mi prima sufriendo por amor / ""El amor""","La imagen es un meme que se divide en dos paneles. En el panel izquierdo, se observa a una mujer con un rostro triste y lágrimas en los ojos, mostrando una expresión de sufrimiento. Lleva un vestido oscuro y aretes grandes. En el panel derecho, un hombre con un peinado desaliñado, una camiseta sin mangas y una expresión cómica. Él acaricia su barba y parece completamente despreocupado. En la parte superior de la imagen, aparece el texto ""Mi prima sufriendo por amor"" sobre el panel izquierdo y ""El amor"" sobre el panel derecho. En la esquina inferior derecha, hay una marca de agua que dice ""gerardo Oficial"".",DS_IMG_803.jpg,inappropriate content,neither
Mi compa cuando tiene novia:,"La imagen es un meme que presenta a un personaje de la serie animada ""SpongeBob SquarePants"", específicamente a Patrick Estrella. En la imagen, Patrick está de pie en el fondo marino, con una expresión facial que denota desinterés o aburrimiento. Lleva un cinturón marrón y un par de pantalones cortos de color verde con estampados de flores moradas. En la parte superior de la imagen, hay un texto que dice: ""Mi compa cuando tiene novia:"", lo que implica un comentario humorístico sobre el comportamiento de una persona cuando está en una relación. El fondo muestra el océano con un color azul claro.",DS_IMG_763.jpg,inappropriate content,neither
A veces lo único que necesitamos es un abrazo.,"La imagen es un meme que presenta una escena en la que una persona está sentada en una cama, con otra persona abrazándola desde atrás. El fondo muestra una habitación con luz natural que entra por una ventana. En la parte superior de la imagen, hay un texto en letras grandes que dice: ""A veces lo único que necesitamos es un abrazo"". La postura de las personas sugiere una conexión íntima, y el tono del mensaje implica una necesidad emocional evidente.",DS_IMG_640.jpg,hate speech,neither
"Que se note el aguinaldo, micielas.","La imagen es un meme que presenta a un personaje inspirado en ""SpongeBob SquarePants"", específicamente a Patrick. El personaje tiene un aspecto estilizado con labios grandes y voluminosos, así como maquillaje destacado, incluyendo pestañas largas y cejas estilizadas. En la parte inferior, se ven manos con uñas largas y decoradas con esmalte colorido. El texto en la parte superior dice: ""Que se note el aguinaldo micielas"". El fondo es de un color verde suave y el diseño es típico de memes donde se combinan elementos visuales divertidos con un texto humorístico.",DS_IMG_2672.jpg,neither,neither
"Es tu cuerpo, tú decides. Yo me voy de aquí, pronto y ligerito.","La imagen es un meme en un estilo gráfico minimalista que presenta a una pareja de pie, de la cual una figura femenina está embarazada. Ambos personajes tienen un contorno simple y están sujetos de la mano. En el pensamiento de la mujer se representa un anillo de compromiso, indicando un posible enlace matrimonial. La frase ""Es tu cuerpo, tú decides"" aparece en la parte superior en un estilo de fuente llamativa. 

En el pensamiento del hombre, hay una ilustración de un gallo, que parece estar cantando, acompañado de notas musicales y el texto ""Yo me voy de aquí, pronto y ligerito"". El fondo es blanco y todo el contenido se encuentra enmarcado por un borde delgado.",DS_IMG_450.jpg,neither,hate speech
Es albañil. No se sabe albures ni piropos.,"La imagen es un meme que presenta una fotografía de un joven con una sonrisa amplia, mostrando dientes y con un peinado de cabello rubio. El fondo es de un color púrpura difuminado. En la parte superior del meme, se encuentra el texto en letras grandes y en negrita que dice ""ES ALBAÑIL"". En la parte inferior, también en letras grandes y en negrita, se lee ""NO SE SABE ALBURES NI PIROPOS"". La composición utiliza un estilo de meme típico, con texto que enfatiza un mensaje humorístico o irónico relacionado con la imagen del joven.",DS_IMG_1566.jpg,hate speech,neither
Déjeme estrechar su mano de poeta a poeta.,"La imagen muestra a un hombre disfrazado con una gran cabeza de figura caricaturesca, que tiene barba y un sombrero de copa. Este personaje, vestido con una chaqueta clara, está extendiendo la mano en un gesto de saludo hacia un hombre mayor, que se encuentra de espaldas y viste un abrigo oscuro. En el fondo, se pueden ver vehículos estacionados y un entorno urbano. El texto en la parte inferior de la imagen dice, ""Déjeme estrechar su mano de poeta a poeta"", en un formato grande y legible.",DS_IMG_1336.jpg,neither,neither
"Ten cuidado, suelen salir de las hierbas.","La imagen es un meme que combina elementos de un videojuego y una fotografía. En la parte superior, se observa un entorno estilo pixel art que recuerda a los gráficos de una serie de videojuegos clásicos, donde varios personajes están de pie en un campo con árboles y arbustos. Un cuadro de texto en la parte inferior dice: ""Ten cuidado, suelen salir negros de las hierbas.""

En la parte inferior de la imagen, se incluye una fotografía de una persona con una expresión facial amplia y sonriente, que parece estar resaltando la frase del texto. La imagen superior y la inferior se unen para crear un contraste entre el entorno del videojuego y la reacción del individuo en la foto.",DS_IMG_91.jpg,hate speech,neither
"Ah caray, eso sí me interesa.","La imagen es un meme que muestra a un hombre con expresión de sorpresa y atención. Lleva una camiseta de color azul y está sentado en un entorno interior que parece ser una sala. Hay un perro negro visible en el fondo a la izquierda. La parte inferior de la imagen contiene un texto en letras grandes que dice: ""Ah caray, eso sí me interesa"". Además, hay un ícono amarillo de exclamación en la esquina superior izquierda, lo que enfatiza la sorpresa o interés del personaje.",DS_IMG_1417.jpg,hate speech,neither
"Cuando escuchas a alguien decir ""Levisósá""...","La imagen es un meme que combina una escena de una película con personajes de un programa de televisión. A la izquierda, se observa a un niño con cabello rojo, que viste una túnica oscura y parece estar prestando atención a algo con una expresión curiosa o preocupada. A su lado, hay un personaje que parece ser una versión humanoide de un pez disfrazado con cabello, de apariencia caricaturesca, con una expresión divertida o sorprendida. El texto en la parte superior dice ""Cuando escuchas a alguien decir 'LeviRosá'..."". El fondo muestra un aula con otros niños, lo que sugiere un ambiente escolar.",DS_IMG_2244.jpg,hate speech,neither
ah pero la economía,"La imagen es un meme que presenta a un personaje de animación con la cabeza cubierta por la bandera de México. El personaje tiene una expresión neutral y está parado de frente, con las manos en los bolsillos. En la parte inferior de la imagen, hay un texto en color amarillo que dice ""ah pero la economía"". El fondo es sencillo, con un entorno que sugiere un aula o un espacio de trabajo.",DS_IMG_2644.jpg,hate speech,neither
—¿Y extrañas a tu mejor amiga? —Yo: Ya la quiero ver we :(,"La imagen es un meme dividido en dos paneles. En la parte superior, hay un texto que dice: ""¿Y extrañas a tu mejor amiga? —Yo:"" En la parte inferior hay dos imágenes de un niño pequeño con el cabello corto. En la primera imagen, el niño tiene una expresión triste, con lágrimas en los ojos y la boca ligeramente abierta. En la segunda imagen, el niño se está cubriendo la cara con una mano, evidentemente llorando. En esta imagen, aparece escrito el texto: ""Ya la quiero ver we :( "". El fondo muestra coches y un ambiente exterior.",DS_IMG_1743.jpg,hate speech,neither
Asesinan a 5 contadores y 3 auditores. Se cree que fue un ajuste de cuentas.,"La imagen es un meme que presenta a un hombre vestido de traje y corbata, sentado en un set de noticias. Tiene una expresión seria y profesional. El fondo muestra un entorno de noticias con pantallas y un diseño típico de un estudio de televisión. En la parte superior de la imagen, el texto dice: ""ASESINAN A 5 CONTADORES Y 3 AUDITORES"", y en la parte inferior: ""SE CREO QUE FUE UN AJUSTE DE CUENTAS"". El formato del texto es grande y en negrita, con un estilo que resalta la información.",DS_IMG_2110.jpg,hate speech,neither
"TE ODIO, PERO TAMBIÉN TE AMO <3","La imagen es un meme que muestra una mano sosteniendo un marco en forma de corazón, el cual tiene una foto insertada. En la foto, se observa a un hombre con cabello corto y oscuro, haciendo una expresión divertida y mostrando la lengua mientras levanta un dedo. El fondo de la foto parece ser una habitación. En la parte inferior del marco se encuentra un texto en español que dice ""TE ODIO, PERO TAMBIÉN TE AMO <3"". El marco tiene bordes de color rosa y detalles en un color más claro.",DS_IMG_2817.jpg,hate speech,neither
Escribe con los ojos cerrados: Dinosaurio rex es un astronauta,"La imagen es un meme que presenta un fondo de paisaje lunar, con un astronauta en primer plano. El astronauta tiene una cabeza que corresponde a un dinosaurio T. rex, mostrando una expresión amenazadora con una gran sonrisa y dientes afilados. El texto en la parte superior de la imagen dice: ""Escribe con los ojos cerrados:"", y justo debajo, se lee: ""Dinosaurio rex es un astronauta"". En el fondo se puede ver un módulo lunar y una figura que parece un astronauta caminando. El estilo del meme es humorístico y surrealista.",DS_IMG_1632.jpg,hate speech,neither
"*Mi amix me invita al gym* Yo sabiendo que no voy a ir: Ah, ¿qué hora? ¿o qué?","La imagen es un meme que muestra un fotograma de un personaje animado, un pequeño ratón que tiene la expresión facial de estar pensando o reflexionando. El ratón tiene ojos grandes y una expresión ligeramente confundida o interesada. Se encuentran en la parte superior y central textos en letra blanca que dicen: ""*Mi amix me invita al gym* Yo sabiendo que no voy a ir:"". Abajo de la imagen, en un texto más grande y también en blanco, se muestra la frase ""Ah que hora? o que"". El fondo tiene tonalidades en azul.",DS_IMG_1438.jpg,neither,neither
MÚSICO MISÓGINO: 'SI NO ENTREGAS EN LA COCINA ESTÁN LOS PLATOS PA LAVAR',"La imagen es un meme que presenta un fondo de un entorno urbano, posiblemente una calle o un parque. En el primer plano, hay un hombre con expresión enfadada, que lleva una gorra roja y viste una camiseta de color oscuro. Su gesto sugiere irritación o agresividad, con los brazos levantados. El texto en la parte superior dice ""MUSICO MISOGINO"" y en la parte inferior, en un tamaño de fuente más pequeño, se lee: ""'SI NO ENTREGA EN LA COCINA ESTAN LOS PLATOS PA LAVAR'"". El estilo es característico de un meme, con un enfoque en el contraste entre el texto y la imagen.",DS_IMG_586.jpg,hate speech,hate speech
Cuando el padre se desquita por el pasito perrón.,"La imagen es un meme que presenta un momento de una ceremonia, aparentemente un bautizo. En el centro, un sacerdote vestido con una vestimenta dorada sostiene a un bebé, mientras lo mira con seriedad. El bebé está vestido con un atuendo blanco. Al fondo, hay varias personas, incluyendo un grupo que observa la escena con expresiones variadas; algunos parecen divertidos y otros sorprendidos. La parte superior y la inferior de la imagen contienen texto en blanco que dice: ""CUANDO EL PADRE SE DESQUITA"" y ""POR EL PASITO PERRÓN"". El diseño del meme incluye un marco negro alrededor de la imagen.",DS_IMG_1803.jpg,hate speech,hate speech
hola perdido❤️ te he echado de menos😘 bloqueda después me dedica canciones..,"La imagen es un meme dividido en dos paneles. En la parte superior, se observa a una mujer con cabello rubio y ondulado, sonriendo mientras sostiene un teléfono celular de color rosa. En la parte inferior, hay un hombre con una expresión facial de sorpresa o confusión, sosteniendo un teléfono móvil. Ambos paneles tienen burbujas de texto. La burbuja en el panel de la mujer dice: ""❤️ hola perdido ❤️ te he echado de menos 💋"", y la burbuja en el panel del hombre dice: ""🤔🤔🤔 bloqueada después me dedica canciones.."". El fondo de la parte superior muestra un muro de ladrillos, mientras que el de la parte inferior es de color blanco.",DS_IMG_3253.jpg,hate speech,neither
"Cuando por error le digo ""wey"" a mi novio. Prdón krnal, es la costumbre.","La imagen es un meme que presenta una escena de un programa de televisión o película en la que un personaje masculino, vestido con una camisa blanca y una corbata, está acercándose al borde de una puerta de autobús en un gesto de disculpa. La expresión de su rostro sugiere incomodidad o nerviosismo. En la parte superior de la imagen, hay un texto que dice: ""Cuando por error le digo 'wey' a mi novio."" En la parte inferior, se encuentra un texto que dice: ""Prdón krnal, es la costumbre."" El estilo general es humorístico y se utiliza un formato común de meme con texto en la parte superior e inferior de la imagen.",DS_IMG_1878.jpg,inappropriate content,neither
"when desconectas a tu abuelo para conectar tu xbox wan :v El futuro es oi, oíste viejo xdd","La imagen es un meme que contiene una escena de un niño con una expresión seria, posiblemente en un contexto de tensión o preocupación. En la parte superior de la imagen, hay un texto en inglés que dice: ""when desconectas a tu abuelo para conectar tu xbox wan :v"". En la parte inferior, el niño dice: ""El futuro es oi, oiste biejo xdd"". El meme tiene un estilo de juego de palabras y humor relacionado con la desconexión de la generación mayor en favor de la tecnología moderna, y presenta un logo en la esquina superior izquierda que es de color rojo y negro.",DS_IMG_1313.jpg,hate speech,hate speech
"Siempre que platicamos acabo mojada. ¿Te excitó? No, escupes cuando hablas.","La imagen es un meme que presenta a dos personajes en un estilo retro, con un fondo neutro. A la izquierda, una mujer sonriente lleva una blusa clara y tiene el cabello recogido. Ella está sentada, mirando al hombre a su lado, que viste una camisa blanca con un saco oscuro y tiene una expresión coqueta. El hombre está inclinado hacia ella, con una mano en su hombro y otra a su lado. 

Sobre la mujer, hay un cuadro de diálogo que dice: ""Siempre que platicamos acabo mojada"". Sobre el hombre, el cuadro de diálogo dice: ""¿Te excito?"". En la parte inferior, hay un tercer cuadro de diálogo, que dice: ""No, escupes cuando hablas"". La imagen sugiere un diálogo humorístico entre los dos personajes, con implicaciones cómicas.",DS_IMG_617.jpg,hate speech,neither
"Mientras otros sufren por amor, yo sufro por la ley seca.","La imagen es un meme que presenta una niña con una expresión melancólica y reflexiva. Ella sostiene un dibujo de un corazón roto en una mano, mientras que en la otra tiene una botella de cerveza, mostrando un contraste entre el sufrimiento por amor y la falta de acceso a alcohol. En la parte superior de la imagen hay un texto en letras grandes que dice: ""Mientras otros sufren por amor, yo sufro por la ley seca"". El fondo es difuso, lo que hace que la atención se centre en la niña y los elementos que sostiene.",DS_IMG_2315.jpg,hate speech,neither
La Casa de Papel CDMX,"La imagen presenta un personaje que parece estar inspirado en el programa ""La Casa de Papel"". El personaje lleva una máscara que simula un rostro con rasgos fuertes, como cejas marcadas y labios pintados. Su vestimenta es una sudadera roja con capucha, típica del show. La máscara está decorada con flores en la parte superior, dando un toque distintivo. En la parte inferior de la imagen, se encuentra un texto en blanco y negro que dice ""LA CASA DE PAPEL CDMX"", con un diseño prominente. El fondo de la imagen es oscuro, lo que hace que el personaje y el texto resalten notablemente.",DS_IMG_2558.jpg,hate speech,neither
Cuando ni nos hablamos pero nos reaccionamos los memes,"La imagen es un meme que presenta un texto en la parte superior que dice ""Cuando ni nos hablamos pero nos reaccionamos los memes"". Debajo, hay dos personajes de una escena de una película. El primero, un hombre calvo, tiene una expresión facial que podría describirse como confiada o mirona. La segunda persona, una mujer con cabello largo y oscuro, tiene una expresión que sugiere interés o complicidad. Ambos se encuentran en un entorno desértico, con un paisaje de arena visible de fondo.",DS_IMG_1059.jpg,hate speech,neither
REGRESO DE VACACIONES CON TODA LA ACTITUD,"La imagen es un meme que presenta a un hombre con una expresión seria y un ceño fruncido. Lleva un sombrero de color claro, y su cabello es de color marrón con algo de canas. El fondo parece ser una pared interior de tono claro. En la parte inferior de la imagen hay texto que dice ""REGRESO DE VACACIONES CON TODA LA ACTITUD"", en letras grandes y en negrita, lo que sugiere una energía irónica o humorística sobre el retorno al trabajo tras un período de descanso.",DS_IMG_2752.jpg,inappropriate content,neither
Vuelve a decirme que el sexismo no existe y me hago una tortilla con tu escroto.,"La imagen es un meme que muestra a una joven con una expresión facial sorprendentemente emocionada o intensa. Sus ojos están muy abiertos y sonríe de manera exagerada, lo que le da un aspecto casi inquietante. En la parte superior de la imagen, hay un texto en letras mayúsculas que dice: ""VUELVE A DECIRME QUE EL SEXISMO NO EXISTE"". En la parte inferior, continúa con: ""Y ME HAGO UNA TORTILLA CON TU ESCROTO"". El fondo es neutro y la joven parece estar en un entorno doméstico. El estilo del meme es característico de plataformas de redes sociales, utilizando un tono humorístico y provocador.",DS_IMG_376.jpg,neither,neither
Cuando ves a alguien con más cromosomas que tú.,"La imagen es un meme que presenta un texto en la parte superior que dice: ""Cuando ves a alguien con más cromosomas que tú"". Debajo del texto, se muestra una fotografía de una persona con una expresión facial seria, que parece mirar hacia un lado. La persona tiene rasgos distintivos en su rostro, con ojos grandes y una expresión que podría interpretarse como de sorpresa o confusión. El fondo es neutro y poco destacado, lo que dirige la atención hacia la expresión de la persona en la imagen.",DS_IMG_1064.jpg,inappropriate content,neither
"No me gusta la empanada con pasas, pero con tu empanada no sé qué me pasa.","La imagen es un meme que se divide en dos secciones. En la parte superior, hay un texto en un fondo negro que dice: ""No me gusta la empanada con pasas, pero con tu empanada no sé que me pasa."" En la parte inferior, se muestra una escena de una pareja, donde una mujer está en una postura que sugiere intimidad y emoción, mientras que un hombre se inclina hacia ella, mostrando una expresión que indica cercanía o deseo. La mujer parece estar en un momento de placer o sorpresa. Abajo de la imagen, hay tres emoticonos que representan una cara sonriente, una mano con una empanada y otra cara sonriente.",DS_IMG_1253.jpg,hate speech,hate speech
Yo tratando de entender mi propia letra.,"La imagen es un meme que presenta un personaje de dibujos animados, que parece ser un oso de color marrón con una camiseta roja. El oso sostiene un papel con una expresión de confusión o concentración, como si estuviera intentando descifrar lo que está escrito en él. En la parte superior de la imagen, hay un texto que dice: ""Yo Tratando De Entender Mi Propia Letra"". El fondo es de un color neutro, lo que resalta al personaje y su expresión.",DS_IMG_588.jpg,inappropriate content,neither
When te dice que le des un besito en la trompa. De falopio.,"La imagen es un meme que presenta dos paneles. En la parte superior, se muestra un personaje con un traje espacial, sentado en una caja, con una expresión de sorpresa o confusión. El texto dice: ""When te dice que le des un besito en la trompa"". En la parte inferior, el mismo personaje tiene una expresión de felicidad o alivio y el texto dice: ""De falopio"". El fondo es una habitación oscura con algunos objetos rojos difusos al fondo. El estilo del meme es humorístico, aprovechando la popularidad del personaje.",DS_IMG_554.jpg,hate speech,neither
Joe Burrow a sus 25 años | Yo a mis 25 años,"La imagen es un meme que se divide en dos paneles. En el panel superior, se muestra a un hombre con una gran sonrisa, vistiendo una camiseta gris y una gorra blanca que dice ""AFC Champions"". El fondo es borroso, sugiriendo un ambiente de celebración. En el panel inferior, se presenta a otra persona con una expresión facial seria, con residuos de comida en la boca y en la cara, sosteniendo un objeto comestible. Este panel tiene un tono más informal y desenfadado. En la esquina, hay un logo de la NFL y un texto que dice ""Memes Latino"". El contraste entre las dos imágenes sugiere una comparación humorística de situaciones.",DS_IMG_2689.jpg,hate speech,neither
EN LA PELÍCULA EN LA VIDA REAL,"La imagen es un meme dividido en dos partes. En la parte superior, se muestra a dos personajes de la película animada ""Cars"": un camión de remolque con una expresión sonriente y un automóvil de color rosa con una sonrisa amigable, situados en un paisaje árido y montañoso. El texto en la parte superior dice ""EN LA PELÍCULA"". En la parte inferior, hay una fotografía de dos personas: un hombre con rasgos distintivos y una mujer sonriendo, ambos posando juntos para la cámara. El texto en la parte inferior dice ""EN LA VIDA REAL"".",DS_IMG_1866.jpg,inappropriate content,neither
Cuando veo que tiene la papaya depiladita y suavecita 😝,"La imagen es un meme que presenta un personaje de color verde con una expresión exagerada de deseo o emoción. El personaje tiene un ojo cerrado y otro abierto, con la lengua fuera y una gota de saliva que cae de su boca. Alrededor del personaje, hay elementos gráficos como corazones y destellos, que transmiten sentimientos de enamoramiento o atracción. En la parte superior de la imagen, hay un texto que dice: ""Cuando veo que tiene la papaya depiladita y suavecita"" seguido de un emoji con una cara que muestra gusto o deleite. El fondo es de un color azulado, complementando la escena.",DS_IMG_1306.jpg,inappropriate content,neither
"Yo cuando me gradúe, descripción gráfica: Personalmente, odio la escuela, los odio a todos ustedes y espero se pudran en el infierno. Gracias.","La imagen es un meme que muestra el texto en la parte superior: ""Yo cuando me gradúe, descripción gráfica:"". Debajo de este texto, hay una fotografía de una graduada de cabello largo y oscuro, que se encuentra en un escenario con un micrófono. Tiene una expresión intensa mientras habla. Al fondo, se pueden ver otros graduados sentados. En la parte inferior, se incluye un texto que dice: ""Personalmente, odio la escuela, los odio a todos ustedes y espero se pudran en el Infierno. Gracias."" El meme utiliza un formato conocido en redes sociales para transmitir desahogo o humor sobre la experiencia escolar.",DS_IMG_2943.jpg,inappropriate content,hate speech
"Marido que no saca a su mujer, no tiene derecho de prohibirle que salga con su novio. ¡Se tenía que decir y se dijo!","La imagen es un meme que presenta un texto en la parte superior que dice: ""Marido que no saca a su mujer, no tiene derecho de prohibirle que salga con su novio."" A continuación, hay una ilustración de un personaje amarillo, que tiene forma de pájaro o un animal parecido, con ojos grandes y redondos, y una expresión que parece divertida o despreocupada. Este personaje parece estar apoyado sobre una superficie, con una mano levantada, como mostrando un gesto de aceptación. En la parte inferior de la imagen hay un texto adicional que dice: ""¡Se tenía que decir y se dijo!"" El estilo general del meme es colorido y humorístico, con un tono ligero.",DS_IMG_3171.jpg,hate speech,neither
Y te llega un mensaje con número japonés.,"La imagen es un meme que presenta una escena de tres personas en un entorno oscuro y desordenado, con cajas de fondo. El personaje principal, un hombre de piel negra, lleva un sombrero y una túnica morada, y tiene una expresión facial de sorpresa o preocupación. A su lado, hay un hombre de piel clara con un rostro que parece estar girándose hacia el otro personaje, así como una tercera persona que también está parcialmente visible detrás de ellos. El texto en la parte superior dice: ""Y te llega un mensaje con numero japones"" en un tipo de letra que resalta el mensaje en un color oscuro, contrastando con el fondo.",DS_IMG_2394.jpg,hate speech,neither
"No, los memes no son graciosos, son ofensivos! Pero te aseguro que mientras lees, utilizas mi voz de Sheldon!","La imagen es un meme que presenta un personaje masculino con cabello castaño y piel clara, que tiene una expresión facial seria y una mirada directa hacia la cámara. La imagen está dividida en dos partes de texto en la parte superior e inferior. En la parte superior, el texto dice: ""NO, LOS MEMES NO SON GACIOSOS, SON OFENSIVOS!"", y en la parte inferior: ""PERO TE ASEGURO QUE MIENTRAS LEES, UTILIZAS MI VOZ DE SHELDON!"". El fondo es simple y el formato del meme es típico, con un estilo de letra grande y negrita que destaca el contraste entre los mensajes.",DS_IMG_1346.jpg,neither,neither
Se queja de las violaciones a mujeres y los feminicidios. Escucha reggaetón y publica cada finde cómo se embriaga en fiestas.,"La imagen es un meme que presenta un fondo con un diseño de rayas en diferentes tonos de azul. En el centro, hay una cara de una mujer con una expresión exagerada de sorpresa o desaprobación. En la parte superior de la imagen, se encuentra el texto en letras grandes y mayúsculas que dice: ""SE QUEJA DE LAS VIOLACIONES A MUJERES Y LOS FEMINICIDIOS"". En la parte inferior, otro texto en mayúsculas que dice: ""ESCUCHA REGGAETON Y PUBLICA CADA FINDE CÓMO SE EMBRIAGA EN FIESTAS"". El formato del meme es característico de la sátira y la crítica social.",DS_IMG_194.jpg,hate speech,neither
"Ya verás como este 8 de marzo hay uno que te suelta lo de ""¿Y por qué no hay un Día de los Hombres?""","La imagen presenta a cuatro mujeres riendo y disfrutando juntas en un entorno exterior. Están de pie frente a una pared con un diseño gráfico. Las mujeres tienen diversas expresiones de alegría y están sosteniendo vasos, posiblemente de bebidas. La imagen está en blanco y negro, excepto por el texto, que se encuentra en la parte superior y está escrito en letras grandes y en negrita. El texto dice: ""Ya verás como este 8 de marzo hay uno que te suelta lo de '¿Y por qué no hay un Día de los Hombres?'"" El contraste entre el texto y el fondo resalta el mensaje del meme.",DS_IMG_443.jpg,hate speech,neither
FELIZ DÍA DE SAN VALENTÍN,"La imagen es un meme dividido en dos paneles. En el panel izquierdo, se muestra una pintura de un santo con un sombrero de vaquero, con ambas manos levantadas en señal de bendición. Debajo de la imagen está el texto en mayúsculas ""FELIZ DÍA DE SAN VALENTÍN"" en letras grandes y en negrita. En el panel derecho, se ve a un hombre con una expresión neutra, con cabello oscuro y un abrigo claro. Está sosteniendo algo poco visible en sus manos, que parecen ser flores o un regalo. El fondo es de color claro y desenfocado.",DS_IMG_2234.jpg,hate speech,neither
Otras chicas con gafas / Yo cuando me pongo gafas,"La imagen es un meme que se divide en dos paneles. En el panel de la izquierda, hay una joven con gafas, que tiene una expresión coqueta y está posando de manera relajada. Lleva una camiseta negra y un overol de mezclilla. En el panel de la derecha, aparece una persona con gafas grandes y un peinado diferente, que muestra una expresión más caricaturesca. Esta persona lleva un suéter rojo y una blusa verde. En la parte superior de la imagen, hay un texto que dice: ""Otras chicas con gafas / Yo cuando me pongo gafas"", lo que sugiere un contraste humorístico entre los dos estilos.",DS_IMG_2285.jpg,hate speech,neither
"Mijo, usted que estudia ingeniería civil, vaya haciéndome el segundo piso al pesebre.","La imagen es un meme que muestra a una mujer mayor, con cabello canoso y usando gafas, sentada frente a una computadora. Su expresión facial es de concentración y parece estar señalando algo en la pantalla con una mano. El texto en la parte superior dice: ""MIJO UD QUE ESTUDIA INGENIERÍA CIVIL"" y en la parte inferior: ""VAYA HACIENDOME EL SEGUNDO PISO AL PESEBRE"". El fondo muestra un ambiente doméstico con un tono cálido.",DS_IMG_2434.jpg,inappropriate content,hate speech
Te mides el nepe con los dedos de las manos. Cosas de hombres xDxdXD,"La imagen es un meme que presenta un retrato de un hombre con un bigote prominente, que mira directamente a la cámara. Su expresión facial es seria y decidida. En la parte superior de la imagen hay un texto en letras grandes que dice ""Te mides el nepe con los dedos de las manos"". En la parte inferior, el texto dice ""Cosas de hombres xDxdXD"" en un estilo más pequeño. En la esquina inferior izquierda, se puede ver un pequeño logo o símbolo que dice ""MECHO EN RECONILITE"". El estilo del meme es típico de redes sociales, utilizando humor basado en estereotipos.",DS_IMG_682.jpg,hate speech,neither
Me veo normal pero en el fondo no me acuerdo de ninguna de mis contraseñas.,"La imagen es un meme que presenta un personaje de rana con expresión seria y un atuendo que consiste en un abrigo marrón y pantalones a rayas. El texto en la parte superior dice: ""Me veo normal pero en el fondo no me acuerdo de ninguna de mis contraseñas."" La rana parece estar en un entorno simple y neutro, lo que destaca su apariencia y la frase humorística.",DS_IMG_1622.jpg,hate speech,neither
"¿Y por qué estás en ese grupo Chabela? - Es que me gusta el desmadre, padre.","La imagen es un meme que presenta dos personajes de una escena de una serie de televisión. En la parte superior, hay un texto en mayúsculas que dice: ""¿Y por qué estás en ese grupo Chabela?"" acompañado por un emoticono de confusión. En la parte inferior, el segundo personaje, que es una mujer con un vestido negro y un velo, responde: ""Es que me gusta el desmadre padre,"" con un emoticono sonriente. El hombre a su lado tiene una expresión seria y está vestido con ropas que sugieren un contexto religioso. La escena muestra un ambiente de diálogo entre los dos personajes, con el fondo desenfocado.",DS_IMG_647.jpg,neither,neither
"""ERIC, MÍRAME A LOS OJOS""","La imagen es un meme que se presenta en formato de dos paneles. En la parte superior, se observa una mujer con cabello largo y lacio, que parece estar en un ambiente iluminado. Ella tiene una expresión facial seria y está dirigiendo la mirada a otra persona, mientras que un texto en la parte superior dice ""ERIC, MÍRAME A LOS OJOS"". En la parte inferior, hay un primer plano de los ojos de un hombre con una expresión de atención o concentración. La imagen transmite un sentido de conexión o intimidad entre las dos personas representadas.",DS_IMG_1302.jpg,neither,neither
"Yo no soy racista, soy clasista y odio la gente de clase negra.","La imagen es un meme que presenta una fotografía de un perro labrador de color dorado, usando gafas, con una expresión seria. El fondo tiene una combinación de colores azul y gris en un diseño de triángulos. En la parte superior e inferior de la imagen, hay texto en letras grandes y negritas que dice: ""YO NO SOY RACISTA, SOY CLASISTA"" y ""Y ODIO LA GENTE DE CLASE NEGRA"". El estilo del meme utiliza un formato común donde se incluye un animal, en este caso un perro, acompañado de un mensaje provocativo o humorístico.",DS_IMG_167.jpg,inappropriate content,neither
Cuando ves un buen culo pero es de hombre pero es un buen culo :v,"La imagen es un meme que consta de tres paneles. En el primer panel, un personaje de cómic con traje rojo y azul (que recuerda a Spider-Man) está mirando a través de un telescopio, mirando hacia algo que ha llamado su atención. El texto arriba dice: ""Cuando ves un buen culo"". En el segundo panel, el mismo personaje tiene una expresión de preocupación, con las manos en la cabeza, y el texto dice: ""pero es de hombre"". En el tercer panel, el personaje vuelve a mirar a través del telescopio, mostrando una expresión de conflicto interno y el texto dice: ""pero es un buen culo :v"". El estilo visual es distintivo de los memes y utiliza un humor basado en la sorpresa y la confusión.",DS_IMG_491.jpg,hate speech,neither
¿Qué haremos ahora que se está esparciendo el Covid-19? Profesor Alumnos Quizá podamos dar clases en línea. Pero usted no sabe ni prender el proyector.,"La imagen es un meme que consiste en cuatro paneles extraídos de una película animada. En el primer panel, un personaje con casco y adornos en la cabeza se dirige a otro, mostrando preocupación en su rostro, con el texto que dice ""¿Qué haremos ahora que se está esparciendo el Covid-19?"". En el segundo panel, el mismo personaje se muestra más decidido, con el texto ""Profesor"". En el tercer panel, el otro personaje responde con expresión de determinación, y el texto dice ""Quizá podamos dar clases en línea"". En el cuarto panel, el primer personaje vuelve a mostrar una expresión preocupada y dice ""Pero usted no sabe ni prender el proyector"".",DS_IMG_2792.jpg,hate speech,hate speech
Yo en mi trabajo risa y risa hasta que recuerdo que hay cámaras.,"La imagen es un meme que presenta dos paneles de fotos de primates. En el panel izquierdo, hay un mono con una expresión exagerada de risa o sorpresa, su boca está abierta y muestra un rostro que parece divertido y animado. En el panel derecho, hay otro mono con una expresión más seria y neutral, sus ojos son grandes y parece contemplativo. Arriba de ambas imágenes, hay un texto que dice: ""Yo en mi trabajo risa y risa hasta que recuerdo que hay cámaras"". El diseño es típico de un meme, utilizando imágenes de animales para expresar una situación cómica o relatable.",DS_IMG_1458.jpg,neither,neither
Todo hombre tiene esta cara cuando su mujer conduce.,"La imagen es un meme que muestra a dos niños en un vehículo de juguete. A la izquierda, un niño pequeño tiene una expresión seria y parece preocupado. A la derecha, una niña que está al volante grita o ríe con entusiasmo. El fondo es un jardín con árboles y césped verde. En la parte inferior de la imagen, hay texto en letras grandes que dice: ""TODO HOMBRE TIENE ESTA CARA CUANDO SU MUJER CONDUCE"".",DS_IMG_334.jpg,hate speech,neither
— ¿No me hará daño trabajar así? — ¿Así como? — Así de lunes a viernes.,"La imagen es un meme que muestra una escena de oficina. En el centro de la imagen, hay un escritorio blanco con una laptop de color plata (de la marca Apple) abierta. Detrás de la laptop, se sitúa un mono de aspecto humano, que está en posición erguida con los brazos cruzados. El mono tiene una expresión facial que parece reflexiva o pensativa. En la parte superior de la imagen, hay texto en dos líneas donde se plantea un diálogo relacionado con trabajar. El fondo presenta una pared clara y una ventana, sugiriendo un ambiente de trabajo.",DS_IMG_1704.jpg,hate speech,neither
"""No es diario Goey, no es diario. No tenemos 18, uno está cansado, tenemos cosas que hacer...""","La imagen es un meme que presenta un formato de dos paneles. En el panel izquierdo, se observa a un hombre con barba y cabello castaño, visiblemente emocionado y sonriendo, mientras mira a una mujer que está sentada frente a él. La mujer tiene el cabello recogido en una coleta y parece estar comunicándose con él de manera íntima. El fondo está compuesto de hojas verdes, creando un ambiente natural. En el panel derecho, la mujer se inclina hacia el hombre, acariciando su cara, mientras él sonríe. El texto superior del meme incluye una cita que parece referirse a una conversación, diciendo: ""No es diario Goey, no es diario. No tenemos 18, uno está cansado, tenemos cosas que hacer..."".",DS_IMG_2753.jpg,hate speech,neither
Ora ora ¿A dónde vas? Despídete bien.,"La imagen es un meme que se presenta en un formato de captura de pantalla de video de seguridad. En el interior de un vehículo, se pueden observar varios hombres sentados. Uno de ellos, al centro, parece estar levantándose mientras una persona al lado de la puerta se está asomando hacia afuera. La expresión de los hombres sugiere una situación de sorpresa o tensión. En la parte superior de la imagen, hay un texto en letras grandes que dice: ""Ora ora ¿A donde vas? Despídete bien"". El fondo del vehículo está iluminado y se pueden ver los asientos y ventanas.",DS_IMG_2847.jpg,hate speech,neither
14 de Febrero. Lo importante es mantener viva la llama.,"La imagen presenta un meme con un fondo que muestra un entorno hospitalario. En el centro, hay una llama sentada en una cama de hospital, cubierta con sábanas azules. La llama tiene una expresión facial tranquila y está parcialmente cubierta por la manta. A la derecha, una persona vestida con un uniforme de médico, que lleva una mascarilla y un gorro quirúrgico, se está ocupando de la llama. En la parte superior de la imagen, hay un texto que dice: ""14 de Febrero. Lo importante es mantener viva la llama."" El estilo del meme es humorístico y juega con la palabra ""llama"" en relación con el Día de San Valentín.",DS_IMG_2260.jpg,neither,neither
UNA ENTRADA PARA OPPENHEIMER UNA ENTRADA PARA BARBIE,"La imagen es un meme que presenta dos paneles, cada uno con una figura masculina de aspecto similar. En el panel izquierdo, el personaje tiene una expresión seria y decidida, con una barba bien definida y el cabello oscuro, vistiéndose con un traje oscuro. En el panel derecho, el mismo personaje aparece con una expresión más amigable y relajada, llevando una camisa de color rosa claro con estampado. Debajo de cada panel hay un texto en blanco: ""UNA ENTRADA PARA OPPEHEIMER"" en el panel izquierdo y ""UNA ENTRADA PARA BARBIE"" en el panel derecho. El fondo de la imagen en el panel izquierdo es oscuro, mientras que el derecho tiene un fondo más claro.",DS_IMG_2424.jpg,neither,neither
¿Cuál es el Pokémon favorito de los judíos? Ratatatatata.,"La imagen es un meme que presenta un fondo dividido en cuatro secciones en colores rojo y negro. En el centro, se muestra una figura con un bigote peculiar, con expresión seria. En la parte superior, se encuentra el texto ""CUAL ES EL POKEMON FAVORITO DE LOS JUDIOS?"", que está en letras grandes y negras. En la parte inferior, aparece la respuesta ""RATATATATA"" en un tamaño de fuente similar. El meme combina elementos de humor y controversia.",DS_IMG_1098.jpg,inappropriate content,neither
"Tú y yo, saliendo de un motel, dejando las sábanas así, para darle un susto a la señora que hace el aseo... No sé, piénsalo.","La imagen es un meme que muestra una habitación con una cama deshecha. En la cama, hay un bulto que parece estar cubierto con sábanas, lo que da la impresión de que hay una persona acostada. Junto al bulto, hay un teléfono de mesa. En la parte superior de la imagen, hay un texto que dice: ""Tu y yo, saliendo de un motel, dejando las sábanas así, para darle un susto a la señora que hace el aseo... No sé, piénsalo."" El ambiente parece ser de un motel, y la situación evocada es humorística y un tanto provocativa.",DS_IMG_1163.jpg,hate speech,hate speech
"""Es viernes y el cuerpo lo sabe"" Mi cuerpo:","La imagen es un meme que presenta un texto en la parte superior que dice: ""Es viernes y el cuerpo lo sabe"" seguido de ""Mi cuerpo:"". Justo debajo, se muestra una imagen de un personaje de dibujos animados, en la que este está acostado en una cama. El personaje tiene orejas grandes y está cubierto con una manta de estampado de tigre. El entorno es sencillo, con una pared de color azul y un mueble de madera al lado de la cama. El personaje parece relajado, sugiriendo un momento de descanso o pereza.",DS_IMG_1628.jpg,hate speech,neither
Cuando te dan el día libre en el museo.,"La imagen es un meme que muestra a una mujer en un lugar público, posiblemente frente a un museo, con una arquitectura clásica de fondo. La mujer está vestida con un vestido negro y tiene una expresión contemplativa. Al lado de ella, se puede ver una parada de autobús con información sobre las rutas disponibles. El texto en la parte superior y en la parte inferior del meme dice, respectivamente, ""CUANDO TE DAN"" y ""EL DÍA LIBRE EN EL MUSEO"", en letras grandes y en negrita, lo que sugiere un contexto humorístico sobre disfrutar de un día libre en un entorno cultural.",DS_IMG_3245.jpg,hate speech,neither
6 am para irme de viaje // 6 am para ir a trabajar,"La imagen es un meme que presenta dos paneles. En el panel de la izquierda, hay una mujer con cabello rubio y lacio, vestida con una chaqueta dorada brillante y una camiseta morada con un rayo dorado, sonriendo y posando. En el panel de la derecha, la misma mujer aparece con un aspecto descuidado, con el cabello desaliñado y vestida con un suéter blanco con un diseño de cara de gato. Su expresión es seria y parece estar en una conversación o reflexionando. El texto en la parte superior dice: ""6 am para irme de viaje // 6 am para ir a trabajar"".",DS_IMG_1685.jpg,neither,neither
"Papá, ¿por qué la gente dice que todos los chinos nos parecemos? No lo sé pequeño, yo soy tu vecino de al lado.","La imagen es un meme que presenta un diálogo entre un niño y un adulto, presumiblemente su padre. El niño, que tiene una expresión sonriente y curiosa, pregunta: ""Papá, ¿por qué la gente dice que todos los chinos nos parecemos?"". El adulto, que sonríe con complicidad, responde: ""No lo sé pequeño, yo soy tu vecino de al lado"". El fondo es sencillo, con un color claro, y la conversación se presenta en recuadros de texto. Las letras están en un estilo legible y amigable.",DS_IMG_2172.jpg,inappropriate content,neither
"Amor, en serio créeme, tengo marcas en las nalgas porque mi papá todavía me pega.","La imagen es un meme que presenta a dos personajes de un programa animado. A la izquierda se encuentra Bart Simpson, con una expresión de sorpresa y preocupación, mirando hacia la derecha. Tiene el cabello amarillo y usa una camiseta azul y un pantalón. A la derecha, una chica con cabello largo y oscuro lleva un vestido rosa con una diadema. Ella parece estar hablando con Bart, mostrando una expresión seria o indignada. El texto en la parte superior de la imagen dice: ""Amor, en serio créeme, tengo marcas en las nalgas porque mi papá todavía me pega"". El fondo muestra un cielo con algunas nubes y un entorno verde.",DS_IMG_1394.jpg,inappropriate content,neither
Voy a ser una chica muy traviesa. Pues los reyes te están viendo y no te van a traer nada.,"La imagen es un meme que presenta un diálogo entre dos personajes. A la izquierda, hay una mujer con una expresión seductora, vistiéndose de manera que sugiere un juego travieso, mientras que a la derecha se encuentra un hombre con una expresión seria. La mujer dice: ""Voy a ser una chica muy traviesa"", y el hombre responde: ""Pues los reyes te están viendo y no te van a traer nada"". Ambas líneas de diálogo están en burbujas de texto sobre sus cabezas. En lugar del pecho de la mujer, hay un emoji de cara sonriente con gafas de sol que cubre la parte superior. La escena parece ser en un ambiente informal, pero el enfoque principal es la interacción entre los personajes.",DS_IMG_885.jpg,hate speech,neither
"— Amor, ya me voy al estadio a ver el partido — Ten, llévate tus ojos llorosos porque nos toca contra Argentina","La imagen es un meme que muestra un diálogo en la parte superior. Se presentan dos oraciones. La primera dice: ""Amor, ya me voy al estadio a ver el partido"" y la segunda: ""Ten, llévate tus ojos llorosos porque nos toca contra Argentina"". Abajo, hay una ilustración de los personajes de ""Mr. Potato Head"" (El Sr. Patata), donde uno de ellos tiene los labios rojos y una expresión facial que parece preocupada, mientras que el otro sostiene un par de ojos llorosos en sus manos. El segundo personaje lleva una gorra verde con un logo. El fondo es difuso, y se pueden notar algunos objetos en el entorno, posiblemente una habitación o una sala.",DS_IMG_2700.jpg,inappropriate content,neither
Autoridades españolas criticando al racismo y mandando a juicio a los que insultaron a Vinicius: Exactamente los mismos cuando matan a cuarenta inmigrantes a porrazos en Melilla: apocosi muy brga,"La imagen es un meme que se compone de dos paneles. El primer panel presenta a un hombre en una oficina, señalando frenéticamente con las manos y rodeado de notas y documentos adheridos a la pared que parecen representar un esquema o investigación. Su expresión facial es intensa y parece estar explicando algo complicado. El segundo panel muestra un primer plano de un gato de pelaje anaranjado con una expresión neutra, que parece mirar a la cámara, acompañado de un texto en la parte inferior que dice ""apocosi muy brga"". El texto se encuentra en un formato de fuente claro y legible, y el mensaje aborda temas de racismo y la respuesta de las autoridades españolas en contraste con un evento relacionado con la muerte de inmigrantes en Melilla.",DS_IMG_33.jpg,neither,hate speech
Odio a México,"La imagen es un meme característico que presenta un fondo en colores brillantes y variados, con un patrón geométrico. En el centro, se encuentra la fotografía de un hombre con expresión seria, utilizando gafas. Tiene una apariencia facial que incluye piel pálida y vello facial. El texto en la imagen dice ""ODIO A"" en la parte superior y ""MEXICO"" en la parte inferior, ambos escritos en letras grandes y negritas de color blanco sobre un fondo negro. Esta composición es típica de memes que expresan opiniones o sentimientos de manera humorística o exagerada.",DS_IMG_3037.jpg,neither,neither
Mira son los que apoyan el comentario misógino que hizo arcángel #arcangel #annita,"La imagen es un meme que muestra a un grupo de personas río abajo en la playa. Todos los individuos están vestidos de manera colorida y festiva, con pelucas de payaso de colores brillantes (amarillo, rojo y verde) y narices de payasos. Hay varias mujeres y un hombre en el centro, que lleva una camisa abierta sobre una camiseta blanca y pantalones cortos amarillos. Las expresiones de todos son alegres y están caminando juntos, aparentemente disfrutando del momento. El fondo presenta una playa con arena y agua, sugiriendo un ambiente festivo. En la parte superior de la imagen, hay un texto que dice: ""Mira son los que apoyan el comentario misógeno que hizo arcángel"".",DS_IMG_356.jpg,inappropriate content,neither
Gracias al CONALEP aprendí diseño gráfico.,"La imagen es un meme que presenta un vehículo rojo estacionado en un entorno urbano. En el centro, hay una persona que parece estar posando; está de pie, con una mano en la boca y sosteniendo un objeto con la otra mano. El texto en la parte superior de la imagen dice ""GRACIAS AL CONALEP"" y en la parte inferior dice ""APRENDI DISEÑO GRÁFICO"". El formato del texto es en mayúsculas y está en un estilo que se destaca en un fondo negro, creando un contraste con la imagen detrás.",DS_IMG_3077.jpg,hate speech,neither
Cuando tu tóxica va a verte jugar. Esposa del 20.,"La imagen es un meme que muestra dos personas en un campo de fútbol. En primer plano, hay una mujer con el cabello suelto que lleva una camiseta negra con letras doradas que dicen ""ESPOSA DEL 20"". Ella está de espaldas, mirando hacia un jugador en el fondo, que lleva un uniforme deportivo con el número 20. El jugador está de pie frente a una puerta de gol. Encima de la imagen, hay un texto en letras grandes que dice: ""CUANDO TU TÓXICA VA A VERTE JUGAR"". En una esquina de la imagen, hay un pequeño personaje con un sombrero de copa y un monóculo, que podría interpretarse como un símbolo de humor o ironía. El fondo muestra un ambiente al aire libre, probablemente un campo de deportes.",DS_IMG_799.jpg,hate speech,neither
Si nos divorciamos nunca vas a encontrar otro hombre como yo! Dios te oiga,"La imagen es un meme que presenta a dos personas sentadas al aire libre, en un ambiente natural. A la izquierda, hay un hombre de edad avanzada, vestido con una camisa de rayas rojas y un sombrero de vaquero, sosteniendo un recipiente y mirando a su derecha. A la derecha, hay una mujer mayor con cabello canoso, que sostiene una taza o bol con una expresión de diversión o sorpresa. 

Sobre ellos hay dos bocadillos de diálogo. El del hombre dice: ""Si nos divorciamos nunca vas a encontrar otro hombre como yo!"" y el de la mujer dice: ""Dios te oiga"". En el fondo, se puede ver un área verde y un par de vegetación, sugiriendo un escenario rural o campestre. Ambos personajes parecen estar en una actitud relajada, sentados sobre sillas plegables junto a una hielera verde.",DS_IMG_650.jpg,hate speech,neither
Cuando nuevamente vuelves a revisar los chats con tu ex ai dice para siempre,"La imagen muestra un meme que presenta un gato con una apariencia sorprendida o confundida. El gato está en una posición de pie sobre una superficie clara, y tiene pelaje atigrado con tonos de gris y marrón. En la parte superior de la imagen, hay un texto en español que dice: ""Cuando nuevamente vuelves a revisar los chats con tu ex"". En la parte inferior, hay otro texto que dice: ""ai dise para siempre"", con algunas partes en negro que ocultan texto adicional. El fondo muestra un ambiente interior, con un suelo de alfombra clara y un mueble difuso al fondo.",DS_IMG_2068.jpg,hate speech,neither
EL CUPIDO QUE ME TOCÓ,"La imagen muestra un ángel de piedra dormido, cubierto parcialmente por una manta verde. El ángel parece estar recostado sobre un fondo de tierra. Alrededor hay algunos objetos desordenados, incluyendo botellas y papeles. La parte superior de la imagen contiene el texto en letras grandes que dice ""EL CUPIDO QUE ME TOCÓ"". La escena transmite un contraste entre la figura angelical y el desorden, sugiriendo un humor irónico.",DS_IMG_3153.jpg,neither,neither
Los de la UNAM ahorita:,"La imagen es un meme que presenta una escena del dibujo animado ""Bob Esponja"". En la imagen, Bob Esponja tiene una expresión de sorpresa y miedo, con los ojos muy abiertos y la boca grande en una mueca. Su textura esponjosa está representada con pequeños puntos oscuros, que parecen ser insectos, destacándose en su cuerpo. Bob Esponja tiene una mano levantada, como si estuviera señalando o llamando la atención hacia lo que le causa sorpresa. La parte superior de la imagen contiene un texto en blanco que dice: ""Los de la UNAM ahorita:"". El fondo es de color azul, que complementa el entorno submarino del programa.",DS_IMG_2594.jpg,hate speech,neither
Tu cara cuando recibes la multa ¡Ahhh! Pero anoche no dejaste dormir a los vecinos.,"La imagen es un meme que consta de dos paneles de una escena de una película. En el panel superior, se muestra a un hombre musculoso con una expresión de sorpresa y miedo, con sangre en la nariz, mientras grita. Detrás de él, hay un público visible que observa la escena. En el panel inferior, el mismo hombre aparece con una actitud más relajada y sonriente, interactuando con una mujer a su lado. Esta mujer parece estar en conversación con él, mientras que otros personajes miran en el fondo. En la parte superior e inferior de la imagen hay texto que expresa reacciones humorísticas relacionadas con las situaciones mostradas.",DS_IMG_3008.jpg,inappropriate content,neither
casi toda la puta latinoamérica: Soy B eagana jaja xd ME IMPORTA MIL HECTAREAS DE MIERDAAAAAAAAA,"La imagen es un meme que presenta dos paneles. En la parte superior, hay un personaje con un diseño que parece ser un Pokémon, con un cuerpo blanco y una cabeza amarilla, sonriendo y con los ojos cerrados. El texto dice ""Soy B egana jaja xd"" en un estilo de fuente informal. En la parte inferior, se muestra a un personaje de un anime con una expresión intensa y furiosa, gritando, con el texto ""ME IMPORTA MIL HECTAREAS DE MIERDAAAAAAAAA"" escrito en letras grandes y negritas. El fondo de esta sección es oscuro, lo que resalta la emoción del personaje.",DS_IMG_38.jpg,hate speech,hate speech
Borrachos discutiendo / Marihuanos discutiendo,"La imagen es un meme dividido en dos paneles. En el panel de la izquierda, se muestra a dos personas en una intensa discusión, con una mujer levantando la mano, posiblemente en un gesto de agresión o enfado. Su expresión es intensa y parece que se están enfrentando físicamente. En el panel de la derecha, hay una representación de un grupo de hombres, aparentemente filósofos, discutiendo de manera animada pero con una estética tranquila; muestran expresiones pensativas y están rodeados de libros y documentos. En la parte superior de cada panel, hay texto que dice ""Borrach@s discutiendo"" en el lado izquierdo y ""Marihuan@s discutiendo"" en el derecho. El contraste entre las escenas sugiere comentarios sobre los estilos de discusión en ambos contextos.",DS_IMG_741.jpg,inappropriate content,neither
LOS LENTES AQUÍ SIGNIFICAN QUE… #MELAPELAN,"La imagen es un meme que presenta a un hombre con gafas de sol, usando un traje oscuro y una corbata clara. Tiene una expresión sonriente y se encuentra de pie en un entorno al aire libre, donde se pueden ver varios vehículos en el fondo y algunas personas caminando. En la parte superior de la imagen, hay texto en letras grandes que dice “LOS LENTES AQUÍ SIGNIFICAN QUE…”. En la parte inferior, aparece el hashtag “#MELAPELAN” en un estilo destacado. El contraste entre el texto y la imagen es notable, destacando la expresión del hombre.",DS_IMG_1781.jpg,hate speech,neither
"Yo, pensando si trabajar o vivir de mi belleza.","La imagen es un meme que muestra a un hombre recostado en una cama, con expresión pensativa. Tiene el cabello oscuro y lacio, acompañado de un bigote prominentemente definido. Su mirada parece contemplativa, como si estuviera evaluando una decisión. En la esquina inferior izquierda, hay un dibujo caricaturesco de un personaje con un sombrero de copa y una copa de vino, que brinda un toque humorístico al meme. En la parte superior, el texto dice: ""YO, PENSANDO SI TRABAJAR O VIVIR DE MI BELLEZA"", en letras grandes y en negrita. ",DS_IMG_537.jpg,hate speech,neither
Mira papá! Sin pies! Mira papá! Sin manos! Guarda la sierra mecánica y estate quieto!,"La imagen es un meme en formato de tres paneles. En el primer panel, un personaje con apariencia de caricatura, que tiene una cabeza redonda y un bigote, está sentado en un sillón y sostiene un dispositivo en sus manos. El fondo es de color verde claro y el personaje dice ""MIRA PAPÁ! SIN PIES!"".

En el segundo panel, el fondo es de un color más neutro y el personaje vuelve a hablar, diciendo ""MIRA PAPÁ! SIN MANOS!"", mientras sigue sosteniendo el dispositivo. 

En el tercer panel, el fondo es de un color anaranjado o marrón claro. El personaje tiene una expresión más enfadada y dice ""GUARDA LA PUTA SIERRA MECÁNICA Y ESTATE QUIETO!"", sugiriendo que está molesto por algún tipo de distracción. La escena sugiere un contraste humorístico entre la inocencia de los primeros dos paneles y la frustración del último.",DS_IMG_1299.jpg,hate speech,neither
"Todos diciendo: ""Tía Paola"" Yo:","La imagen es un meme que presenta un texto en la parte superior que dice ""Todos diciendo: 'Tia Paola'"" y debajo, un retrato de un joven con una expresión de confusión o incredulidad. El joven tiene el cabello corto y peinado, usa una camiseta con rayas en colores rosa, blanco y azul. Detrás de él se puede ver una superficie blanca con un diseño en azul, que parece ser parte de un vehículo o estructura. La combinación del texto y la imagen sugiere un contrastante sentido de desconcierto frente a lo que otros están diciendo.",DS_IMG_5.jpg,neither,neither
"¡MUERA EL RACISMOOOO! ¡Sí, que viva!","La imagen presenta un meme que incluye un individuo sentándose en un entorno colorido, vistiendo una chaqueta verde brillante. Su rostro tiene una expresión entusiasta, con una gran sonrisa y dientes prominentes. En la parte superior de la imagen se incluye un texto que dice: “¡MUERA EL RACISMOOOO!”, mientras que en la parte inferior se puede leer: “¡Sí, que viva!”. El diseño es distintivo de los memes de redes sociales, utilizando un estilo llamativo y un mensaje afirmativo.",DS_IMG_2764.jpg,hate speech,neither
*Cualquier tipo de sonido que haga una bolsa* Mi perro: Dame,"La imagen es un meme que consiste en un texto en la parte superior que dice ""*Cualquier tipo de Sonido que haga una Bolsa*"" y debajo, otro texto que dice ""Mi Perro:"". En la parte inferior de la imagen, se muestra una representación visual de una figura femenina anciana con una expresión facial seria y desinteresada. Ella está vestida con un atuendo oscuro, incluyendo una capa y un pañuelo en la cabeza. Su mano está extendida hacia adelante, con la palma abierta, como si estuviera pidiendo algo. La palabra ""Dame"" está escrita en negrita sobre la imagen, indicando un sentido de exigencia o deseo. El estilo del meme juega con la idea de que el perro reacciona de manera inmediata a cualquier sonido relacionado con una bolsa.",DS_IMG_1502.jpg,inappropriate content,neither
"Oye, ¿Y tu novio José? ¡¿Qué José?! - El que te ilusionó y se fue :v. - Ahh se fue con María. - ¿Cuál María? - La que solo quiere ser tú amiga. Déjeme estrechar su mano de poeta a poeta.","La imagen es un meme que presenta un diálogo en texto en la parte superior, donde dos personajes conversan sobre un tal ""José"". Una de las personas menciona que ""José"", quien les ilusionó, se fue con otra llamada ""María"". El otro personaje pregunta cuál María y obtiene la respuesta de que es la que solo quiere ser amiga. En la parte inferior de la imagen hay una escena de un hombre con un disfraz de animal que luce triste, con una lágrima, extendiendo la mano hacia otro hombre mayor, mientras que junto a la imagen hay un texto que dice ""Déjeme estrechar su mano de poeta a poeta"". El fondo muestra un entorno urbano con personas caminando y tiendas. El meme tiene un estilo visual ligeramente cómico y melancólico.",DS_IMG_1494.jpg,neither,hate speech
Yo No soy perro. NO me silbes! 5 minutos después.,"La imagen es un meme que se divide en dos secciones. La parte superior muestra a una mujer sosteniendo un cartel que dice ""Yo No soy perro. ¡NO me silbes!"" en letras grandes y resaltadas. La mujer tiene una expresión de determinación. En la parte inferior, se encuentran dos fotos de una chica con cabello rosado y otra con cabello azul. En ambas imágenes, se han aplicado filtros de perro, lo que incluye orejas y hocicos de perro, creando un contraste humorístico con el mensaje de la parte superior. El texto ""5 minutos después"" aparece en la parte superior de esta sección inferior, sugiriendo una falta de seriedad en relación con el mensaje original del cartel.",DS_IMG_2895.jpg,inappropriate content,neither
"Todo es risa, memes y diversión hasta que recuerdas que uno de esos cuatro idiotas va a gobernar México.","La imagen presenta a una mujer sentada en un sofá, sosteniendo una botella grande de un producto de limpieza (Clorox) y vertiendo el líquido en un vaso de cristal. La mujer tiene una expresión seria y parece estar en un ambiente doméstico, dado el fondo que incluye partes de una pared y una mesa. En la parte superior de la imagen, se encuentra un texto que dice: ""Todo es risa, memes y diversión hasta que recuerdas que uno de esos cuatro idiotas va a gobernar México"", lo que sugiere una crítica o comentario sobre la situación política en el país. La imagen mezcla humor y crítica social, típica de los memes.",DS_IMG_1882.jpg,inappropriate content,neither
"-Oye, ¿trabajas en un zoológico? -No, ¿por qué? -¿Y esa anaconda?","La imagen es un meme que presenta un diálogo en formato de cómic. En la parte superior, hay texto que dice: ""Oye, ¿trabajas en un zoológico?"" seguido de ""No, ¿Por qué?"" y finalmente ""Y esa anaconda?"". Esto sugiere un juego de palabras humorístico relacionado con la imagen de un grupo de adolescentes. 

En la imagen, se pueden ver a tres estudiantes con uniformes escolares, en su mayoría con camisetas blancas y faldas o pantalones cortos oscuros. Uno de los estudiantes, que parece estar siendo sostenido por otros dos, tiene una postura un tanto incómoda y parece estar pasando por una situación divertida o embarazosa. El ambiente parece ser un patio escolar con un edificio al fondo. La combinación del diálogo y la situación de los personajes crea un efecto humorístico.",DS_IMG_669.jpg,inappropriate content,neither
Cuando te invitan de viaje. Y te dicen que tu solo tienes que poner la papaya.,"La imagen es un meme que consta de dos paneles. En la parte superior, hay un texto que dice ""Cuando te invitan de viaje"" y un panel con una mujer sonriente, con el cabello rubio y suelto. En el panel inferior, el texto dice ""Y te dicen que tu solo tienes que poner la papaya,"" acompañado de la misma mujer, que muestra una expresión sorprendida o divertida. El fondo es tenue, lo que resalta las expresiones de la mujer.",DS_IMG_594.jpg,inappropriate content,neither
cuando haces un trío y empiezan a tijeretear CREO QUE NO ME VIERON,"La imagen es un meme que presenta un personaje de la serie ""Los Simpson"", específicamente Homer Simpson, en una posición acostada en el suelo. Homer tiene una expresión de sorpresa y preocupación, con los ojos muy abiertos. En la parte superior de la imagen, hay un texto que dice ""cuando haces un trío y empiezan a tijeretear"". En la parte inferior de la imagen, aparece el texto ""CREO QUE NO ME VIERON"". El fondo muestra una calle con casas y una cerca de madera, complementando la escena cómica.",DS_IMG_927.jpg,neither,neither
"TOMA TU MANO IZQUIERDA Y PONLA SOBRE TU HOMBRO DERECHO, DESPUÉS LA OTRA MANO SOBRE EL HOMBRO IZQUIERDO... AHORA APRIETA FUERTEMENTE Y FELICÍTATE PORQUE SEGURAMENTE NINGUNA MUJER SE ACORDÓ 😢 #FELIZDIADELMHOMBRE","La imagen es un meme que presenta un texto en la parte superior, el cual da instrucciones sobre cómo colocarse las manos y felicitarse a uno mismo, sugiriendo que es el Día del Hombre. El texto es en mayúsculas y utiliza un emoji triste al final. En la parte inferior de la imagen, se encuentra una etiqueta que dice ""#FELIZDIADELHOMBRE"". En el centro, hay una fotografía de un hombre con una copa en la mano, sonriendo y mirando hacia la cámara, con un ambiente elegante de fondo. La expresión de su rostro es amigable y festiva.",DS_IMG_592.jpg,hate speech,hate speech
When encuentras una Charlastor que es curadora y que no es tóxica. Lo logró señor y ningún Charlastorense te insulta. ¿Lo logré? Lo logró.,"La imagen es un meme que presenta un formato de dos paneles. En la parte superior, se observa un texto que dice ""When encuentras una Charlastor que es curadora y que no es tóxica"" en letras grandes y claras. A continuación, hay una serie de imágenes de personajes animados y uno de ellos es un personaje con una bufanda roja. En la parte inferior, hay un diálogo que dice ""¿Lo logré?"" y ""Lo logró"", acompañado de más imágenes de personajes, algunos de ellos con expresiones faciales distintivas. El fondo parece ser una escena de un juego o programa, con elementos de entorno visibles, y los personajes parecen estar interactuando en un contexto humorístico relacionado con la comunidad de fandom.",DS_IMG_409.jpg,hate speech,neither
Mood de hoy: pa cualquier lado menos pa la casa,"La imagen es un meme que muestra a una persona sentada en un automóvil descapotable. Esta persona sonríe y hace un gesto de paz con su mano derecha mientras mira hacia la cámara. El texto en la parte superior dice ""Mood de hoy:"" y en la parte inferior se encuentra el texto grande que dice ""pa cualquier lado menos pa la casa"". El fondo muestra un ambiente urbano con vegetación y edificios, sugiriendo un clima soleado.",DS_IMG_1541.jpg,neither,neither
¿Qué pasa cuando hay un tsunami en África? CHOCORCRISPIS,"La imagen es un meme que presenta un perro labrador con gafas. El perro tiene una expresión seria y parece estar mirando directamente a la cámara. El fondo es de colores azul y gris, con un diseño geométrico. En la parte superior de la imagen, se encuentra el texto en letras mayúsculas que dice ""QUE PASA CUANDO HAY UN TSUNAMI EN AFRICA?"". En la parte inferior, el texto dice ""CHOCOCRISPIS"" también en mayúsculas, utilizando un tipo de letra gruesa y prominente. La combinación de elementos sugiere un estilo de humor absurdo.",DS_IMG_1323.jpg,neither,neither
la prima con su gringo en la USA: te quiero Ramera Cabrona es Ramona Cabrera amor 😂😂😂,"La imagen es un meme que presenta una fotografía de dos personas en la playa. En el lado izquierdo, un hombre de piel clara y cabello corto sonríe junto a una mujer de piel más oscura y cabello oscuro, también sonriendo. Ambos parecen estar disfrutando del momento. En la parte superior de la imagen, hay texto que dice ""la prima con su gringo en la USA"". En burbujas de diálogo, el hombre dice ""te quiero Ramera Cabrona"" y la mujer responde ""es Ramona Cabrera amor"", acompañada de un emoji sonriente. En la parte inferior, hay varios emojis de risa. El fondo muestra sombrillas y un entorno de playa.",DS_IMG_3111.jpg,neither,neither
"Señoritas, no pueden mostrar su afecto aquí. Les voy a pedir que se retiren. No fuéramos una pareja heterosexual porque no nos diría nada. Esto es discriminación. ¿Dígame por qué no podemos estar aquí? Porque son las vías del metro y ahí viene.","La imagen es un meme dividido en dos paneles. En la parte superior, se observa a un oficial de policía con una expresión seria, que les dice a dos personas (una mujer con cabello largo y un hombre con una camisa de cuadros) que no pueden mostrar su afecto en ese lugar. La mujer parece confundida y el hombre se muestra desafiante, preguntando por qué no pueden estar allí. 

En el panel inferior, el policía responde diciendo que se encuentran en las vías del metro, a lo que se puede ver un tren acercándose en el fondo, junto a un buey y otro personaje de pie. La escena está diseñada en un estilo de cómic, con diálogos en burbujas y un ambiente humorístico que juega con la absurdidad de la situación.",DS_IMG_461.jpg,hate speech,neither
Cuando mi mejor amiga me toma una foto desprevenida. borra la o te mato desgraciada.,"La imagen es un meme que presenta una escena de una película o programa de televisión en la que una mujer, con cabello castaño y rizado, mira hacia la cámara con una expresión intensa y furiosa. Ella sostiene un arma en su mano derecha, apuntando hacia una dirección, mientras que su expresión facial refleja enojo. En la parte superior de la imagen aparece el texto: ""Cuando mi mejor amiga me toma una foto desprevenida."" En la parte inferior, el texto destaca en amarillo: ""borrala o te mato desgraciada."" El meme juega con la idea de que una foto inesperada puede causar frustración.",DS_IMG_2241.jpg,hate speech,neither
SOLO HOMBRES ENTENDERÁN,"La imagen es un meme que presenta tres urinarios blancos alineados en la parte inferior. Cada urinario tiene una grifería en la parte superior. Detrás de los urinarios, hay un diseño de azulejos en tonos de gris que se asemejan a un patrón pixelado o de bloques. El texto en la parte superior de la imagen dice ""SOLO HOMBRES ENTENDERÁN"" en letras grandes y en negrita. La disposición y el diseño sugieren un humor relacionado con la experiencia masculina en los baños públicos.",DS_IMG_720.jpg,hate speech,neither
Tus vecinos: Cuando te ven llegar con alguien.,"La imagen es un meme que muestra dos gatos con pelaje predominantemente blanco y manchas grises. Ambos gatos están asomados por un balcón, con expresiones curiosas. El gato en la parte superior parece estar mirando hacia abajo, mientras que el gato en la parte inferior tiene una expresión más atenta. En la parte superior de la imagen, en letras grandes y en negrita, se lee el texto ""Tus vecinos"". En la parte inferior, también en letras grandes y en negrita, dice ""Cuando te ven llegar con alguien"". En una esquina de la imagen, hay una marca de agua que dice ""PANCHO PANCHITO"", acompañada de íconos de redes sociales. El fondo de la imagen presenta una pared y una barandilla del balcón, así como un objeto amarillo que parece un recipiente colgado.",DS_IMG_806.jpg,hate speech,neither
no lupe esto ya se salió de control; arriba las marihuanas abajo la escuela.,"La imagen es un meme que está dividida en dos paneles. A la izquierda, hay un muñeco de peluche que representa a un mono, con un rostro que muestra una expresión seria y una mano extendida. Junto a él, hay un texto que dice ""no lupe esto yase salió de kontrol"". A la derecha, hay otro muñeco de peluche que también representa a un mono, este tiene un pelaje más oscuro y una expresión juguetona. El texto al lado de este personaje dice ""arriba las mariwanas abajo la eskuela"". El fondo es de color degradado, de morado a azul.",DS_IMG_1919.jpg,hate speech,neither
"Emir intentando concentrarse con los gritos del balcón, el regaño de la chef Zahie. [Visible Frustration]","La imagen es un meme ilustrado que muestra a un personaje caricaturesco con una expresión de frustración visible. El personaje tiene un cuerpo amorfo y una cabeza en forma de bulto con ojos desorbitados y cejas fruncidas. Sus músculos de los brazos están tensos mientras se aferra con las manos en un gesto de enojo. El fondo es de color rosa, y hay algunas gotas de sudor que parecen indicar estrés. En la parte inferior de la imagen se incluye el texto ""[Visible Frustration]"". Se menciona en la parte superior que se refiere a ""Emir intentando concentrarse con los gritos del balcón, el regaño de la chef Zahie"", junto con varios emoticonos que indican risa y emociones variadas.",DS_IMG_2537.jpg,hate speech,neither
Qué viene a qué ???? que dizque a denunciar un robo... !!!! ja ja ja ja,"La imagen es un meme que presenta dos personajes en un entorno interior, posiblemente una estación de policía o un edificio. A la izquierda, un hombre de cabello claro y vestido con un abrigo oscuro tiene una expresión facial seria y aparece preguntando ""¿Qué viene a qué ????"". En el centro, un individuo vestido con una camiseta de rayas blancas y negras y un abrigo negro tiene un rostro cubierto con un emoticón de una cara sonriente con un logo característico. A la derecha, un oficial de policía, vestido con un uniforme policial de camisa oscura, lleva los brazos cruzados y sonríe, esperando la respuesta, con un texto que dice ""que dizque a denunciar un Robo... !!!! ja ja ja ja"". La imagen se caracteriza por el uso de diálogos en burbujas de texto, un estilo común en los memes.",DS_IMG_2167.jpg,hate speech,neither
Cuando te gusta Rosalía y Caifanes:,"La imagen es un meme que presenta a un hombre sonriendo. Tiene el cabello largo y trenzado en dos coletas, una a cada lado. Lleva puesta una camiseta verde con detalles en amarillo y rojo. En el fondo, se pueden ver elementos decorativos, como un objeto con forma de ampersand. En la parte superior de la imagen, hay un texto que dice: ""Cuando te gusta Rosalía y Caifanes:"", lo que sugiere un mensaje humorístico relacionado con los gustos musicales.",DS_IMG_963.jpg,hate speech,neither
"El Joker vuelve a los cines. La vida de un hombre apodado MRC (machista, racista, clasista).","La imagen es un meme en el que se observa a un personaje con una expresión facial exagerada, similar a la del Joker, pero con rasgos que recuerdan a una figura pública conocida. El personaje tiene cabello verde, un rostro pálido y labios pintados de rojo, lo que contrasta con su traje que consiste en una chaqueta morada y una camisa naranja. En la parte superior de la imagen hay un texto que dice ""EL JOKER VUELVE A LOS CINES"" y en la parte inferior ""LA VIDA DE UN HOMBRE APODADO MRC (MACHISTA, RACISTA, CLASISTA)"". La imagen parece utilizar un humor ácido para hacer un comentario social, con fondos neutros que no distraen de la figura principal.",DS_IMG_186.jpg,hate speech,neither
Adiós Diego Cocca: Te irá mejor en olvido después de tu fracaso con la selección mexicana.,"La imagen es un meme que muestra a varios personajes de una serie animada, de pie en una playa. El personaje del centro, que pareceudo ser el protagonista, está rodeado por otros personajes, todos con expresiones que indican sorpresa o desconsuelo. En la parte superior de la imagen aparece el texto en letras grandes: ""ADiós DIEGO COCCA"", mientras que en la parte inferior se lee: ""TE IRA MEJOR EN OLVIDO DESPUÉS DE TU FRACASO CON LA SELECCIÓN MEXICANA"". El fondo muestra un atardecer con una mezcla de colores cálidos y un ambiente de playa.",DS_IMG_2570.jpg,inappropriate content,hate speech
Muchos ven a una mexicana. Yo veo una rusa.,"La imagen es un meme que presenta a una mujer con cabello largo y oscuro, sentada y mirando ligeramente hacia un lado, mientras sonríe de manera sugerente. En la parte superior de la imagen, hay texto que dice ""Muchos ven a una mexicana"" y en la parte inferior se encuentra ""Yo veo una Rusa"", ambos en letras grandes y en un color claro sobre un fondo oscuro. El entorno sugiere un contexto informal. También hay emoticonos sonrientes en la parte superior. La imagen se utiliza para comunicar un mensaje de percepción diferente sobre la identidad de la mujer retratada.",DS_IMG_1045.jpg,hate speech,neither
"¡Oh cielos! Tres de la mañana. ¡Ah, no! Son las dos.","La imagen es un meme dividido en dos paneles. En el panel superior, un personaje de dibujos animados, que es una estrella de mar de color rosa llamada Patricio, está acostado en una cama. Tiene una expresión de sorpresa o asombro y se encuentra cubierto con una manta. Al lado de la cama hay un reloj despertador que muestra la hora. El texto en este panel dice: ""¡Oh cielos, tres de la mañana!"". 

En el panel inferior, Patricio tiene una expresión más relajada y está yaciendo sobre su almohada con los ojos cerrados. El texto en este panel dice: ""Ah, no, son las dos"". La imagen utiliza un fondo azul que simula el entorno submarino y el estilo es el característico de la serie animada en la que aparece el personaje.",DS_IMG_2462.jpg,neither,hate speech
"¿TE GUSTA HACER LOS MEMES MACHISTAS? ¿CUÁNDO FUE LA ÚLTIMA VEZ QUE ESTUVO EN UNA RELACIÓN? AY, TÚ HAS ESTADO SOLTERA PARA SIEMPRE. ESO EXPLICA MUCHO.","La imagen es un meme que presenta a un personaje con cabello rizado y una expresión sonriente. El fondo muestra un entorno de interior con un tono claro. En la parte superior del meme, hay un texto en mayúsculas que pregunta sobre la creación de memes machistas y menciona una relación. En la parte inferior, otro texto también en mayúsculas comenta que la persona ha estado soltera para siempre, sugiriendo que esto explica su comportamiento. El estilo visual es claro y contrastante, típico de los memes en redes sociales, y se presenta en un formato rectangular.",DS_IMG_293.jpg,hate speech,hate speech
"Yo pidiéndole a Diosito que todo lo que coma en diciembre se ma vaya para mis pompis, también pedí la paz mundial pero primero mis pompis.","La imagen es un meme que presenta un personaje animado de un ratón, que parece estar llorando o mostrando un gesto de tristeza. El ratón tiene grandes orejas y un cuerpo pequeño y redondeado. En el fondo, se puede ver un entorno simple, posiblemente un paisaje desértico o una habitación. Arriba de la imagen, hay un texto en letras grandes y negritas que dice: ""YO PIDiéndole A DIOSITO QUE TODO LO QUE COMA EN DICIEMBRE SE MA VAYA PARA MIS POMPIS, TAMBIÉN PEDÍ LA PAZ MUNDIAL PERO PRIMERO MIS POMPIS."" El tono del texto es humorístico, combinando un deseo personal con una mención a la paz mundial.",DS_IMG_2463.jpg,hate speech,neither
"Toy Story 1 enseñó a no rendirte nunca  
Toy Story 2 enseñó lealtad  
Toy Story 3 enseñó a dejar ir  
Toy Story 4 enseñó a seguir adelante  ","La imagen es un meme que presenta un fondo con personajes de la película ""Toy Story"" sentados juntos en un entorno similar a un patio. En la parte superior de la imagen, hay un texto que enumera lecciones aprendidas de cada película de ""Toy Story"". El texto dice: ""Toy Story 1 enseñó a no rendirte nunca"", ""Toy Story 2 enseñó lealtad"", ""Toy Story 3 enseñó a dejar ir"" y ""Toy Story 4 enseñó a seguir adelante"". El meme está decorado con un marco simple y el nombre ""Lciidy Yangana"" en una caja de texto color naranja en la esquina inferior izquierda.",DS_IMG_1147.jpg,hate speech,neither
"Yo gané la elección. No, yo gané la elección.","La imagen es un meme que presenta dos paneles con un fondo oscuro. En ambos paneles, aparece un personaje similar a un astronauta, con un traje de color verde y blanco. A la izquierda, el personaje tiene una expresión decidida y dice ""Yo gané la elección"" en un texto negro sobresaliente. A la derecha, el mismo personaje, pero en una pose ligeramente diferente, responde con una expresión también decidida, diciendo ""No, yo gané la elección,"" en otro texto negro. La imagen está diseñada para enfatizar un diálogo en el que ambos personajes afirman haber ganado algo.",DS_IMG_2459.jpg,hate speech,neither
"Si para que un personaje original te represente tiene que cambiar su raza, sexo u orientación sexual para que coincida con el tuyo. Lo siento. El racista y sexista eres tú. CAMBIOS DE RAZA. Quizás los que se quejan no son los únicos racistas.","La imagen es un meme que se presenta en un formato de dos paneles. En el panel superior, un hombre está de pie junto a una pizarra blanca, señalando con una mano. El texto dice: ""Si para que un personaje original te represente tiene que cambiar su raza, sexo u orientación sexual para que coincida con el tuyo"". En el panel inferior, el mismo hombre sonríe y el texto de la pizarra blanca dice: ""Lo siento. El racista y sexista eres tú"". Debajo de los paneles, aparece un título que dice ""CAMBIOS DE RAZA"" con un subtítulo que dice: ""Quizás los que se quejan no son los únicos racistas"". El estilo de la imagen parece inspirarse en un formato de presentación.",DS_IMG_115.jpg,hate speech,neither
"Dios: *Crea a los humanos*  
Humanos: *Crean Grand Theft Auto, Mortal Kombat y Super Mario*  
Dios:  
ESO SÍ QUE ES OTRA ONDA.","La imagen es un meme que presenta dos secciones. En la parte superior, un texto en fuente grande dice: ""Dios: *Crea a los humanos*"". Debajo, hay otro texto que dice: ""Humanos: *Crean Grand Theft Auto, Mortal Kombat y Super Mario*"". En la parte inferior, se muestra una imagen de un personaje animado con una expresión de sorpresa y entusiasmo, que levanta las manos, acompañado del texto: ""ESO SÍ QUE ES OTRA ONDA"". El fondo de la imagen muestra un atardecer con árboles y una edificación.",DS_IMG_218.jpg,neither,neither
"Cuando el Brayan, el Kevin y el Brandon están listos para el party con la Britany, la Kimberly y la Nicol.","La imagen es un meme que muestra a tres personas en una tienda. A la izquierda, hay un niño con una camiseta de rayas que sostiene una botella de bebida. Al centro, un hombre adulto con una camisa de cuadros sostiene una botella más grande. A la derecha, otro hombre, de pie y con una expresión de orgullo, sostiene una caja de bebida y tiene los brazos cruzados. El fondo muestra estanterías con varias botellas de licor. En la parte superior de la imagen hay un texto que dice: ""Cuando el Brayan, el Kevin y el Brandon están listos para el party con la Britany, la Kimberly y la Nicol.""",DS_IMG_1753.jpg,hate speech,neither
"— Debes de aprender a cocinar, sino, ¿qué vas a comer cuando vivas solo? — ... Yo:","La imagen es un meme que presenta a un perro de la raza Shiba Inu vestido con un gorro de chef blanco. El perro está sentado con una expresión tranquila y tiene una cuchara de madera en una de sus patas delanteras. En la mesa frente a él hay un plato con una especie de tortilla o crepe, con un relleno visible, y un vaso con una bebida de color marrón, posiblemente un batido de chocolate. En la parte superior de la imagen, hay texto en español que incluye un diálogo sobre aprender a cocinar y una pregunta sobre qué comer cuando se vive solo. El estilo del meme es humorístico, utilizando la figura del perro para enfatizar la conversación.",DS_IMG_1578.jpg,neither,neither
La pedofilia no existiría si no hubiesen niños tan guapos.,"La imagen es un meme con un fondo de color verde con rayas radiales. En el centro, se encuentra la imagen de un hombre con una sonrisa, que viste una vestimenta blanca típica de una figura eclesiástica. El texto se encuentra en la parte superior e inferior de la imagen. En la parte superior, está escrito ""LA PEDOFILÍA NO EXISTIRÍA"", y en la parte inferior se puede leer ""SI NO HUBIESEN NIÑOS TAN GUAPOS"", ambos en letras grandes y en negrita con un contraste que resalta sobre el fondo.",DS_IMG_1256.jpg,hate speech,neither
"Cuando me entero que mi esposo ya cobró. Papucho, muñeco, RORRO!!","La imagen es un meme que muestra a dos personajes de una escena de televisión. En el primer plano, un hombre con una expresión facial de sorpresa y desesperación está abrazando a una mujer. La mujer, que tiene una expresión intensa y enérgica, parece estar hablando enérgicamente al hombre. El texto en la parte superior de la imagen dice: ""Cuando me entero que mi esposo ya cobró"". En la parte inferior, se puede leer: ""Papucho, muñeco, RORRO!!"". El estilo visual es característico de memes que utilizan escenas de programas cómicos.",DS_IMG_791.jpg,inappropriate content,neither
"-Menciona algo que te guste mucho  
-Yo:  ","La imagen es un meme que presenta un fondo de tienda colorido, con luces brillantes y una decoración peculiar. En el primer plano, un hombre que lleva una camiseta negra y una gorra se está abrazando a un objeto en forma de falo, mostrando una expresión de felicidad y complicidad. Su rostro está inclinado hacia el objeto, y los labios están formando un pequeño beso. En el fondo, hay varias personas, una de ellas con gafas de sol y otra con una camiseta de rayas. En la parte superior de la imagen, hay texto que dice: ""-Menciona algo que te guste mucho -Yo:"".",DS_IMG_1048.jpg,hate speech,neither
"Un día escuché a mi hija que estaba sola en el jardín decirle a alguien: “De acuerdo, te dibujaré. Pero tienes que encontrar el color rojo porque tienes sangre en el cabello”.","La imagen presenta a un niño con el rostro visiblemente preocupado, con cabello castaño claro y un ligero rayo de luz que ilumina su cara. Su expresión refleja miedo o inquietud. El fondo sugiere un ambiente oscuro, posiblemente de noche, con detalles de una cama y una manta. A la derecha de la imagen, hay un cuadro de texto en color blanco con bordes redondeados que contiene una cita en la que el niño parece estar hablando de un dibujo que hará, pero menciona algo inquietante sobre encontrar ""el color rojo"" debido a ""sangre en el cabello"". La combinación de la imagen y el texto crea un contraste entre la inocencia del niño y la naturaleza oscura del mensaje.",DS_IMG_2969.jpg,neither,hate speech
"El gerente del Sonora Grill de Masaryk cuando pasa por la sección ""Gandhi"": disculpen que no salude pero a mí la gente morena me da asco.","La imagen es un meme que presenta un texto en la parte superior que dice: ""El gerente del Sonora Grill de Masaryk cuando pasa por la sección 'Gandhi'"". En el panel principal, se observa a un personaje vestido con un atuendo colorido, que incluye un sombrero y un abrigo verde, expresando una actitud de desdén. A su lado, hay una mujer de cabello rubio, con una expresión que parece incómoda. En la parte inferior de la imagen, se puede leer el texto: ""disculpen que no salude pero a mi la gente morena me da asco"". El meme utiliza un estilo humorístico y sarcástico.",DS_IMG_202.jpg,hate speech,neither
"-Joven, muéstreme el avance de su proyecto final por favor. ¿Para qué? ¿O qué?","La imagen es un meme que presenta un texto en la parte superior que dice: ""Joven, muéstreme el avance de su proyecto final por favor."" En la parte inferior se muestra un hombre con una expresión facial confundida o sorprendida, y se incluyen las palabras: ""¿Para qué? ¿O qué?"" La escena parece tener lugar en un entorno exterior, con una sombra que sugiere un espacio descubierto. El estilismo del meme es característico, con un formato de imagen dividido entre el texto en la parte superior y la imagen en la parte inferior.",DS_IMG_1768.jpg,inappropriate content,neither
y usted como se jala el ganso,"La imagen es un meme que muestra a dos personas en una entrevista. A la izquierda, un hombre con cabello corto y barba ligera, vestido con un traje gris oscuro, mira hacia la derecha con una expresión seria. A la derecha, una mujer con cabello largo y suelto sostiene un micrófono con el número ""13"" visible, y parece que está haciendo una pregunta. El texto en la parte superior de la imagen dice: ""y usted como se jala el ganso"". La escena parece estar ambientada en un evento o conferencia.",DS_IMG_1044.jpg,hate speech,neither
"MACHISMO: Es creer que las mujeres son inferiores al hombre. HEMBRISMO: Es creer que los hombres son inferiores a las mujeres. FEMINISMO: Es creer en la importancia de la igualdad de género, invalidando la idea de jerarquía de género como concepto construido por la sociedad.","La imagen es un gráfico educativo que presenta tres conceptos relacionados con la desigualdad de género. En la parte superior izquierda, se encuentra el término ""MACHISMO,"" acompañado de la descripción ""Es creer que las mujeres son inferiores al hombre,"" junto a íconos de figuras masculina y femenina. En la parte superior derecha, se halla el término ""HEMBRISMO,"" con la descripción ""Es creer que los hombres son inferiores a las mujeres,"" y figuras similares, pero la masculina está en una postura más de sumisión. En la parte inferior, está el término ""FEMINISMO,"" que incluye dos figuras humanas levantando los brazos en señal de triunfo. La descripción dice: ""Es creer en la importancia de la igualdad de género, invalidando la idea de jerarquía de género como concepto construido por la sociedad."" El estilo visual es minimalista, utilizando íconos en color negro sobre un fondo blanco.",DS_IMG_281.jpg,hate speech,hate speech
Disculpe jefe¿Vamos a descansar el día de los muertos? ¿Está usted muerto? No - Entonces a trabajar,"La imagen es un meme que presenta un diálogo entre dos personajes. La parte superior contiene texto que cita una conversación, donde uno de los personajes pregunta si se puede descansar el Día de los Muertos y el jefe responde preguntando si está muerto. El personaje que pregunta responde que no, y el jefe concluye que entonces debe trabajar. A continuación, hay una ilustración de un pequeño ratón, que parece llorar y tiene un aspecto triste, extendiendo su brazo hacia un objeto, mientras que un emoji de payaso se superpone parcialmente a la imagen. La estética del meme incluye un estilo de dibujo animado, y el humor se basa en la respuesta del jefe en un contexto laboral.",DS_IMG_2121.jpg,inappropriate content,neither
¿Por qué nunca subes fotos sonriendo?,"La imagen es un meme que presenta una escena con un diálogo en la parte superior. El texto dice: “¿Por qué nunca subes fotos sonriendo?”. En la parte inferior, hay una mujer con cabello rubio y rizado, que lleva una blusa negra con detalles plateados. Su expresión es seria y tiene los ojos cerrados. Detrás de ella, se superpone una imagen difusa de la misma mujer sonriendo ampliamente, mostrando sus dientes. Esta imagen superpuesta parece etérea o fantasmal, creando un contraste entre la expresión seria y la sonrisa.",DS_IMG_1160.jpg,neither,neither
Cuando le echa la Coca Cola muy rápido al vaso,"La imagen es un meme que presenta un texto en la parte superior que dice ""Cuando le echas la Coca Cola muy rápido al vaso"". En la parte inferior se observa una fotografía de dos personas en un campo de fútbol. Un hombre, que parece ser un entrenador, está acercando su rostro al de un jugador, mientras que está tocando su cabeza con ambas manos. El entrenador tiene una expresión intensa, casi de sorpresa, mientras que el jugador muestra una expresión neutral. Ambos visten ropa deportiva, y el entorno parece ser un estadio de fútbol, dado el césped y otros detalles de fondo.",DS_IMG_1030.jpg,inappropriate content,neither
"AY, MAMACITA... ¡TAN NACIONALISTA NO SOY!!! CONSUMA LO QUE EL PAÍS PRODUCE","La imagen es un meme que presenta un estilo de caricatura. En el lado izquierdo, hay una mujer con una expresión coqueta, con cabello largo y oscuro. Ella lleva una camiseta blanca con el texto ""CONSUMA LO QUE - EL PAÍS PRODUCE"" y una falda de cuadros en tonos rojos y negros. La mujer está posando con una mano en su cadera y la otra levantando su cabello. En el fondo se pueden ver paredes de ladrillo. 

En el lado derecho, un hombre con cabello rizado y una expresión de sorpresa o miedo asoma por la ventana de un coche azul, con una mano levantada como si estuviera gritando. La escena transmite un tono humorístico y provocador. El texto en la burbuja de diálogo de la mujer dice: ""AY, MAMACITA... ¡TAN NACIONALISTA NO SOY!!!"".",DS_IMG_3225.jpg,hate speech,neither
"Por el amor de Dios, qué página tan ofensiva.","La imagen es un meme que presenta una representación artística de Jesucristo, con su rostro en primer plano y una expresión de sorpresa o resignación. La figura tiene las manos levantadas y los ojos mirando hacia arriba. El fondo es negro. En la parte superior de la imagen, hay texto en letras mayúsculas que dice: ""POR EL AMOR DE YO"". En la parte inferior, el texto también en mayúsculas dice: ""QUÉ PÁGINA TAN OFENSIVA"". El estilo del meme utiliza tipografía grande y contrastante para enfatizar el mensaje.",DS_IMG_621.jpg,neither,neither
¿Racista? ¿Yo? ¡El negro quiere tener derechos! ¡Una banana para el mono!,"La imagen es un meme que consiste en tres paneles, todos ellos con un estilo de animación que recuerda a personajes de cuentos de hadas. En el primer panel, un personaje femenino tiene una expresión de sorpresa y confusión, con la boca abierta como si estuviera hablando. En el segundo panel, el mismo personaje muestra una postura gesticulante, enfatizando sus palabras con las manos mientras expresa indignación. En el tercer panel, su postura es similar, pero se le ve más despreocupada al decir ""¡Una banana para el mono!"" Todos los textos en los paneles están en español, con un estilo de fuente que resalta el contenido de cada diálogo.",DS_IMG_106.jpg,hate speech,neither
"Mientras tú te pasas el día viendo memes  
Yo también lo hago jajaj, salu2","La imagen es un meme que se divide en dos paneles. En ambos paneles, se muestra a un hombre mayor con cabello canoso y barba blanca, sentado frente a una laptop. Él sostiene una taza, que parece contener una bebida caliente, y tiene una expresión sonriente. 

El texto en la parte superior del primer panel dice: ""MIENTRAS TÚ TE PASAS EL DÍA VIENDO MEMES"". En el segundo panel se encuentra el texto: ""YO TAMBIÉN LO HAGO JAJH, SALU2"". En la esquina inferior izquierda hay un logotipo de Instagram que dice ""SATANÁS TE BENDIGA"". El fondo de la imagen muestra una habitación iluminada con plantas en macetas.",DS_IMG_3284.jpg,hate speech,neither
Cuando veo un homofóbico en pleno 2019 ¿Que no estaban extintas esas cosas?,"La imagen es un meme que presenta dos mamuts representados en un estilo animado, probablemente de una película familiar. En la parte superior se encuentra un texto que dice: ""CUANDO VEO UN HOMOFOBICO EN PLENO 2019"", en letras grandes y negritas. Debajo, uno de los mamuts se asoma y pregunta: ""¿Que no estaban extintas esas cosas?"", en letras más pequeñas. Los mamuts tienen expresiones de sorpresa y confusión. El fondo está lleno de vegetación, creando un ambiente natural. La imagen también incluye una barra al pie con el texto ""•Bisexual• Amino"".",DS_IMG_477.jpg,inappropriate content,hate speech
"El jefe me aseguró que ya no hace ""nada de nada"" con su mujer. Sería muy feo si lo hiciera... ¡Su mujer falleció hace 5 años!...","La imagen es un cómic que muestra dos mujeres en un ambiente de oficina. La mujer a la izquierda, vestida con un vestido azul, tiene una expresión coqueta y está pensativa, con corazones dibujados a su alrededor. Ella parece hablar sobre el jefe y dice: ""EL JEFE ME ASEGURÓ QUE YA NO HACE 'NADA DE NADA' CON SU MUJER"". La mujer a la derecha, con un vestido rojo, está sentada frente a una computadora y responde con un tono serio: ""SERÍA MUY FEO SI LO HICIERA... ¡SU MUJER FALLECIÓ HACE 5 AÑOS!"". La escena está dibujada en un estilo caricaturesco, con un ambiente colorido y expresiones exageradas.",DS_IMG_3222.jpg,inappropriate content,hate speech
*Me mido el 🍆 con la regla* El señor de la papelería:,"La imagen es un meme que presenta texto en la parte superior que dice ""*Me mido el 🍆 con la regla*"" y después continúa con ""El señor de la papelería:"". Abajo del texto, hay un dibujo o caricatura de un gato que tiene una expresión neutral. A la izquierda del gato, se encuentra un personaje animado que parece ser un híbrido entre un humano y un animal, con un cuerpo muscular y características faciales exageradas. El fondo muestra un suelo de baldosas, lo que sugiere un ambiente interior.",DS_IMG_1046.jpg,inappropriate content,neither
¿Por qué le escribiste a mi novia? porque eso hacen los amigos.,"La imagen es un meme que consta de dos paneles de una escena animada. En el primer panel, un personaje de color verde, con una expresión enojada, está de pie frente a una puerta, aparentemente cuestionando a otro personaje. El texto en la parte superior dice: ""¿Porqué le escribiste a mi novia?"". En el segundo panel, el mismo personaje verde se muestra en un ángulo más cercano, y otro personaje, un burro de color gris, responde con una expresión relajada. El texto en la parte inferior dice: ""porque eso hacen los amigos"". La escena se desarrolla en un entorno natural con elementos de un bosque.",DS_IMG_1000.jpg,inappropriate content,neither
"When estás en un trío y tu kompa te quiere meter la mazcauata... Espera Piter, soy io :v","La imagen es un meme que presenta un fondo oscuro, donde se ve a un personaje con apariencia de esqueleto o monstruo, que tiene una expresión sorprendente. El texto en la parte superior dice ""When estas en un trío y tu kompa te quiere meter la mazcatuata..."", mientras que en la parte inferior dice ""Espera Piter, soy io :v"". El estilo del meme combina elementos de humor y un contexto que parece relacionado con situaciones informales o de amistad.",DS_IMG_904.jpg,hate speech,neither
¡YA VIENE JULIO! Y NO SE VE MUY BIEN...,"La imagen es un meme que muestra un primer plano de un hombre con cabello rizado y un tono de piel bronceado. Su expresión facial es una sonrisa amplia, que parece tener un aire de confianza. En la parte superior de la imagen, hay texto en letras grandes que dice: ""¡YA VIENE JULIO!"" A continuación, en la parte inferior, el texto dice: ""Y NO SE VE MUY BIEN..."". En una esquina, se observa un pequeño logotipo con la cara de un personaje y algunos íconos de redes sociales. El fondo de la imagen parece ser un entorno en un evento social, aunque los detalles son borrosos.",DS_IMG_2279.jpg,neither,neither
when llegas de la chamba y no está la cena servida xD,"La imagen es un meme que presenta una escena animada de un personaje con cabello rubio y largo, de estilo ficticio, en un entorno que parece estar devastado. El personaje está en una postura de queja, con una expresión que muestra frustración o decepción. En el primer plano, hay un gran brazo que parece estar acercándose hacia el personaje, como si estuviera a punto de golpearlo. La parte superior de la imagen incluye texto en inglés y español, que expresa la frustración de llegar a casa y descubrir que no hay cena. En la esquina inferior derecha, hay un logotipo o marca de un creador de contenido.",DS_IMG_1195.jpg,neither,neither
AHORA SÍ LES DIGO A LOS HOMBRES: DE USTEDES NO APRENDemos ES NAA!! JAJAJA QUE PREGUNTA TAN HP!! CASI ME DAÑA EL REINADO!,"La imagen es un meme que muestra a una mujer con una corona y una banda que dice ""COLOMBIA"", celebrando en un evento de belleza. Ella tiene una expresión sonriente y parece estar en el centro de atención. A su lado, otra mujer también vestida para el evento, observa. En la parte superior e inferior de la imagen, hay texto en letras grandes y en mayúsculas. El texto expresa una queja o comentario humorístico sobre la situación. El fondo muestra un escenario iluminado, típico de un concurso de belleza.",DS_IMG_2059.jpg,hate speech,neither
"¡Amá, el señor que trajiste anoche se llevó la tele!","La imagen muestra una escena en una habitación. En el centro hay una cama con sábanas arrugadas. Una mujer está acostada en la cama, cubierta parcialmente con una sábana, y parece estar dormida. A su lado, un niño pequeño, vestido con un pijama de lunares, está de pie junto a la cama. El niño tiene una expresión de sorpresa y está sosteniendo la mano de la mujer mientras señala hacia la parte de la habitación con la otra mano. Hay un texto en la parte superior que dice: ""¡Amá, el señor que trajiste anoche se llevó la tele!"" A la izquierda de la imagen, se puede ver una lámpara de mesa y algunos objetos sobre una mesita de noche. En el fondo, hay una pared de color claro.",DS_IMG_948.jpg,neither,neither
"¡AUNQUE LES DUELA! Che, vamos a insultar a los tala árboles y después nos echamos un tanguito, igual podemos hacer lo que queramos aquí. Juan: Hay que aplicarles el 33 de la constitución o deportarlos. María: ¿Qué es una constitución?","La imagen es un meme que presenta dos secciones. A la izquierda, hay dos personajes con cuerpos musculosos, cada uno vistiendo una camiseta con la bandera de Argentina, y uno de ellos lleva un sombrero tipo boina. Están acompañados por el texto en español que habla sobre insultar y hacer lo que quieran. A la derecha, hay dos perros (estilo Doge), uno con un sombrero de mariachi y otro con una trenza, que están conversando. El diálogo incluye menciones sobre la constitución y un comentario que pregunta qué es la constitución. El meme tiene un estilo humorístico y se utiliza para hacer una crítica o comentario social, acompañado del mensaje ""¡AUNQUE LES DUELA!"".",DS_IMG_17.jpg,inappropriate content,hate speech
Evolución de la basura a través de los años.,"La imagen presenta un meme titulado ""Evolución de la basura a través de los años"", organizado en un formato de seis paneles dispuestos en dos columnas. En la parte superior, se muestran tres íconos de papelera de reciclaje de diferentes años: 

1. **1995**: Un ícono pixelado en estilo retro.
2. **1998**: Un ícono más detallado, también en un estilo digital.
3. **2000**: Un ícono de papelera con un diseño simplificado.

En la parte inferior, hay tres íconos:

4. **2006**: Una papelera de reciclaje en un estilo tridimensional.
5. **2015**: Una versión más moderna y estilizada de la papelera.
6. **2020**: Un ícono que combina elementos de una papelera de reciclaje con el logotipo de TikTok, insinuando una evolución cultural.

Cada panel está etiquetado con el año correspondiente, y todo el texto está en un formato claro y legible.",DS_IMG_2940.jpg,hate speech,neither
No manches wey ¿cómo van a ser lo mismo?,"La imagen es un meme dividido en tres paneles. En la parte superior izquierda, hay una fotografía de un rostro con una expresión muy amplia y una piel pálida, con ojos grandes y negros. En la parte superior derecha, se observa una figura similar a un personaje de horror con grandes ojos y una sonrisa exagerada. En la parte inferior, un hombre se encuentra sentado frente a algunos estantes que contienen productos, especialmente paquetes de ""Tortillinas"". Él tiene una expresión tranquila y sonriente mientras habla. En la parte inferior del panel se encuentra texto en español que dice: ""No manches wey, ¿cómo van a ser lo mismo?"". El estilo general del meme mezcla elementos de terror con humor cotidiano.",DS_IMG_2365.jpg,hate speech,neither
El fandom del macho está muriendo. Like si eres un verdadero machista.,"La imagen es un meme que presenta un personaje de animación con una apariencia robusta y un atuendo que incluye un body negro con un diseño azul adornado en la parte superior. El personaje lleva una capa roja y un collar grande. Su expresión es seria y desafiante. En la parte superior de la imagen, hay un texto en letras grandes que dice ""EL FANDOM DEL MACHO ESTÁ MURIENDO"". En la parte inferior, el texto dice ""LIKE SI ERES UN VERDADERO MACHISTA"", también en letras grandes. El fondo de la imagen es blanco, lo que hace que el texto y el personaje resalten.",DS_IMG_310.jpg,hate speech,neither
Me he enterado que se jubilaba el gerente de Ikea y le he enviado un pastel...!!!!,"La imagen es un meme que presenta un mensaje de texto en la parte superior que dice: ""Me he enterado que se jubilaba el gerente de Ikea y le he enviado un pastel...!!!"". Debajo del texto, se muestra una disposición de varios ingredientes en recipientes. A la izquierda hay un tazón con azúcar, seguido de un recipiente con harina, y luego dos trozos de mantequilla. A continuación, hay un pequeño tazón con un líquido que parece ser leche o vainilla, dos huevos en el centro y, finalmente, otro pequeño tazón con azúcar. La imagen tiene un fondo sencillo, que resalta los ingredientes y el texto arriba.",DS_IMG_3182.jpg,neither,neither
"Cuando te dice ""Mi chocolatito"" pero cuando está enojada te grita: Cállate Coca cola con ojos.","La imagen es un meme dividido en dos paneles. El panel izquierdo muestra a un hombre sonriendo mientras está sentado en un automóvil, con una expresión alegre y relajada. El panel derecho presenta al mismo hombre, pero con una expresión de sorpresa y miedo, con los ojos muy abiertos y la boca ligeramente abierta. En la parte superior de la imagen hay un texto que dice: ""Cuando te dice 'Mi chocolatita' pero cuando está enojada te grita: Cállate Coca cola con ojos."" El estilo del meme combina el humor con la representación de emociones contrastantes.",DS_IMG_815.jpg,hate speech,neither
"La que te gusta, su ex, su stalker, su hijo, su sobrino, tú.","La imagen es un meme que se compone de seis paneles organizados en dos filas y tres columnas. En la primera fila, se encuentran tres personajes de una serie, cada uno con un texto descriptivo: 

- A la izquierda, hay una mujer con cabello platino y una expresión seria, con el texto ""LA QUE TE GUSTA"".
- En el centro, un hombre musculoso con un diseño tribal en su torso, acompañado del texto ""SU EX"".
- A la derecha, otro hombre con una expresión de contemplación y vestimenta de guerrero, con el texto ""SU STALKER"".

En la segunda fila, también hay tres paneles:

- A la izquierda, una imagen de un dragón, con el texto ""SU HIJO"".
- En el centro, un hombre con el cabello oscuro y una mirada seria, con el texto ""SU SOBRINO"".
- A la derecha, el mismo hombre de la casilla central de la fila anterior, pero con expresión diferente, con el texto ""TÚ"".

El estilo del meme se basa en el uso de personajes reconocibles de una serie, en este caso, ""Game of Thrones"", para transmitir un mensaje humorístico sobre relaciones",DS_IMG_1844.jpg,inappropriate content,neither
"¿Qué comiste tacos de carnitas? Papi, dile a esta naca que con suerte no la confundieron y la echaron a la olla...","La imagen es un meme que presenta a un hombre con cabello largo y oscuro, usando un traje negro. Está sosteniendo un teléfono móvil en su mano izquierda y parece estar hablando con una expresión facial de sorpresa o preocupación. La parte superior de la imagen incluye el texto ""¿QUE COMISTE TACOS DE CARNITAS?"", mientras que la parte inferior contiene el texto ""PAPI DILE A ESTA NACA QUE CON SUERTE NO LA CONFUNDIERON Y LA ECHARON A LA OLLA..."". El fondo es borroso, lo que sugiere que el foco está en la persona y el mensaje del meme.",DS_IMG_1876.jpg,hate speech,hate speech
"No estoy en contra de que haya hombres feos, pero por qué todos viven en esta ciudad.","La imagen es un meme que presenta a una mujer con una expresión facial de descontento o incredulidad. Ella tiene el cabello largo y oscuro y está vestida con una blusa sin mangas de color rosa. El fondo de la imagen es de color rojo con rayas radiales que emanaban del centro, creando un efecto dinámico. El texto en la parte superior de la imagen dice: ""NO ESTOY EN CONTRA DE QUE HAYA HOMBRES FEOS."" En la parte inferior, se encuentra un segundo enunciado que dice: ""PERO POR QUÉ TODOS VIVEN EN ESTA CIUDAD."" El estilo del meme es típico, con texto en mayúsculas y un diseño gráfico que capta la atención.",DS_IMG_697.jpg,hate speech,neither
Yo riéndome a las 4 de la madrugada sin saber porqué.,"La imagen es un meme que muestra a un gato con una expresión peculiar, aparentemente riéndose o haciendo una mueca. El gato está sentado sobre una cama o superficie suave, con un fondo desenfocado que parece ser de una pared. Su boca está abierta, mostrando sus dientes, y sus ojos parecen estar cerrados o entrecerrados, lo que sugiere una expresión cómica o de diversión. En la parte superior de la imagen, hay un texto que dice: ""Yo riéndome alas 4 de la madrugada sin saber porque,"" lo que complementa la imagen con un contexto humorístico sobre reírse de manera inexplicable a altas horas de la noche.",DS_IMG_2136.jpg,hate speech,neither
"EN SERIO, NO ME DIGAS...","La imagen es un meme que presenta a un hombre con una expresión facial exagerada, mostrando ojos muy abiertos y una sonrisa amplia. El fondo parece ser una oficina con cortinas o paneles. En la parte superior de la imagen, hay texto en letras grandes y negritas que dice ""EN SERIO, NO ME DIGAS..."". El estilo del meme se basa en la reacción cómica del personaje, que transmite sorpresa o incredulidad.",DS_IMG_2450.jpg,neither,neither
"Gracias, pero tan chiquitos no le gustan.","La imagen es un meme que presenta una fotografía en la que un hombre, vestido con un abrigo oscuro y una camisa negra, sostiene a un bebé que lleva una camiseta rosa, extendiéndolo hacia otra persona. En el fondo, se puede ver a una multitud de personas, así como a un hombre mayor con un atuendo blanco, posiblemente en un contexto religioso. El texto del meme, encima de la imagen, dice: ""GRACIAS, PERO TAN CHIQUITOS NO LE GUSTAN"". El estilo general del meme utiliza una combinación de humor y sarcasmo.",DS_IMG_998.jpg,hate speech,neither
¿Qué onda con esta tabla de picar? Ya van tres veces que resucita el pollo.,"La imagen es un meme que presenta una tabla de picar de madera con un diseño que se asemeja a una tabla de Ouija. En la parte superior de la tabla, hay una serie de letras, números y símbolos. Una mano sostiene un cuchillo mientras corta un tomate que está colocado sobre la tabla. El fondo es de color claro y la imagen tiene un texto en la parte superior que dice ""¿Qué onda con esta tabla de picar? Ya van tres veces que resucita el pollo"". El estilo de la imagen es humorístico, característico de los memes en redes sociales.",DS_IMG_2195.jpg,hate speech,neither
-Yo cuando puse 1444 en YouTube.,"La imagen muestra un meme con un joven sentado en un sofá. El chico lleva puesto un casco y tiene una expresión de sorpresa, con los ojos muy abiertos y la boca ligeramente agachada, lo que sugiere asombro o incredulidad. En la parte superior de la imagen, hay un texto que dice: ""-Yo cuando puse 1444 en youtube"". En la esquina izquierda, se puede ver el logo de ""Memes hub"". El entorno parece ser una sala de estar con muebles en tonos claros.",DS_IMG_2387.jpg,hate speech,neither
Que tranquila está la jornada de la Liga MX,"La imagen es un meme que presenta a un personaje de un programa infantil, conocido por su cabeza grande y rostro amigable, sentado recostado en una cama. El personaje lleva una camiseta de rayas multicolores y tiene una expresión relajada y sonriente. En la parte inferior de la imagen, hay un texto en letras grandes y en negrita que dice: ""Que tranquila está la jornada de la Liga MX"". El fondo tiene colores brillantes y un diseño de habitación infantil.",DS_IMG_2674.jpg,hate speech,neither
"OYE TRANQUILO, VIEJO","La imagen es un meme compuesto por dos paneles. En el panel izquierdo, un hombre con cabello corto y rizado, usando una camisa colorida con patrones, levanta una mano en un gesto de detención. En el panel derecho, un joven con cabello lacio y castaño, vestido con una camiseta de color azul oscuro con letras, muestra una expresión de calma mientras extiende su mano como si estuviera hablando. En la parte inferior de la imagen, hay texto que dice ""OYE"" en el panel izquierdo y ""TRANQUILO, VIEJO"" en el panel derecho.",DS_IMG_187.jpg,hate speech,neither
"Yo, cada vez que viajo: ¿Y si me quedo a vivir aquí?","La imagen es un meme que presenta un fondo de una playa con aguas transparentes y personas disfrutando del paisaje bajo un cielo azul con nubes. Al frente, hay un niño que tiene una expresión pensativa, con una mano en su boca como si estuviera meditando. El texto en la parte superior dice: ""Yo, cada vez que viajo: ¿Y si me quedo a vivir aquí?"" en un tipo de letra grande y clara. El contraste entre la imagen alegre de la playa y la expresión del niño sugiere una reflexión divertida sobre el deseo de quedarse en un lugar de vacaciones.",DS_IMG_581.jpg,hate speech,neither
"Para aquellas mujeres que no les gusta el hombre maduro, aquí les traigo uno verde.","La imagen presenta a un hombre vestido completamente de verde neón, que incluye un traje, corbata, sombrero y gafas de sol. Él sostiene un teléfono móvil del mismo color y tiene una expresión sonriente. El fondo muestra un entorno urbano con algunas personas y edificios. En la parte superior de la imagen hay un texto que dice: ""Para aquellas mujeres que no les gusta el hombre maduro, aquí les traigo uno verde."" A la derecha, se encuentra un emoji que representa una cara riendo con lágrimas.",DS_IMG_3260.jpg,neither,neither
Tener Android y comprarlo de contado; Tener iPhone y comprarlo en Elektra en pagos chiquitos y con la Beca.,"La imagen presenta un conjunto de seis bandas de color que varían de tonos claros a oscuros, dispuestas de izquierda a derecha. Sobre las bandas, hay texto en un estilo de fuente sencillo. El texto de la primera y segunda banda dice ""Tener Android y comprarlo de contado"" y ""Tener iPhone y comprarlo en elektra en pagos chiquitos y con la Beca"", respectivamente. La imagen utiliza un diseño minimalista, sin elementos gráficos adicionales, centrándose en las comparaciones de los tipos de dispositivos y métodos de compra.",DS_IMG_40.jpg,neither,neither
"Tengo frío, pon un judío más al horno.","La imagen es un meme compuesto por una fotografía en blanco y negro de Adolf Hitler, con su rostro en primer plano, mirando hacia su derecha con una expresión seria. De fondo, se observa una bandera nazi con una esvástica, parcialmente cubierta por el rostro y el texto. El meme tiene un formato clásico de texto en mayúsculas con bordes blancos y contorno negro en la parte superior e inferior de la imagen. La parte superior dice ""TENGO FRIO"", y la parte inferior dice ""PON UN JUDIO MAS AL HORNO"". El diseño general del meme sigue un estilo popular en redes sociales, donde el texto se superpone a una imagen histórica para construir un mensaje.",DS_IMG_1155.jpg,hate speech,neither
"Jefa, anéxeme, soy adicto a Master Chef Celebrity","La imagen es un meme que presenta una fotografía en sepia de una persona con maquillaje de payaso, mostrando una expresión melancólica. La persona tiene el rostro pintado de blanco, con lágrimas azules dibujadas, y lleva un sombrero blanco. En la parte inferior de la imagen hay un texto que dice: ""Jefa, anéxeme, soy adicto a Master Chef Celebrity"" en un tipo de letra claro y legible. Se observa un fondo con efectos brillantes y dos corazones en la esquina izquierda, agregando un toque decorativo al diseño del meme.",DS_IMG_2629.jpg,hate speech,neither
"¿Pero, no te das cuenta que desde que puse la foto de tu mamá no se acercó más un pájaro?","La imagen es un cómic que muestra a tres personajes en un entorno rural, probablemente en un campo. Uno de los personajes, un hombre con una camisa a rayas y un sombrero, tiene una expresión burlona y está señalando a otro personaje. Este segundo personaje, un hombre cuyo rostro es visible dentro de un marco de foto, parece estar enojado. La tercera figura es una mujer con cabello rubio y una expresión de descontento, que está de pie con las manos en las caderas. El texto a la derecha del cómic contiene un diálogo del hombre en la camisa a rayas, que hace un comentario sobre la foto de la madre de la mujer y cómo ha afectado la presencia de los pájaros. El estilo del cómic es caricaturesco, con colores brillantes y líneas simples.",DS_IMG_3116.jpg,inappropriate content,hate speech
"Cuando le estás lamiendo la papaya a tu novia, te detienes y te pregunta qué pasa. jeje un pelo.","La imagen es un meme que presenta un texto en la parte superior que dice: ""Cuando le estás lamiendo la papaya a tu novia, te detienes y te pregunta que pasa."" El fondo de la imagen muestra un entorno natural, con árboles y vegetación. En la parte inferior, hay una imagen de un gato animado con una expresión traviesa y pícara, que parece estar sonriendo. Debajo del gato, se encuentra el texto ""jeje un pelo"" en letras grandes y en un color blanco. El meme tiene un estilo humorístico, utilizando elementos de la cultura popular para transmitir un mensaje cómico.",DS_IMG_1328.jpg,hate speech,neither
Un Calvario / Una Barbarie,"La imagen es un meme dividido en dos secciones. En la sección izquierda, titulada ""Un Calvario"", se muestra un grupo de cuatro hombres con cabezas rapadas, que tienen expresiones serias y parecen estar en una conversación intensa. La iluminación es tenue y el fondo es oscuro. En la sección derecha, titulada ""Una Barbarie"", hay un grupo de tres hombres con barba, que muestran sonrisas y parecen estar en un ambiente más alegre. El fondo es más claro, con estanterías visibles.",DS_IMG_919.jpg,hate speech,neither
"Gordo, vayamos a un lugar caro. ¿Quieres ir a un supermercado?","La imagen es un meme en formato de cómic. En el primer panel, una mujer de cabello rubio y largo, vestida con una camiseta rosa y un short corto, camina abrazada del brazo de un hombre. El hombre tiene el cabello corto y castaño, y lleva una camiseta azul. Ambos están en una calle con un fondo oscuro y unas luces amarillas que parecen provenir de edificios. El texto del primer panel dice ""Gordo vayamos a un lugar caro"".

En el segundo panel, el hombre tiene una expresión sorprendida y casi escandalizada, y suelta la frase ""¿Querés ir a un supermercado?"". La expresión de la mujer es más alegre y relajada. La ilustración tiene un estilo caricaturesco, con rasgos exagerados en las caras de los personajes. El fondo es simple, y se aleja del detalle para centrarse en la interacción entre los personajes.",DS_IMG_3271.jpg,inappropriate content,neither
Cuando te metes la mano en el pantalón para buscar unas monedas y de paso le das una acariciadita al campeón...,"La imagen es un meme que presenta un texto en la parte superior que dice: ""Cuando te metes la mano en el pantalón para buscar unas monedas y de paso le das una acariciadita al campeón..."". La imagen muestra un personaje de caricatura con un rostro expresivo, que tiene grandes ojos azules y una sonrisa pícara. Este personaje tiene un pelaje predominante de color blanco con negro y está rodeado por un fondo que parece ser un color marrón. La expresión del personaje sugiere una mezcla de sorpresa y travesura, relacionado con el contexto humorístico del texto.",DS_IMG_630.jpg,hate speech,hate speech
Mi Ex: ¿Si me puedes devolver mi chamarra? Mi perrito en el patio:,"La imagen es un meme que presenta un perro de apariencia amistosa, vestido con una chaqueta roja grande que le queda oversized. El perro está de pie en un patio, colocándose las patas delanteras dentro de los bolsillos de la chaqueta. En el primer plano, se pueden ver unas sandalias amarillas en el suelo a los lados del perro. Al fondo, hay un cercado y un segundo perro que se encuentra en la distancia. El texto en la parte superior expresa un diálogo entre una persona y su ex, haciendo referencia de manera humorística a la situación.",DS_IMG_1599.jpg,hate speech,neither
A los que dicen que no son feministas sino que creen en la igualdad entre hombres y mujeres. Felicidades: son feministas.,"La imagen es un meme que presenta un fondo en tonos azul claro y oscuro, divido en diagonal. En el centro, hay un perro de raza labrador que lleva unos anteojos. El perro tiene una expresión facial seriamente divertida. En la parte superior, hay un texto en mayúsculas y negrita que dice: ""A L@S QUE DICEN QUE NO SON FEMINISTAS SINO QUE CREN EN LA IGUALDAD ENTRE HOMBRES Y MUJERES"". En la parte inferior, el texto también está en mayúsculas y dice: ""FELICIDADES: SON FEMINISTAS"". La combinación de la imagen del perro con el texto crea un tono humorístico.",DS_IMG_714.jpg,hate speech,hate speech
No me contesta... Seguro está con otra revolcándose por ahí.,"La imagen es un meme que se compone de dos secciones. En la parte superior, hay una fotografía de una mujer con una expresión de tristeza, sosteniendo un teléfono móvil y mirando hacia abajo, con lágrimas en los ojos. El fondo muestra un paisaje urbano. Justo debajo de la imagen de la mujer, hay un texto en letras grandes que dice: ""No me contesta..."". En la parte inferior de la imagen, se encuentra una segunda fotografía que muestra a un ciclista que ha caído de su bicicleta en un terreno polvoriento. El ciclista está boca arriba en el suelo, con su bicicleta invertida a un lado. A la derecha de esta sección hay un emoji sorprendido, con los ojos abiertos y la boca en forma de ""O"". También hay un texto que dice: ""Seguro está con otra revolcándose por ahí"". En la esquina inferior derecha aparece la firma ""MattDave"".",DS_IMG_3158.jpg,hate speech,hate speech
¿3x5? - Quince ¿5x3? - Cequin - MAMI CON EL PALO NOOOO!,"La imagen es un meme que presenta un fondo claro y una fotografía de un gato con una expresión caricaturesca, mostrando una sonrisa exagerada. En la parte superior, hay texto en color negro que pregunta sobre multiplicaciones, específicamente ""¿3x5?"" seguido de ""Quince"", y luego ""¿5x3?"" con la respuesta ""Cequin"". En la parte inferior, en letras grandes y rojas, se encuentra la frase ""¡MAMI CON EL PALLO NOOOO!"". El gato parece estar en un entorno neutro con un fondo difuso.",DS_IMG_2026.jpg,hate speech,neither
*Confirman OFICIALMENTE que Bajotierra regresa* Los que dijeron y creían que la serie fue cancelada por sus fans:,"La imagen es un meme que incluye texto en negrita en la parte superior y en la parte inferior. El texto dice: ""*Confirman OFICIALMENTE que Bajotierra regresa* Los que dijeron y creían que la serie fue cancelada por sus fans:"". Abajo del texto se presentan dos personajes animados; el de la izquierda tiene un rostro con una expresión sorprendente y lleva un cabello de colores. El de la derecha es un perro con un sombrero de payaso colorido y una nariz roja, mostrando una apariencia cómica. El fondo sugiere un ambiente alegre, y hay un velo de imágenes que refleja el estilo del meme con una estética humorística. El agua de las olas se observa en el fondo, lo cual aporta un toque visual característico de la cultura del meme.",DS_IMG_1736.jpg,inappropriate content,neither
Cuando le tomas foto a la tarea y un pendejo se atraviesa.,"La imagen es un meme que presenta a un personaje de dibujos animados, conocido por su expresión de frustración o enojo, en primer plano. Este personaje tiene el cabello rubio y desordenado y viste una camiseta verde. Detrás de él, se puede ver una pizarra con una serie de fórmulas y problemas matemáticos escritos en tiza. En la parte superior de la imagen, hay texto en mayúsculas que dice: ""CUANDO LE TOMAS FOTO A LA TAREA Y UN PENDEJO SE ATRAVIESA"". En las esquinas inferiores están logos que parecen pertenecer a cuentas de redes sociales.",DS_IMG_1852.jpg,inappropriate content,neither
"Pepito, ¿si echamos una piedra al agua qué pasa? Se hunde. ¿Y si echamos un palo? Ahorita no maestra... estamos en clases.","gen:
La imagen es un meme en formato de cómic que muestra a dos personajes: una mujer y un niño llamado Pepito. La mujer, que viste una chaqueta roja y tiene el pelo largo y oscuro, está sonriendo mientras le hace una pregunta a Pepito. Él es un niño de cabello corto y lleva una gorra, vestido con una camisa y corbata. 

El diálogo muestra un intercambio humorístico: la mujer pregunta qué pasaría si se echara una piedra al agua, a lo que Pepito responde que se hunde. Luego, Pepito hace otra pregunta sobre qué sucedería si echaran un palo, a lo que el cómic sugiere un giro humorístico con una expresión de satisfacción en su rostro. 

En la parte superior derecha de la imagen se incluye un emoticono sonriente, lo que refuerza el tono cómico del intercambio. El fondo es de color naranja, lo que añade calidez a la escena.",DS_IMG_1636.jpg,neither,neither
"Se dice ""cuerpa"" porque es de mujer. El cuerpo es del hombre. Aprendan el ""lenguaje inclusivo"" malditos machistas.  NO TE AVERGÜENCES DE TU CUERPA ♥","La imagen muestra una pintura mural en una pared que lleva un mensaje en letras grandes y negritas. El texto dice: ""NO TE AVERGÜENCES DE TU CUERPA"" y está acompañado por un dibujo de una figura femenina con el cabello ondulado y una expresión de serenidad. El fondo es una mezcla de colores claros y la escena tiene un ambiente nocturno. En la parte inferior de la imagen, hay varias personas sentadas en el suelo, algunas de ellas sosteniendo objetos y mostrando posturas relajadas. La imagen transmite un mensaje sobre la aceptación del cuerpo y el uso de lenguaje inclusivo.",DS_IMG_325.jpg,hate speech,neither
Mamá ¿me dejas tatuarme? - No - ... Ya no voy a trapear. La sopa se te quema. Me lo voy a pagar con mis domingos. Ya no voy a ir por las tortillas. Ya no voy a ir a misa. Ni que te fuera a doler a ti. Mi tía cocina más rico. A mi hermano sí lo hubieras dejado. Me voy a ir de la casa. Ya no me hables. Me vas a perder para siempre. Mi papá sí me deja. Tú sí te tatuaste la ceja.,"gen:

La imagen es un meme que presenta un perro pequeño, que parece ser un chihuahua, con una expresión que combina tristeza e incredulidad. El fondo es borroso, enfocándose principalmente en el perro. 

En la parte superior, hay un texto grande que dice: ""MAMÁ ¿ME DEJAS TATUARME?"", seguido de la respuesta ""NO"" un poco más abajo, y un comentario en forma de silencio representado con puntos suspensivos.

Alrededor del perro, hay múltiples frases en texto blanco que representan respuestas típicas en un tono desafiante o de desaprobación, como: ""Ya no voy a trapear"", ""La sopa se te quema"", ""Me lo voy a pagar con mis domingos"", y varias otras, reflejando una conversación cómica entre un hijo y su madre en un estilo informal. Algunas frases sugieren actitudes de rebeldía o desdén, mientras que otras son humorísticas en su contenido. 

El meme tiene un formato de collage típico, con texto superpuesto sobre la imagen del perro, y finaliza con un símbolo de labios rosas en la esquina inferior derecha.",DS_IMG_2359.jpg,hate speech,hate speech
"MEXICANOS, VENGO DEL FUTURO LA CAGÜE.. NO VOTEN POR MÍ","La imagen es un meme que presenta a un hombre con cabello desordenado y una expresión facial seria. En la parte superior de la imagen, se encuentra el texto en letras mayúsculas que dice: ""MEXICANOS, VENGO DEL FUTURO"". En la parte inferior, hay otro texto que dice: ""LA CAGUE...NO VOTEN POR MÍ"". El fondo de la imagen es oscuro, lo que resalta al personaje central. El estilo del meme aparenta ser humorístico y satírico.",DS_IMG_1763.jpg,hate speech,neither
Podrías funcionar al menos... ¡por solo 5 minutos!,"La imagen es un meme que contiene dos paneles extraídos de una escena de la película animada ""Shrek"". En el primer panel, el personaje principal, Shrek, tiene una expresión facial relajada y sonriente. El texto en la parte superior dice: ""Podrías funcionar al menos..."". En el segundo panel, su rostro refleja sorpresa o frustración, y el texto dice: ""¡por solo 5 minutos!"". En el fondo, se puede ver un ambiente que sugiere un espacio al aire libre con elementos naturales. Además, hay una figura geométrica colorida que aparece en el segundo panel, posiblemente como un elemento de diseño visual.",DS_IMG_2443.jpg,hate speech,neither
Cuando llevas 10 segundos sin cantar Mon Laferte.,"La imagen es un meme en el que se puede ver a un joven con una expresión facial de incomodidad o frustración. Tiene la mandíbula tensa y parece estar esforzándose por contener una emoción. En el fondo, hay una chica con el cabello largo y oscuro, que está sentada en una mesa, enfocada en algo en frente de ella. En la parte superior de la imagen, en letras grandes y en negrita, dice: ""CUANDO LLEVAS 10 SEGUNDOS"". En la parte inferior, también en letras grandes y en negrita, se puede leer: ""SIN CANTAR MON LAFERTE"". El estilo del meme es típico de redes sociales, utilizando un texto llamativo para transmitir su mensaje humorístico.",DS_IMG_2447.jpg,hate speech,neither
Soy amargado? No me digas.,"La imagen es un meme que presenta un gato con una expresión facial seria y desdén. El gato tiene pelaje de colores claros con manchas oscuras, y sus ojos están abiertos, mostrando una mirada intensa. En la parte superior de la imagen, hay texto en letras grandes y en negrita que dice ""SOY AMARGADO?"", y en la parte inferior, el texto también en letras grandes y en negrita dice ""NO ME DIGAS"". El fondo de la imagen es de un color neutro, lo que resalta la expresión del gato y el texto.",DS_IMG_2353.jpg,hate speech,neither
QUE GAS ISRA SI ME VAS A DAR UN AVENTÓN MAÑANA SIN ALBUR,"La imagen es un meme con un fondo verde que tiene líneas en diferentes tonalidades. En el centro, hay un personaje estilizado que lleva gafas de sol y una chaqueta oscura, con una expresión que sugiere confianza o despreocupación. En la parte superior de la imagen, en texto grande y en mayúsculas, se lee ""QUE GAS ISRA SI ME VAS A DAR UN AVENTON MAÑANA"". En la parte inferior, también en mayúsculas y en un formato llamativo, se encuentra la frase ""SIN ALBUR"". El meme utiliza un estilo gráfico sencillo y vibrante, característico de muchos memes en redes sociales.",DS_IMG_1758.jpg,hate speech,neither
"Yo el 1 de enero: Señor, ¿tiene pan? Panadero: Sólo del año pasado yo El panadero BENEDICTO XVI","La imagen es un meme que consiste en varios paneles dispuestos en una cuadrícula. En la parte superior se encuentran dos textos: ""Yo el 1 de Enero: Señor tiene pan?"" y ""Panadero: Sólo del año pasado"". Abajo, a la izquierda, hay una imagen de un personaje animado con una expresión confundida. A la derecha, hay una imagen de un hombre riéndose de manera exagerada. En la parte inferior, centrada, se encuentra el texto ""BENEDICTO XVI"" seguido de una imagen de un esqueleto en un ataúd, con una expresión que parece burlona. La combinación de imágenes y textos busca crear un contraste humorístico.",DS_IMG_912.jpg,neither,neither
"Cuando tu lencería dice Victoria's Secret, pero tu cuerpo dice Burger King.","La imagen presenta un cerdo de cerámica que está vestido con lencería. El cerdo tiene un sombrero de oficial de policía y lleva un arnés brillante que resalta sobre su cuerpo rosado. Su parte inferior está adornada con un corset de encaje negro y medias con lunares, lo que contrasta con su apariencia tradicional. El fondo es difuso y verde, sugiriendo un entorno al aire libre. En la parte superior, hay un texto que dice: ""Cuando tu lencería dice Victoria's Secret, pero tu cuerpo dice Burger King"", lo que añade un mensaje humorístico a la escena.",DS_IMG_1353.jpg,neither,neither
cuando estás con tu celular en la calle y un niño te pregunta si tienes free fire: déjame adivinar: ¿escuela pública?,"La imagen es un meme que muestra una escena de un programa de televisión animado. En la parte superior, hay un texto que dice: ""cuando estas con tu celular en la calle y un niño te pregunta si tienes free fire:"". 

En el panel inferior, hay dos personajes. El personaje a la izquierda tiene una expresión algo confundida o incómoda, con una gorra y ropa casual. El personaje a la derecha, con un estilo más elegante y usando gafas, tiene una sonrisa despectiva y levanta una mano en una pose de adivinanza. Él dice: ""DÉJAME ADIVINAR: ¿ESCUELA PÚBLICA?"". El fondo muestra un entorno simple y colorido.",DS_IMG_1809.jpg,inappropriate content,neither
¿Qué métodos anticonceptivos usas?,"La imagen presenta a una mujer con cabello largo y oscuro, que está sosteniendo un vaso transparente mientras bebe su contenido. En la parte superior de la imagen, hay un recuadro con un texto que dice ""Rífense"" seguido de un emoticono sonriente. Justo debajo, hay una pregunta que dice ""¿Qué métodos anticonceptivos usas?"" acompañado de un emoticono pensativo. El entorno es neutro y no hay otros elementos destacados en la imagen que desvíen la atención del foco principal.",DS_IMG_1496.jpg,hate speech,neither
"-Oye, ¿Sabías que Google es machista? -No, no lo sabía. ¿Por qué es machista? -Porque pones en el buscador ""Actores"" y te muestra puros hombres, ¡ni una sola mujer! *fe en la humanidad perdida*","La imagen es un meme que consta de dos partes. En la parte superior, hay un diálogo en letras grandes que dice: ""Oye, ¿Sabías que Google es machista? - No, no lo sabía. ¿Por qué es machista? - Porque pones en el buscador 'Actores' y te muestra puros hombres, ni una sola mujer!!"". En la parte inferior, se muestra la cara de un joven con expresión de sorpresa y desagrado, utilizando auriculares y con un fondo que incluye varios objetos decorativos. Encima de su cabeza, hay un texto que dice ""*fe en la humanidad perdida*"". En una esquina, hay una imagen más pequeña de otra persona con una expresión neutral.",DS_IMG_247.jpg,hate speech,hate speech
El dólar ya está más barato que las tortillas,"La imagen es un meme en formato de viñeta que representa una tortillería, con un letrero en la parte superior que dice ""TORTILLERÍA"". En el mostrador, hay un personaje con un sombrero y un delantal que está sonriendo. Este personaje parece ser el dueño de la tortillería y sostiene un libro de registros. Frente a él, se puede ver a otro personaje, que parece un cliente, con una expresión de sorpresa. El texto de la imagen dice: ""El dólar ya está más barato que las tortillas"". En la esquina inferior derecha, hay un hashtag que dice ""#EsClasico"". ",DS_IMG_1398.jpg,hate speech,neither
"Busco al administrador del grupo, me dijo que viniera vestida de colegiala, ¡ay que nervios!","La imagen es un meme que muestra a un niño o niña que lleva una camiseta de manga corta blanca y una falda corta de color gris, junto con calcetas negras. El fondo es un paisaje al aire libre, con tierra y algunas piedras visibles. El texto en la parte inferior de la imagen dice: ""BUSCO AL ADMINISTRADOR DEL GRUPO, me dijo que viniera vestida de colegiala, ayy que nervios!!!"". El estilo del meme es humorístico, utilizando una combinación de texto y una imagen para transmitir un mensaje cómico.",DS_IMG_1579.jpg,hate speech,neither
El gato viendo cómo te llevan a la comisaría por tener que sacar al perro.,"La imagen muestra un gato de raza Scottish Fold que está sentado sobre una superficie cerca de una ventana. El gato lleva gafas de sol oscuras y tiene una expresión relajada mientras observa hacia afuera. La luz solar entra por la ventana, iluminando la escena. En la parte superior de la imagen, hay un texto que dice: ""El gato viendo como te llevan a la comisaría por tener que sacar al perro."" El ambiente parece ser un interior hogareño, con iluminación natural y un tono general tranquilo.",DS_IMG_2007.jpg,neither,neither
"JUGAREMOS EN EL CONA, MIENTRAS EL BRAYAN NO ESTÁ...","La imagen es un meme que presenta un grupo de seis mujeres en un entorno al aire libre, rodeadas de vegetación. La mayoría de ellas llevan camisetas blancas y algunas tienen detalles de colores. Varios de los personajes están mostrando barrigas que parecen estar pintadas con dibujos o patrones, sugiriendo un efecto humorístico. En la parte superior de la imagen hay un texto en letras grandes y en negrita que dice: ""JUGAREMOS EN EL CONA, MIENTRAS EL BRAYAN NO ESTÁ."" El estilo del meme es característico, con un enfoque en el humor y un toque coloquial.",DS_IMG_3078.jpg,inappropriate content,neither
"¡Bah! ¡¿Lunes otra vez?! Garfield, tú ni siquiera trabajas. Tu disgusto por los Lunes es injustificado. ¡SPLICE! ¡Bah! ¡¿Lunes otra vez?!","La imagen es un meme que consta de cuatro paneles. En el primer panel, un gato amarillo, que representa a Garfield, tiene una expresión cansada y mira un calendario que muestra ""Lunes 2"". En el segundo panel, un personaje humano se dirige a Garfield, diciéndole que su disgusto por los lunes es injustificado, mientras Garfield mantiene su expresión indiferente. En el tercer panel, hay una escena dinámica donde Garfield ataca al personaje humano con un gesto violento, y aparece la palabra ""SLICE!"" en letras grandes, junto con una salpicadura de sangre. En el cuarto panel, Garfield, que ahora está vestido con un uniforme de prisionero y tiene una bola de cadena, mira otro calendario que muestra ""Lunes 21"", repitiendo su expresión de desánimo.",DS_IMG_3014.jpg,inappropriate content,neither
"Yo nunca juego a la guerra. Sí, pero juego a la isla de aventuras de Hello Kitty. Butters, dijiste que jugabas con la computadora. ¡Compra el mundo del arte de guerra antes de que te asesinemos!","La imagen es un meme que consiste en cuatro paneles, extraídos de la serie de televisión ""South Park"". 

En el primer panel, un grupo de niños está sentado en un aula. Un niño con un sombrero rojo dice: ""YO NUNCA JUEGO A LA GUERRA"". Los otros niños tienen expresiones variadas de atención. 

El segundo panel muestra a otro niño, Cartman, resaltando lo que parece ser un mapa en la pared, mientras le dice a otro niño llamado Butters: ""BUTTERS, DIJISTE QUE JUGABAS CON LA COMPUTADORA"".

En el tercer panel, Butters responde: ""SÍ, PERO JUEGO A LA ISLA DE AVENTURAS DE HELLO KITTY"", mientras los demás niños continúan mirando con interés.

El cuarto panel presenta a Cartman de nuevo, quien exclama: ""¡COMPRA EL MUNDO DEL ARTE DE GUERRA ANTES DE QUE TE ASESINEN!"", enfatizando su mensaje con un gesto y mirando hacia Butters. En el fondo, hay mapas y otros objetos colgados en la pared. 

El estilo general es característico de la animación de """,DS_IMG_86.jpg,hate speech,hate speech
cómo se quita el modo creativo,"La imagen muestra un gato de color naranja saltando en el aire. El gato tiene una expresión concentrada y sus patas están extendidas hacia abajo. Está en un entorno que incluye un rascador azul a la izquierda, con un fondo de pared pintada de un tono claro. En la parte inferior de la imagen, hay un texto en letras grandes y blancas que dice: ""cómo se quita el modo creativo"". La composición sugiere una situación humorística relacionada con la creatividad y las travesuras de los gatos.",DS_IMG_1812.jpg,inappropriate content,neither
-Profe...si me saca el dedo me hundo?,"La imagen muestra a una mujer joven en una piscina, con un gorro de natación azul y una expresión sonriente, mientras nada hacia adelante con los brazos extendidos. Detrás de ella, un hombre, que parece ser su instructor, la sostiene con una mano, apoyándole para evitar que se hunda. El texto en la parte inferior de la imagen dice: ""-Profe...si me saca el dedo me hundo?"". La escena se desarrolla en un ambiente acuático, con agua clara y un tono de diversión.",DS_IMG_1024.jpg,hate speech,neither
"""Lo sentimos, este video no está disponible en tu país"" YO: *Pinche racista*","La imagen es un meme que presenta un texto en la parte superior y en la parte inferior, así como una imagen central. En la parte superior, se puede leer: ""Lo sentimos, este video no está disponible en tu país"". En la parte inferior, hay un espacio en blanco con el texto ""*Pinche racista*"". La imagen central muestra a un personaje con una expresión seria o molesta, con un peinado peculiar que parece tener un objeto en la cabeza. El estilo del meme es típico de las redes sociales, utilizando un formato simple y llamativo. Además, en la esquina superior derecha, hay un sello que dice ""MADE IN KOREA"". El meme parece abordarse con humor sobre la geolocalización y las restricciones de contenido.",DS_IMG_24.jpg,neither,neither
"El hostess del Sonora Grill viendo a un moreno: - Buenas noches señor, quiere irse al fondo de inmediato y sin escándalo.","La imagen es un meme extraído de la serie ""Los Simpson"" que muestra una escena en un restaurante. En el lado izquierdo, un personaje con un traje de gala y una pajarita está de pie, sosteniendo un menú. Tiene una expresión seria y parece estar hablando. A la derecha, se encuentra Homer Simpson, caracterizado por su camiseta blanca y sus pantalones azules, con una expresión confundida. El texto del meme presenta un diálogo que se interpreta como una conversación en el contexto del restaurante, con un tono humorístico.",DS_IMG_3043.jpg,hate speech,hate speech
Un gran poder conlleva una gran responsabilidad.,"La imagen es un meme que presenta un diálogo entre dos personajes en un vehículo. En la parte superior, se encuentra el texto ""UN GRAN PODER"" en letras mayúsculas y en la parte inferior dice ""CONLLEVA UNA GRAN RESPONSABILIDAD"", también en mayúsculas. Uno de los personajes, que aparece más cercano a la cámara, tiene el rostro serio y una expresión intensa, mientras que el otro personaje está parcialmente visible, con la cabeza agachada y parece escuchar atentamente. El entorno es interior de un auto, lo que sugiere un momento de conversación importante.",DS_IMG_215.jpg,inappropriate content,neither
"En un mundo de princesas, sé una perra caliente.","La imagen muestra a un grupo de seis niñas en un estudio de danza. La niña a la izquierda está vestida con un disfraz de hot dog, que incluye un cuerpo marrón y una parte amarilla que representa la mostaza. Las otras niñas están vestidas con diferentes vestidos de princesa en tonos variados, como azul, verde y rosa, varios de ellos decorados con tul. En el centro, una niña tiene el brazo levantado, sonriendo, mientras que las demás parecen hacer poses o sonreír. El fondo del estudio es sencillo, con espejos y barras de ballet. En la parte superior de la imagen hay un texto que dice: ""En un mundo de princesas, sé una perra caliente.""",DS_IMG_984.jpg,hate speech,neither
"Ya déjalo, ya está muerto.","La imagen es un meme que presenta una escena de ""Los Simpsons"". En el fondo, un grupo de niños observa con expresiones de asombro y sorpresa. En el primer plano, hay una figura que aparece caída en el suelo, vestida con una camiseta a rayas, lo que sugiere que simula ser un prisionero. Sobre esta figura están superpuestos dos escudos de países: uno representa a México y otro a Argentina, ambos con efectos de esfera brillantes. El texto en la parte superior dice ""YA DÉJALO YA ESTÁ MUERTO"". La escena tiene un ambiente humorístico, característico de memes en redes sociales.",DS_IMG_2645.jpg,hate speech,neither
No sé si pedirle un kilo de carne o que me haga un túnel a la casa de mi ex.,"La imagen presenta a un hombre en un establecimiento, posiblemente una carnicería o una tienda de alimentos. El hombre tiene un bigote y lleva puesta una camiseta de color gris con un collar negro. Su expresión es seria y está mirando hacia una balanza digital que se encuentra frente a él. En la sección inferior de la imagen, hay un mostrador refrigerado con varios tipos de carne empaquetada, predominantemente de color rojo, y otros productos alimenticios como tortillas. En el fondo, se pueden observar paredes blancas, con algunos carteles que indican la venta de ciertos productos. En la parte superior de la imagen, se muestra un texto en español que dice: ""No se si perderle un kilo de carne o que me haga un túnel a la casa de mi ex.""",DS_IMG_1009.jpg,hate speech,neither
No estoy seguro de si es un meme... o una buena campaña de marketing.,"La imagen es un meme que muestra a un personaje de estilo animado con cabello naranja y una expresión facial de incertidumbre o duda. El personaje mira hacia un lado con una ceja levantada, lo que sugiere confusión o desconfianza. En la parte superior e inferior de la imagen hay texto en letras grandes y en negrita que dice: ""NO ESTOY SEGURO DE SI ES UN MEME... O UNA BUENA CAMPAÑA DE MARKETING"". El fondo es de un color azul sencillo, lo que centra la atención en el personaje y el texto.",DS_IMG_1835.jpg,hate speech,neither
"Mis gustos no cambian, evolucionan.","La imagen es un meme dividido en dos paneles. El panel izquierdo muestra a varios personajes azules de la serie ""Los Pitufos"", entre ellos uno con un gorro rojo, rodeados de un entorno urbano con edificios. En el panel derecho hay tres vasos de color azul con hielo y frutas, decorados con cerezas y una figura de un pitufo de plástico en cada vaso. Ambos paneles están conectados por el texto en la parte superior que dice: ""Mis gustos no cambian, evolucionan"".",DS_IMG_1597.jpg,hate speech,neither
Tiempos oscuros se acercan Harry. Ya empiezan las clases.,"La imagen es un meme que presenta un fotograma de una escena de una película. En el centro, hay un personaje con una larga barba y cabello canoso, vestido con una túnica. Su expresión es seria y expresiva. En la parte superior de la imagen, se encuentra el texto que dice: ""TIEMPOS OSCUROS SE ACERCAN HARRY"". En la parte inferior, está el texto que dice: ""YA EMPIEZAN LAS CLASES"". El texto es grande y se destaca en un formato claro y contundente.",DS_IMG_2471.jpg,hate speech,neither
"Cuando hay una profunda rabia ardiendo en tu interior, pero tienes que ser amable en el trabajo.","La imagen es un meme que presenta un perro de raza chihuahua con una expresión facial peculiar. El perro parece estar sonriendo de una manera que parece forzada, con ojos grandes y una mirada un tanto extraña. En la parte superior de la imagen, hay un texto en español que dice: ""Cuando hay una profunda rabia ardiendo en tu interior pero tienes que ser amable en el trabajo."" El fondo de la imagen muestra una superficie con un patrón simple, añadiendo contexto a la escena.",DS_IMG_2842.jpg,hate speech,neither
Balde no deja de hacer partidazos.,"La imagen es un meme que presenta a un personaje del programa de televisión ""Los Simpson"". El personaje tiene una expresión facial relajada con los ojos entrecerrados y una ligera sonrisa. Su cabello es de un estilo moderno, con los lados cortos y la parte superior más larga. Tiene una barba descuidada y viste una camiseta oscura. En la parte superior de la imagen, hay un texto en letras blancas que dice: ""Balde no deja de hacer partidazos."" El fondo incluye elementos de una habitación, como un espacio de cocina y mobiliario.",DS_IMG_1461.jpg,hate speech,neither
Va a la escuela en casa. Le hacen bullying.,"La imagen es un meme que muestra una fotografía de un joven con una sonrisa amplia y visible, que tiene aparatos dentales. El chico lleva puesta una chaleco a rayas en tonalidades rojas, negras y amarillas sobre una camisa de color azul claro. El fondo es una mezcla de colores morados. En la parte superior e inferior de la imagen hay texto en mayúsculas que dice ""VA A LA ESCUELA EN CASA"" y ""LE HACEN BULLYING"", respectivamente. El estilo presenta un contraste claro entre el texto y la imagen, lo que es común en memes humorísticos.",DS_IMG_800.jpg,hate speech,neither
"Si quieres vender algo, ponle el precio. Son ventas, no adivinanzas.","La imagen es un meme que presenta a un hombre con un sombrero negro y una expresión seria. Se ve que está en un lugar cerrado, probablemente un edificio, con paredes grises y una puerta al fondo. El texto en la parte superior dice: ""SI QUIERES VENDER ALGO PONLE EL PRECIO"" y en la parte inferior se lee: ""SON VENTAS NO ADIVINANZAS"". El estilo del meme es directo y emplea un formato de letras grandes y en negrita, lo que resalta el mensaje.",DS_IMG_2084.jpg,hate speech,hate speech
Mis amigos: *llorando en mi velorio* Mi yo fantasma: Hey! ¡No se suponía que esto era una fiesta!?,"La imagen es un meme que presenta un personaje animado con apariencia de gato que tiene un sombrero. Este personaje tiene una expresión animada y gesticula con una mano, como si estuviera sorprendido o emocionado. El fondo muestra a varias personas en lo que parece ser un evento festivo. En la parte superior de la imagen hay texto que dice: ""Mis amigos: *llorando en mi velorio*"". En la parte inferior, el personaje dice: ""¡Hey! No se suponía que esto era una fiesta!"". El estilo del meme combina elementos de humor y situaciones de la vida cotidiana.",DS_IMG_1043.jpg,hate speech,hate speech
"""No puedo esperar a dormir juntos"" - Yo en la madrugada: Tienes toda la cobija.","La imagen es un meme que presenta un texto en la parte superior que dice: ""No puedo esperar a dormir juntos"" - Yo en la madrugada: La imagen muestra a un gato de pelaje claro y con manchas en tonos crema y blanco, mordiendo o sosteniendo una manta o una prenda de cama con su boca. El fondo sugiere un entorno doméstico, con sábanas arrugadas y una almohada visible. En la parte inferior de la imagen hay un texto que dice: ""Tienes toda la cobija"", lo que añade un toque humorístico al contexto de la imagen.",DS_IMG_755.jpg,hate speech,neither
Mi cajón de los calcetines:,"La imagen es un meme que muestra a un grupo de seis personas posando juntas. Están vestidas con trajes de gala, lo que sugiere que están en un evento formal, como un baile o una celebración. Al fondo se pueden ver árboles y un entorno natural. Las personas están organizadas de manera que algunas se abrazan y otras están de pie con expresiones sonrientes. En la parte superior de la imagen, hay un texto que dice ""Mi cajón de los calcetines:"", indicando que el contenido de la imagen puede ser una broma sobre la diversidad o el contraste de las personas presentes.",DS_IMG_898.jpg,hate speech,neither
TIGRES SI QUIERE PUEDE JUGAR OFENSIVO. NO QUIERO. A VER ¡JUEGA OFENSIVO!,"La imagen es un meme dividido en dos paneles. En la parte superior izquierda, hay un personaje que parece tener una apariencia peluda, con la frase ""TIGRES SI QUIERE PUEDE JUGAR OFENSIVO"" en letras grandes y blancas. Al lado derecho está el logo del equipo Tigres UANL. En la parte inferior izquierda, se observa a un aficionado del mismo equipo, con una camiseta amarilla y azul, expresando una fuerte emoción, mientras grita algo. En la parte derecha se repite el logo de Tigres UANL, junto con la frase ""NO QUIERO"" en letras blancas. Finalmente, en la parte inferior central está la frase ""A VER ¡JUEGA OFENSIVO!"" escrita en letras grandes. El estilo del meme es humorístico, utilizando imágenes relacionadas con el fútbol.",DS_IMG_1422.jpg,hate speech,neither
"Señor presidente, me temo que usted tiene el partido más corrupto del mundo.","La imagen es un meme extraído de la serie animada ""Los Simpson"". En el primer plano se observa a un personaje con gafas y una bata blanca, que sostiene una carpeta y tiene una expresión seria mientras habla. A su lado, un segundo personaje, calvo y con una pequeña cabellera azul, luce sorprendido o preocupado, usando una camiseta rosa. El fondo es de un consultorio médico, y en la parte inferior de la imagen hay un texto en español que dice: ""Señor presidente, me temo que usted tiene el partido más corrupto del mundo"".",DS_IMG_317.jpg,hate speech,neither
"Cuando ves que Chumel Torres va a dar un foro sobre clasismo y racismo en México... ¿Es broma, verdad? Porque es lo más estúpido que he leído.","La imagen es un meme que incluye un fotograma de la serie ""Los Simpson"". Muestra a un personaje masculino de cabello corto y bien peinado, vestido con una camisa blanca y una corbata azul. Está sentado detrás de un escritorio con una expresión de incredulidad. El texto superpuesto dice: ""¿Es broma, verdad? Porque es lo más estúpido que he leído"". El entorno incluye una ventana y una decoración simple en el fondo. En la parte superior de la imagen, hay un tuit que menciona a ""Chumel Torres"" y se refiere a un foro sobre clasismo y racismo en México.",DS_IMG_68.jpg,hate speech,hate speech
Cosas que desaparecen cuando más las necesitas,"La imagen es un meme que presenta un texto en la parte superior que dice ""Cosas que desaparecen cuando más las necesitas"". Debajo del texto, hay cuatro elementos visuales dispuestos en forma de cuadrante. 

1. En la esquina superior izquierda, hay un llavero con varias llaves.
2. En la esquina superior derecha, se muestra una billetera de color marrón.
3. En la esquina inferior izquierda, hay un personaje animado con una cabeza calva y una marca en la frente, que sonríe. Este personaje está vestido con un abrigo naranja y parece estar en un ambiente natural de playa.
4. En la esquina inferior derecha, se presenta un teléfono móvil de color plateado con pantalla negra visible.

El conjunto de elementos crea un contraste entre objetos cotidianos que a menudo se pierden y el personaje animado sonriente.",DS_IMG_1454.jpg,hate speech,neither
"— ¿Y tú, qué moto tienes? — Una Honda, ¿y tú? — ¡Una Llamaha!","La imagen presenta un meme que muestra a tres motociclistas colocados en un entorno urbano. Los motociclistas están vestidos con trajes de protección y cascos, posando junto a sus motos. La moto central es de color rojo, mientras que las otras dos son de diferentes colores y estilos. En el centro de la imagen, hay una llama montada, que tiene una apariencia cómica. La llama lleva una especie de adornos y está en una posición que sugiere que también está participando en la escena. En la parte superior de la imagen, hay un diálogo divertido que remarca la interacción entre los motociclistas, con un juego de palabras que menciona una marca de moto y el término ""llamaha"", que añade humor al meme.",DS_IMG_789.jpg,hate speech,neither
¡GOLAZO AL MACHISMO!,"La imagen presenta un grupo de personajes dibujados con un estilo de caricatura, compuestos principalmente por mujeres y niñas, que están alineadas en varias filas. Todos están vistiendo camisetas amarillas y pantalones cortos blancos, indicando un ambiente deportivo, probablemente relacionado con el fútbol. Algunas de las personas sostienen balones de fútbol. El fondo es de color púrpura, y en la parte superior se encuentra el texto en letras grandes y destacadas que dice: ""¡GOLAZO AL MACHISMO!"". El mensaje visual parece ser de apoyo a la igualdad de género y la lucha contra el machismo en el contexto deportivo.",DS_IMG_353.jpg,hate speech,neither
Mi novia: hay que hermoso novio tengo. Yo: todo chiveado.,"La imagen es un meme que presenta a un hombre sonriente, con una gran expresión de felicidad en su rostro. Tiene cabello oscuro y rizado, y viste una camisa de cuadros en tonos claros y oscuros. El fondo muestra una pared blanca y algunas estructuras urbanas borrosas, como tiendas y un automóvil estacionado. En la parte superior de la imagen, hay texto que dice ""Mi novia: hay que hermoso novio tengo"" y en la parte inferior dice ""Yo: todo chiveado"". El meme parece jugar con la discrepancia entre la percepción de la novia y la propia autopercepción del hombre.",DS_IMG_3195.jpg,inappropriate content,neither
"Ese breve momento casi místico en que te arrodillaste y la tenés ahí, erecta y vibrante, hipnotizándote.","La imagen es un meme que presenta un texto en la parte superior que dice: ""Ese breve momento casi místico en que te arrodillaste y la tenés ahí, erecta y vibrante, hipnotizándote"". Debajo de este texto, se muestra un primer plano de una persona con cabello largo y claro, que tiene una expresión pensativa. Sus ojos son grandes y miran hacia arriba, lo que añade un aire de intimidad y atención a la imagen. El fondo es nebuloso y poco definido, lo que ayuda a enfocar la mirada en la persona. El formato del meme es típico de las redes sociales, con un texto que establece un contexto humorístico o irónico al observar la imagen.",DS_IMG_1647.jpg,hate speech,neither
El que paga el Netflix y todos los que lo usan,"La imagen es un meme que presenta un fondo con los colores de la bandera de México, en verde y rojo. En la parte superior, hay un texto que dice: ""El que paga el Netflix y todos los que lo usan"". En el centro de la imagen, se observa un grupo de cuatro criaturas que parecen ser zarigüeyas, apiladas unas sobre otras, en un entorno natural. Ellas tienen un aspecto curioso y están cerca de una orilla, con hierba visible en la parte inferior. El meme juega con el concepto de la relación entre el pagador de servicios de streaming y quienes utilizan el servicio.",DS_IMG_1850.jpg,inappropriate content,neither
"¿Saben por qué odio tanto a los mexicanos? Por que me parezco un friego a Paquita la del barrio, ¡no mamen!!","La imagen es un meme con un fondo rojo que contiene texto en amarillo y blanco. En el centro, hay una persona con una expresión seria y un maquillaje distintivo, vistiendo una blusa clara, con un escote notable. La persona tiene un peinado específico y mira hacia la cámara. El texto en la parte superior dice: ""¿Saben porque odio tanto a los Mexicanos?"" y en la parte inferior se lee: ""Por que me parezco un friego a Paquita la del barrio, no mamen!!"". El formato general es humorístico, con un juego de palabras y referencias culturales.",DS_IMG_1752.jpg,hate speech,hate speech
"Que sea lo que Dios quiera, pero ojalá Diosito quiera lo que yo quiero.","La imagen muestra un perro de raza pequeña, probablemente un chihuahua, que lleva puesto un sombrero pequeño de vaquero. El perro tiene una expresión seria, con grandes ojos que parecen transmitir un sentimiento de deseo o anhelo. Detrás del perro, se pueden ver partes de un fondo difuso en tonos verdosos y rojizos. En la parte inferior de la imagen, hay texto en español que dice: ""Que sea lo que Dios quiera, pero ojalá Diosito quiera lo que yo quiero"". El diseño tiene un estilo de meme humorístico, combinando una imagen divertida con un texto que sugiere un deseo o esperanza.",DS_IMG_2660.jpg,hate speech,neither
"""Obvio que iba a ganar Johnny Depp, un profe ahí en la facu nos dijo cómo estaba el show pa.""","La imagen es un meme que presenta a un personaje de apariencia similar a Shrek, con una cara expresiva y un cuerpo que parece estar vestido de manera formal. Este personaje tiene un cabello oscuro y lacio, además de una barba poblada. La expresión facial es seria, casi pensativa. En la parte superior de la imagen, hay un texto que dice: ""Obvio que iba a ganar Jonny Depp, un profe ahí en la facu nos dijo cómo estaba el show pa"". En la esquina inferior derecha se puede ver la frase ""RELATOS DE SHREK Y TÚ"".",DS_IMG_166.jpg,hate speech,neither
¿Y SI ROBAS A UN POLÍTICO? ¿ES UN ROBO O UN REEMBOLSO?,"La imagen es un meme que presenta a un personaje conocido, con una expresión de confusión y desdén. Este personaje lleva un traje marrón y una corbata roja, y está inclinado ligeramente hacia un lado, con una mano levantada como si estuviera pensando. El fondo consiste en un paisaje costero, posiblemente una playa. En la parte superior de la imagen hay un texto que dice ""¿SI ROBAS A UN POLÍTICO?"" y en la parte inferior, ""¿ES UN ROBO O UN REEMBOLSO?"". Ambos textos están en letras grandes y en negrita, destacando la temática humorística del meme. Además, hay un logotipo en la esquina superior izquierda que parece referirse a una cuenta de redes sociales.",DS_IMG_2271.jpg,hate speech,neither
"Cuando te estás riendo de memes del virus, pero de pronto la risa se convierte en tos.","La imagen es un meme que presenta un gato negro con ojos muy grandes y una expresión de sorpresa o asombro. El fondo es de un color claro, y se puede ver una pared y una puerta de madera detrás del gato. En la parte superior de la imagen hay un texto que dice: ""Cuando te estás riendo de memes del virus, pero de pronto la risa se convierte en tos."" El diseño del meme incluye un formato de texto típico de imágenes humorísticas en redes sociales.",DS_IMG_2212.jpg,neither,neither
¿Te imaginas llegar al condominio y todas las nanas caminando pa'fuera...?,"La imagen es un meme que presenta un diseño de estilo caricaturesco. En el centro, hay cuatro personajes, todos ellos representados como ""nanas"" o trabajadoras del hogar, de apariencia zombificada. Cada una tiene un aspecto desaliñado y está cubierta de ""sangre"", con expresiones faciales de sorpresa o agresividad. 

El fondo muestra un paisaje urbano, con edificios altos y un camino que sugiere una ciudad. La parte superior de la imagen lleva el texto ""WALKING NANAS"" en letras grandes y en un estilo que evoca películas de terror. En la parte inferior, hay una pregunta escrita en español que dice: ""¿Te imaginas llegar al condominio y todas las nanas caminando pa'fuera...?"" El uso de colores oscuros y tonos apagados contribuye al ambiente inquietante de la imagen.",DS_IMG_196.jpg,inappropriate content,neither
"No te puedo bajar la luna y las estrellas, pero puedo hacer que tus tacones apunten hacia ellas.","La imagen es un meme que presenta una fotografía de una mujer acostada, sonriendo y mirando hacia abajo. Ella tiene el cabello oscuro y rizado, y lleva una blusa de color claro con un diseño de rayas. La expresión de su rostro es relajada y parece divertida. En la parte superior de la imagen hay un texto que dice: ""No te puedo bajar la luna y las estrellas, pero puedo hacer que tus tacones apunten hacia ellas"". El fondo es de un color neutro que no distrae la atención del mensaje y la imagen.",DS_IMG_603.jpg,neither,neither
"Papá, recuerdas cuando me decías ""cuando seas mayor comerás huevos""? Pues te presento a Ramón.","La imagen es un meme que presenta a dos hombres sonriendo mientras se abrazan. El hombre a la izquierda tiene el cabello corto y oscuro, viste una camiseta sin mangas, y parece estar disfrutando del momento con una expresión alegre. El hombre a la derecha, que lleva una camiseta de color claro, también está sonriendo y parece estar cómodamente apoyándose en el otro. De fondo, se puede ver un ambiente al aire libre, con árboles y un camino. El texto en la parte superior dice: ""PAPÁ, RECUERDAS CUANDO ME DECÍAS 'CUANDO SEAS MAYOR COMERÁS HUEVOS'?"", y en la parte inferior: ""PUES TE PRESENTO A RAMÓN"". El estilo del meme utiliza una fuente grande y en negrita, típico de muchos memes para enfatizar el mensaje.",DS_IMG_760.jpg,hate speech,neither
Cuando tu novio va ganando la pelea y tú sabes que él tiene la razón.,"La imagen es un meme que presenta un fondo de un diseño simple. En la parte superior se encuentra un texto que dice: ""Cuando tu novio va ganando la pelea y tú sabes que él tiene la razón."" Abajo, hay una mano amarilla presionando un botón rojo que tiene la inscripción ""ACTIVAR LLANTO"". El fondo y los elementos visuales sugieren un estilo humorístico típico de memes relacionados con situaciones de relaciones.",DS_IMG_1400.jpg,inappropriate content,neither
Cuando lloras pero NO te puedes secar las lágrimas.,"La imagen es un meme que muestra a una mujer con el rostro triste, llorando. Tiene el cabello rizado y de color rojo, y viste una blusa con un diseño floral. Al fondo, hay una mujer a la izquierda con gafas de sol y una camiseta de rayas, mostrando una expresión neutral. En la parte superior de la imagen, hay texto en español que dice: ""Cuando lloras pero NO te puedes secar las lágrimas"". El diseño del meme incluye un borde en color negro y un formato de texto grande y claro.",DS_IMG_1196.jpg,hate speech,neither
"Yo, cuando llego a cualquier lugar y hay más de 5 personas. Ya me quiero ir.","La imagen es un meme que muestra un entorno de café o restaurante con varias mesas de madera y sillas. En el primer plano, hay un muñeco de un unicornio con una expresión facial que parece de desánimo o incomodidad. En la parte superior de la imagen, hay texto en letras grandes y rosa que dice: ""YO, CUANDO LLEGO A CUALQUIER LUGAR Y HAY MÁS DE 5 PERSONAS"". En la parte inferior, en letras grandes y en un estilo de fuente diferente, se lee: ""YA ME QUIERO IR"". En la esquina inferior derecha, hay un pequeño logo o marca que dice ""okchicas"" acompañada de un labio rojo.",DS_IMG_2433.jpg,inappropriate content,neither
Cuando necesitas leche para tus galletas,"La imagen es un meme que presenta a un personaje azul y peludo, similar a un monstruo, que parece estar abrazando a una mujer. La mujer tiene una expresión de alegría y sorpresa, con una gran sonrisa y los ojos abiertos. Ella viste una camiseta sin mangas blanca. En el fondo, se pueden ver colores brillantes y desenfocados que sugieren un entorno animado, posiblemente un lugar público o de diversión. En la parte superior de la imagen, hay un texto en letras grandes que dice: ""Cuando necesitas leche para tus galletas"".",DS_IMG_2213.jpg,inappropriate content,neither
Entiendo que las porno no tengan trama... ¿pero era necesario trapear la planta?,"La imagen es un meme que presenta a una mujer con cabello largo y oscuro, sentada y con una expresión de descontento, mientras sostiene un teléfono móvil en su mano. Detrás de ella, un hombre calvo y musculoso está usando una escoba para limpiar alrededor de una planta en una oficina. El fondo es de colores neutros y hay un mueble que parece un escritorio. En la parte superior de la imagen, hay un texto que dice: ""Entiendo que las porno no tengan trama... ¿pero era necesario trapear la planta?""",DS_IMG_712.jpg,hate speech,neither
"Si wey ya vimos que no te gusta Bad Bunny, ahí cuando venga Mozart te avisamos.","La imagen es un meme que presenta a un personaje de aspecto animado, similar a una muñeca, con cabello rubio y peinado en una coleta alta. El personaje tiene una sonrisa confiada y un maquillaje llamativo. En el fondo, se puede observar un entorno urbano con luces brillantes, posiblemente de una ciudad. El texto en la parte inferior de la imagen dice: “Si wey ya vimos que no te gusta Bad Bunny, ahí cuando venga Mozart te avisamos”, lo que parece ser un comentario humorístico. La tipografía del texto es grande y clara, destacando en un color que contrasta con el fondo.",DS_IMG_122.jpg,hate speech,neither
"Yo en el cine viendo la peli de Barbie: Cuando Barbie mira a la cámara y dice ""tú puedes ser lo que quieras ser""","La imagen es un meme que presenta una escena dramática de un hombre con una expresión facial intensa, mostrando ojos llenos de lágrimas. El texto superior dice ""Yo en el cine viendo la peli de Barbie"", mientras que en la parte inferior está la frase ""Cuando Barbie mira a la cámara y dice 'tú puedes ser lo que quieras ser'"". En la esquina superior derecha, se encuentra el logotipo de ""Barbie"". En la parte inferior izquierda, hay un pequeño gráfico que parece ser un personaje de estilo cómic con el texto ""CAPIMEME"" al lado. El meme parece combinar un tono cómico con un momento emocional.",DS_IMG_1150.jpg,hate speech,hate speech
¡JULIO SE ASOMA!,"La imagen muestra a un hombre asomándose por una puerta entreabierta, sonriendo de manera amigable. Su rostro está parcialmente visible, con una expresión de felicidad. La parte inferior de la imagen contiene el texto ""¡JULIO SE ASOMA!"" en letras grandes y en un estilo llamativo, resaltando el mensaje. La puerta está de color madera clara, creando un contraste con el fondo y el vestuario del hombre, que parece ser de color azul.",DS_IMG_2330.jpg,hate speech,neither
Cuando te vas a ir a la fiesta pero justo ponen tu canción,"La imagen muestra un meme que incluye un texto en la parte superior que dice: ""Cuando te vas a ir a la fiesta pero justo ponen tu canción"". Debajo del texto, hay una fotografía de un camión grande que se encuentra atrapado en un túnel. El camión está bloqueando el espacio, lo que hace que el entorno parezca apretado. Las paredes del túnel son de un color amarillo claro y hay luces encendidas a lo largo de ambos lados. El pavimento parece húmedo, lo que sugiere que ha estado lloviendo. La combinación del texto y la imagen crea un contraste humorístico.",DS_IMG_1621.jpg,hate speech,neither
nunca espero nada de ustedes y aún así logran decepcionarme.,"La imagen es un meme que presenta una escena de una película o serie en la que un personaje, con una expresión sonriente, se encuentra sentado frente a una mesa. El personaje, que lleva un sombrero de fiesta, está rodeado de una decoración casera. En la parte superior de la imagen se encuentra el texto en letras grandes y en mayúsculas que dice: ""NUNCA ESPERO NADA DE USTEDES"". En la parte inferior, el texto también está en mayúsculas y dice: ""Y AÚN ASÍ LOGRAN DECEPCIONARME"". El formato del meme se caracteriza por su uso de texto superpuesto en un estilo llamativo, lo que enfatiza el mensaje.",DS_IMG_2650.jpg,hate speech,neither
¡Cuidado Salcido! ¡No es lo que parece! La fiesta de la selección mexicana.,"La imagen es un meme que utiliza un estilo gráfico típico de la serie de anime ""Dragon Ball"". En el centro, un personaje con cabello rubio y de pie en una postura de poder está rodeado por varios personajes que parecen estar preparados para una situación intensa. En la parte superior de la imagen, hay texto en letras grandes y de color amarillo que dice: ""¡CUIDADO SALCIDO! ¡NO ES LO QUE PARECE! LA FIESTA DE LA SELECCIÓN MEXICANA"". El fondo presenta un efecto de aura o energía que resalta el enfoque en los personajes en primer plano.",DS_IMG_2899.jpg,hate speech,hate speech
El 25 comiendo recalentado. 12 pm 3:00 pm 6:00 pm 9:30 pm,"La imagen es un meme que presenta cuatro paneles en un estilo de cómic. Cada panel muestra al personaje Vegeta, de la serie ""Dragon Ball"", comiendo en diferentes momentos del día, marcados en la parte superior de cada uno. 

- **Primer panel (12 pm)**: Vegeta está en un entorno de comedor, comiendo una pieza de carne con una expresión de satisfacción. 
- **Segundo panel (3:00 pm)**: Vegeta ahora utiliza una cuchara para comer un plato de comida, con una expresión concentrada.
- **Tercer panel (6:00 pm)**: Su expresión es más intensa, mordiendo con voracidad una pieza de carne.
- **Cuarto panel (9:30 pm)**: Vegeta tiene una expresión de satisfacción y cansancio, con los mejillas llenas de comida.

El meme incluye la frase ""El 25 comiendo recalentado"" en la parte superior.",DS_IMG_878.jpg,inappropriate content,hate speech
Cuando la tienes de perrito y te aprieta desde adentro. 😊,"La imagen es un meme que presenta a un personaje de animación con una expresión facial de satisfacción. El personaje tiene un rostro amarillento, con los ojos cerrados y una leve sonrisa. Su cabello es de color marrón y tiene una forma redondeada. Lleva una camisa blanca con un cuello visible. El fondo es de un color rosa sólido. En la parte superior de la imagen, hay un texto que dice: ""Cuando la tienes de perrito y te aprieta desde adentro."" y contiene un emoticono.",DS_IMG_1197.jpg,hate speech,neither
"No, miss yo tengo 32. Maestra solo son 9 firmas.","La imagen muestra a dos hombres en un entorno interior, posiblemente en un restaurante o una sala de reuniones. Uno de ellos lleva una camiseta amarilla y está de pie, con una expresión relajada. El otro hombre, de espaldas, viste una camisa blanca. Hay bocadillos de diálogo que indican el contenido de una conversación: el hombre en amarillo dice ""No, miss yo tengo 32"", y el otro responde ""Maestra solo son 9 firmas"". En el fondo se pueden observar elementos decorativos como hojas secas y un ventilador.",DS_IMG_2832.jpg,hate speech,neither
"Aquí casual, esperando que alguien se enamore de mí.","La imagen es un meme que se compone de cuatro paneles organizados en una cuadrícula. En la parte superior se encuentra un texto que dice: ""Aquí casual, esperando que alguien se enamore de mí"". 

1. Primer panel: Muestra un esqueleto humano en una cama, con un gotero conectado a una bolsa. El esqueleto está en una posición relajada.
  
2. Segundo panel: Presenta el esqueleto recostado sobre una cama, mirando un teléfono móvil que tiene en una mano. A su alrededor, hay una manta blanca.

3. Tercer panel: Muestra al esqueleto en una posición sentada, con las manos en las piernas, viendo hacia un lado.

4. Cuarto panel: Representa al esqueleto asomado detrás de una puerta, con una expresión estática, sugiriendo que está esperando.

El meme utiliza imágenes de un esqueleto en situaciones cotidianas para transmitir un mensaje humorístico sobre la soledad o la falta de atención romántica.",DS_IMG_2037.jpg,hate speech,neither
Nadie: El ajedrez:,"La imagen presenta un meme que se divide en dos partes. En la parte superior, se encuentra texto que dice ""Nadie:"" y debajo ""El ajedrez:"". En el contexto de la parte inferior, hay una escena surrealista con diversos elementos. A la izquierda, se observa un castillo en piedra; al centro, un caballo en posición de salto. Hacia la derecha, hay una figura que se asemeja a la reina, vestida con una corona y una banda. A su lado, hay un hombre vestido con un traje, y más a la derecha, un soldado verde de juguete. Finalmente, en la esquina inferior derecha, hay una figura que parece ser un papa, vestido con una túnica roja y un sombrero. El fondo es un paisaje verde con nubes blancas y un cielo azul.",DS_IMG_1888.jpg,hate speech,neither
Ese momento en el que te das cuenta que los Simpson predijeron que Higuaín jugaría en la Juventus.,"La imagen es un meme que presenta a dos personajes de la serie animada ""Los Simpson"". En el primer plano, Homer Simpson, vestido con una camiseta de árbitro a rayas, tiene una expresión sonriente y parece estar hablando con Lisa Simpson, quien está de espaldas y tiene una expresión pensativa. El fondo muestra un cielo azul con algunas nubes blancas y un poco de vegetación. El texto en la parte superior dice: ""ESE MOMENTO EN EL QUE TE DAS CUENTA"" y el texto en la parte inferior dice: ""QUE LOS SIMPSON PREDIJERON QUE HIGUÁIN JUGARÍA EN LA JUVENTUS"".",DS_IMG_1925.jpg,hate speech,neither
QUE FRÍO Y ESO QUE TODAVÍA NOS QUEDA JULIO EN TERO.....,"La imagen es un meme que combina elementos visuales y texto. En la parte superior, hay un cuadro de texto que dice ""QUE FRÍO"" y debajo, en otro cuadro, se lee ""Y ESO QUE TODAVÍA NOS QUEDA JULIO EN TERO....."". En el fondo, se observa un paisaje verde, posiblemente un campo. En el primer plano, hay un hombre con una expresión sonriente, vestido con una camisa clara y pantalones oscuros, montando sobre un ave grande, que parece un pato, con características exageradas. El ave tiene un cuerpo grande y un rostro peculiar y humanoide. La mezcla de elementos crea un efecto humorístico.",DS_IMG_2272.jpg,hate speech,neither
No me queda de otra. Voy a tener que luchar en la línea virtual de Ticketmaster.,"La imagen es un meme que está dividida en dos paneles, ambos basados en escenas de un anime. En el panel superior, un personaje muscular con cabello oscuro y un atuendo de combate sostiene una prenda, mostrando una expresión pensativa. El fondo presenta un cielo anaranjado y siluetas de estructuras. El texto en la parte superior dice: ""NO ME QUEDA DE OTRA"". En el panel inferior, el mismo personaje aparece con otra expresión, mirando hacia el frente. El texto en este panel indica: ""VOY A TENER QUE LUCHAR EN LA LÍNEA VIRTUAL DE TICKETMASTER"". El estilo del meme es humorístico, utilizando referencias culturales contemporáneas.",DS_IMG_2897.jpg,neither,neither
¿Sabes por qué hay hambre en África? Porque allá todos son negros y no tienen a quién robarle.,"La imagen es un meme que presenta un fondo con un diseño de dos tonos, predominantemente de color azul. En el centro, hay un perro de raza labrador, que lleva gafas. El perro tiene una expresión que puede interpretarse como seria o reflexiva. El texto está distribuido en dos partes: la parte superior pregunta: ""¿SABES POR QUÉ HAY HAMBRE EN ÁFRICA?"", y la parte inferior responde: ""PORQUE ALLÁ TODOS SON NEGROS Y NO TIENEN A QUIÉN ROBARLE"". El texto está en mayúsculas y en un color blanco que contrasta con el fondo.",DS_IMG_819.jpg,hate speech,neither
Bueno... Lo intentamos.,"La imagen es un meme que utiliza un fotograma de la película ""Toy Story"". En la escena, se pueden ver a varios personajes: el Sr. Cara de Papa, un cerdo rosa (que representa a Hamm), un personaje similar a Buzz Lightyear en la parte posterior, y un perro que parece ser Slinky. El fondo está rodeado de vegetación. En la parte superior y inferior de la imagen se encuentra texto en letras grandes que dice ""Bueno..."" en la parte superior y ""Lo intentamos"" en la parte inferior. Además, sobre el cerdo rosa hay un logo que representa a la selección de fútbol de México. El estilo del meme es humorístico y refleja un sentimiento de resignación o intento en un contexto deportivo.",DS_IMG_2646.jpg,hate speech,hate speech
Yo saliendo del drenaje del Foro Sol en el que me escondí 1 semana antes para estar hasta el frente de Taylor Swift.,"La imagen es un meme dividido en dos paneles, que muestra un gran grupo de personas en un concierto. En la parte superior, hay una mujer cubierta de barro con una gran sonrisa, poses que indican satisfacción, mientras otros asistentes al concierto también están emocionados, gritando y levantando las manos. En la parte inferior, la misma mujer cubierta de barro se repite con un fondo similar de personas igualmente emocionadas. La imagen está acompañada por un texto que hace referencia a haberse escondido en el drenaje del Foro Sol para poder estar cerca del escenario durante un concierto de Taylor Swift.",DS_IMG_2615.jpg,inappropriate content,hate speech
"""En Semana Santa maneje con responsabilidad. Usted no va a resucitar el domingo.""","La imagen es un meme que presenta a un personaje con una expresión seria. El fondo es de color claro, y el personaje lleva puesta una camiseta verde. En la parte superior de la imagen, hay texto en letras grandes y negritas que dice: ""EN SEMANA SANTA MANEJE CON RESPONSABILIDAD"". En la parte inferior, otro texto en negritas dice: ""USTED NO VA A RESUCITAR EL DOMINGO"". El estilo del meme se caracteriza por el uso de texto impactante y el uso de un personaje conocido que refuerza el mensaje humorístico.",DS_IMG_2250.jpg,hate speech,neither
me dijiste que eras buenísimo en la cama para roncar!,"La imagen es un meme que presenta dos paneles. En el panel de la izquierda, hay dos mujeres; una de ellas tiene una expresión enfadada y está señalando con el dedo, mientras que la otra parece sorprendida o atónita. En el panel de la derecha, hay un gato blanco sentado frente a un plato de comida. Encima de la imagen, hay un emoji que llora de risa. El texto en la parte superior dice: ""me dijiste que eras buenisimo en la cama"" y en la parte inferior: ""para roncar!""",DS_IMG_3168.jpg,hate speech,neither
Nunca espero nada de ustedes y aún así logran decepcionarme.,"La imagen es un meme que muestra a un niño sentado a la mesa con una expresión de decepción o desánimo. El niño lleva puesta una camiseta verde con el logo de la selección de fútbol de México. En el fondo, se pueden ver elementos decorativos que sugieren un ambiente hogareño, como un aparador y una pared con detalles. En la parte superior de la imagen, hay un texto que dice: ""Nunca espero nada de ustedes y aún así logran decepcionarme"". Este texto está en letras grandes y está centrado.",DS_IMG_2704.jpg,hate speech,neither
Tu abuela cuando le dices que ya no quieres recalentado,"La imagen muestra a una mujer mayor sentada en una silla. Tiene el cabello canoso y está vestida con una sudadera rosa. Con una mano, sostiene un arma de fuego de pequeño tamaño, mientras que con la otra parece estar apoyada en el brazo de la silla. La expresión de su rostro parece ser una combinación de sorpresa y determinación. Al fondo, se puede ver un entorno de una casa, con una mesa y una ventana. En la parte inferior de la imagen hay un texto que dice: ""Tu abuela cuando le dices que ya no quieres recalentado"", en un estilo de fuente grande y en color blanco.",DS_IMG_2910.jpg,inappropriate content,neither
Se viene Julio,"La imagen es un meme que presenta a un hombre con una expresión facial intensa, mostrando una mezcla de euforia y gritos. Su boca está abierta y parece estar emitiendo un grito. Al fondo, se puede ver el cabello de una mujer, cuya cabeza está cerca del hombre. El texto en la parte superior dice ""Se viene Julio"", en un tipo de letra grande y claro, sugiriendo un mensaje humorístico o de emoción. La composición está diseñada para evocar una reacción cómica.",DS_IMG_1961.jpg,neither,neither
¿Qué es más difícil de encontrar? Una mujer virgen o un hombre fiel.,"La imagen es un meme que presenta a una mujer con gafas, mirando hacia la cámara con una expresión ligeramente coqueta y una sonrisa. Su cabello es castaño oscuro y está peinado de forma casual. Sobre la imagen hay texto en letras grandes y en color negro que dice: ""QUE ES MAS DIFICIL DE ENCONTRAR?"" y debajo, en letras igualmente grandes, se lee: ""UNA MUJER VIRGEN O UN HOMBRE FIEL!"" acompañado de un emoticono de diablillo de color púrpura al final del texto. El fondo es de un color claro, lo que hace que el texto y la imagen sean llamativos.",DS_IMG_713.jpg,hate speech,neither
"-¿Y no me hará daño, hacer la limpieza así? -¿Así como? -Así sin música.","La imagen es un meme que presenta un ambiente interior de una sala. En el centro, hay un mono con una expresión facial seria, sosteniendo una escoba con una mano. A su lado hay un trapeador en el suelo. A la derecha, se encuentra una botella de un producto de limpieza de color morado, claramente etiquetada. Al fondo, se aprecian un sofá con un diseño floral, una lámpara de mesa y una mesa de café con algunos objetos decorativos. En la parte superior de la imagen, hay un texto en formato de diálogo que representa una conversación humorística.",DS_IMG_1601.jpg,hate speech,hate speech
"mija usted que estudió enfermería vea la presión de la olla de los frijoles, portá.","La imagen está dividida en dos paneles. En el panel izquierdo, se muestra a un hombre vestido con un traje blanco decorado con flores, llevando un sombrero con una cruz roja, y una insignia del IMSS en la manga. Su expresión es seria y se encuentra en un evento con un fondo lleno de cámaras y otras personas. En el panel derecho, hay una mujer con una expresión de desdén, mirando a la cámara con los labios ligeramente fruncidos. La superposición de texto dice: ""mija usted que estudio enfermería vea la presión de la olla de los frijoles porfa"". El estilo general del conjunto sugiere un meme humorístico.",DS_IMG_2133.jpg,hate speech,neither
"Estoy paseando al perro, agente.","La imagen es un meme que muestra a dos personajes de una película. A la izquierda, un personaje grande y peludo con rasgos similares a un oso, que lleva un cinturón con elementos tecnológicos, levanta las manos sobre la cabeza. A la derecha, un personaje humano con cabello castaño y expresión seria, también tiene las manos en la cabeza. El fondo presenta un entorno de bosque con árboles destruidos. En la parte superior de la imagen, hay un texto que dice: ""Estoy paseando al perro, agente.""",DS_IMG_2184.jpg,inappropriate content,neither
"A ver, con permiso. Soy carpintero y le voy a tomar las medidas para la caja.","La imagen es un meme que muestra una escena en un hospital. En el centro, hay un paciente en una cama que parece estar enfermo, con una expresión seria. Una mujer, vestida con un uniforme de enfermera, está tomando su pulso. A su lado, un hombre con un atuendo que sugiere que es un médico está observando la situación. Detrás de ellos, otra figura masculina está ajustando un monitor conectado al paciente. Además, hay un personaje que se asemeja a una representación de Jesucristo, con una túnica clara, que está observando la escena con interés y se ha inclinado ligeramente hacia el paciente. En la parte superior de la imagen, hay un texto que dice: ""A ver, con permiso. Soy carpintero y le voy a tomar las medidas para la caja."" El ambiente es el típico de un hospital, con equipos médicos visibles en el fondo y una iluminación que sugiere un entorno clínico.",DS_IMG_1140.jpg,hate speech,neither
¿Con quién pasarías 1 semana en este lugar sin móvil ni Internet?,"La imagen muestra un interior acogedor y rústico, probablemente una cabaña o un bungalow. Hay un espacio abierto con un piso de madera, donde se puede ver una cama cercana al suelo, cubierta con sábanas y una manta gris. A la izquierda, hay una planta decorativa y una lámpara de pie que aporta luz suave al ambiente. En la pared de fondo, se aprecian varios elementos decorativos, como un tablero de dardos, cuadros y máscaras. A la derecha, grandes ventanales permiten ver un paisaje natural con palmeras y agua, sugiriendo que el lugar está junto a un río o lago. También se observa un columpio negro colgado del techo, con un cojín naranja. En la parte superior de la imagen, hay un texto que plantea una pregunta sobre pasar una semana en ese lugar sin tecnología.",DS_IMG_1445.jpg,hate speech,neither
"Señores, fue un placer ver este mundial con ustedes. México pa la casa #MexicoVsArabia","La imagen es un meme que presenta una escena de una película en blanco y negro, donde un hombre está tocando un violín. Su expresión es seria y concentrada mientras sostiene el instrumento con la mano izquierda, moviendo el arco con la derecha. En el fondo, se pueden ver otros músicos, lo que sugiere que forma parte de una orquesta. En la parte superior de la imagen, hay un texto que dice: ""SEÑORES FUE UN PLACER VER ESTE MUNDIAL CON USTEDES. MÉXICO PA LA CASA #MexicoVsArabia"", lo que indica un contexto relacionado con un evento deportivo.",DS_IMG_2711.jpg,hate speech,neither
Te quiero mucho Checo,"La imagen presenta un fondo oscuro, en el cual se destacan las palabras ""TE QUIERO MUCHO CHECO"" en un estilo de texto grande y blanco, que transmite un mensaje de afecto. En el lado derecho de la imagen, hay un perro de raza indefinida, que parece un cachorro, vestido con una camiseta y una gorra de piloto de carreras, específicamente del equipo Red Bull Racing. La gorra tiene el número ""11"" visible, indicando una referencia a un piloto de esa escudería. El cachorro tiene una expresión seria, creando un contraste divertido con el mensaje cariñoso del texto.",DS_IMG_2695.jpg,hate speech,neither
"yo viendo todo el chisme de Selena, Arcángel, Anitta, Zayn y los Grammys","La imagen es un meme que muestra a una mujer sentada en un sofá de color morado. Ella tiene una expresión de sorpresa o asombro, cubriendo parcialmente su boca con una mano. Está mirando una laptop negra con un logo de una pera en la parte frontal. La mujer viste una camiseta de manga larga y pantalones con un estampado de signos de paz. El fondo incluye algunos objetos como una bola de ejercicio y un mueble de madera. El texto en la parte superior de la imagen menciona que está viendo chismes relacionados con varios artistas y los Grammys.",DS_IMG_318.jpg,hate speech,neither
Mis amigas: Qué guapa te ves hoy Yo:,"La imagen es un meme que presenta a un perro con un aspecto peculiar. El perro tiene un pelaje desordenado y una expresión que combina incredulidad y sorpresa, con ojos grandes y redondos. Su lengua está fuera de la boca, lo que le da un aire cómico. Lleva puesta una prenda de punto que parece un suéter, parcialmente visible. El fondo es desenfocado, con algunos objetos difusos. En la parte superior de la imagen, hay texto en letras grandes y en color rosa que dice: ""MIS AMIGAS: QUÉ GUAPA TE VES HOY"", y abajo a la izquierda está escrito ""YO:"" sin ningún texto adicional. En la esquina inferior derecha, aparece un logotipo que dice ""okchicas"" junto a un emoji de mujer.",DS_IMG_2149.jpg,hate speech,neither
"Cuando alguien le dice mejor amiga a tu mejor amiga. Ah no hermano, consíguete la tuya.","La imagen es un meme que presenta un diálogo entre dos personajes de una escena de una película. En la parte superior, se encuentra el texto en letras negritas y grandes que dice ""CUANDO ALGUIEN LE DICE MEJOR AMIGA A TU MEJOR AMIGA"". A continuación, en la parte inferior, se muestra el texto ""AH NO HERMANO, CONSÍGUE LA TUYA"" en un tamaño también destacado. Los personajes en la imagen muestran expresiones de sorpresa y confusión: uno tiene una expresión seria y el otro parece un poco desconcertado. El fondo es de colores difuminados, con un estilo de diseño que recuerda a otros memes populares.",DS_IMG_2152.jpg,hate speech,neither
¿Qué haces aquí? - Publicaste que si ganaba México regresábamos.,"La imagen es un meme que presenta un cuadro de diálogo en la parte superior con el texto ""¿Qué haces aquí?"" y una respuesta que dice ""Publicaste que si ganaba México regresábamos"". En el fondo, hay una persona con un rostro confundido o sorprendido. La persona tiene cabello oscuro y un bigote. Se pueden ver algunos objetos coloridos en primer plano, lo que sugiere que la escena tiene lugar en un entorno informal o festivo. El estilo general de la imagen es típico de los memes, con un contraste entre el texto destacado y la expresión facial del personaje, que añade un elemento cómico a la situación.",DS_IMG_2772.jpg,neither,neither
El bingo cuñado feminista: Igualdad significa trato especial para mí; Quiero decirte qué hacer y qué pensar; Todo me ofende; La mujer cobra menos por el mismo trabajo; (blablabla) por el hecho de ser mujer; Estoy estudiando para portavoza; La culpa es del heteropatriarcado; Llevarme la contraria es una forma de opresión; Culpabilizo a personas por su condición; Quiero privilegios por mi vagina divina.,"La imagen presenta un meme titulado ""EL BINGO CUÑAO FEMINISTA"" en la parte superior. Está dividida en una cuadrícula de 3x3 con nueve cuadros, cada uno conteniendo una frase o afirmación relacionada con la temática del feminismo. Las frases incluyen: ""Igualdad significa trato especial para mí"", ""Quiero decirte qué hacer y qué pensar"", ""Todo me ofende"", y otras, algunas de ellas utilizando un tono satírico. En la parte inferior, se observa a una persona con cabello oscuro y lacio, usando gafas y sosteniendo un teléfono móvil, presentada en un estilo que parece ser provocativo. El fondo es de color amarillo y el formato general sugiere una crítica social.",DS_IMG_250.jpg,hate speech,hate speech
¿Quién para? ALIENÍGENAS ANCESTRALES,"En la imagen, dos personas están sentadas en la cama, abrazadas. La mujer está en primer plano, mirando una pantalla de televisión que muestra el título ""ALIENÍGENAS ANCESTRALES"" en letras grandes y brillantes. La habitación tiene una decoración acogedora, con luces suaves alrededor del entorno. La cama está cubierta con una manta blanca y hay almohadas esparcidas. La expresión de ambos parece de interés o sorpresa mientras ven el programa. El ambiente es cálido y tranquilo, sugiriendo un momento íntimo de relajación.",DS_IMG_1537.jpg,hate speech,neither
Cuando tu tía estudia diseño gráfico y ya puede hacer sus propias imágenes de Piolín. Y decían que nunca iba a servir para nada.,"La imagen es un meme que muestra a un personaje de la serie animada ""Bob Esponja"", específicamente a Patricio Estrella, sentado en un entorno submarino. Patricio tiene una expresión que parece divertida y repleta de asombro. En la parte superior de la imagen, hay un texto en letras grandes que dice: ""CUANDO TU TÍA ESTUDIA DISEÑO GRÁFICO Y YA PUEDE HACER SUS PROPIAS IMÁGENES DE PIOLÍN"". En la parte inferior, hay un texto que dice: ""Y DECÍAN QUE NUNCA IBA A SERVIR PARA NADA"". El fondo incluye colores vibrantes y elementos del mundo marino, y el diseño sugiere un humor lúdico relacionado con la capacidad de crear algo.",DS_IMG_2066.jpg,hate speech,neither
Nadie: Un niño en el bus viéndome fijamente.,"La imagen es un meme que presenta un fondo con un ambiente interno de un autobús. En primer plano, hay un perezoso que asoma su cabeza hacia la cámara. El perezoso tiene una expresión facial que simula una pequeña sonrisa, con grandes ojos oscuros. En la parte superior de la imagen, se incluye un texto que dice: ""- Nadie: Un niño en el bus viéndome fijamente."" A la izquierda se pueden ver parcialmente a personas sentadas en el autobús. La composición es humorística, jugando con la idea de ser observado de manera intensa.",DS_IMG_1153.jpg,hate speech,neither
"Cuando tu amigo te da un paquete de papas pero ves que tu amigo se ríe -Dxtergente CABRÓN, ¿QUÉ HICISTE?!","La imagen es un meme que presenta un personaje animado, que tiene el cabello corto y de color marrón. Este personaje tiene una expresión de sorpresa y confusión, con un ceño fruncido y un ojo más cerrado que el otro, lo que da la impresión de enojo o molestia. El fondo es de un color verde, posiblemente representando un entorno al aire libre. 

En la parte superior de la imagen hay un texto en letras grandes que dice: ""Cuando tu amigo te da un paquete de papas pero ves que tu amigo se ríe"". En la parte inferior se encuentra otra línea de texto que dice: ""CABRÓN, QUÉ HICISTE?!"", lo que indica la reacción negativa del personaje. El meme incluye también una firma con el nombre ""Dxtergente"", que parece ser el autor del meme.",DS_IMG_1877.jpg,inappropriate content,neither
"Mujeres, si los hombres sólo pensamos en coger, ¿Por qué cuando las invitamos a salir se ponen su mejor calzón? ¡MÁTENME ESA!","La imagen es un meme que presenta un texto en la parte superior que dice: ""Mujeres, si los hombres sólo pensamos en coger, ¿Por qué cuando las invitamos a salir se ponen su mejor calzón?"". Este texto está en color rojo y negrita. En la parte inferior, hay una ilustración de un pingüino, que parece ser un personaje de una película animada, usando una gorra amarilla y gafas de sol, además de llevar un collar dorado. El pingüino tiene una expresión divertida y está acompañado de un texto en la parte inferior que dice: ""¡MÁTENME ESA!"" en un estilo que parece ser un grito o una exclamación. La imagen en su conjunto mezcla humor y una crítica sobre la percepción de las intenciones masculinas.",DS_IMG_296.jpg,inappropriate content,neither
Y aquí podemos observar el lugar exacto por donde se pasó el lenguaje inclusivo la Real Academia de la Lengua Española.,"La imagen es un meme que presenta una escena del programa animado ""Los Simpson"". En la imagen, se observa a Bart Simpson de pie frente a una proyectora, utilizando un puntero para señalar una parte de una imagen que muestra un trasero. La parte superior de la imagen contiene un texto que dice: ""Y aquí podemos observar el lugar exacto por donde se pasó el lenguaje inclusivo la Real Academia de la Lengua Española"". Bart tiene una expresión de seriedad y está gesticulando hacia la imagen proyectada. El fondo es de color morado, añadiendo un contraste visual a la escena.",DS_IMG_738.jpg,hate speech,neither
"Con tus biométricos protegeré tu cuenta para que nadie te haga fraude. Jaja, jamás le daría esa información a nadie. Pero se la diste al FaceApp. Pues sí, pero... Por lo menos ya sé cómo me vería de hombre.","La imagen es un meme que se compone de cuatro paneles organizados en una cuadrícula. En el primer panel, aparece un hombre que tiene el logo de BBVA editado en su rostro, y sobre él se leen las palabras ""CON TUS BIOMÉTRICOS PROTEGERÉ TU CUENTA PARA QUE NADIE TE HAGA FRAUDE"". En el segundo panel, una mujer sonriente dice: ""JAJA JAMÁS LE DARÍA ESA INFORMACIÓN A NADIE"". En el tercer panel, el hombre nuevamente con el logo de BBVA dice: ""PERO SE LA DISTE AL FACEAPP"". En el cuarto panel, la mujer, con una expresión reflexiva, responde: ""PUES SI PERO... POR LO MENOS YA SÉ CÓMO ME VERÍA DE HOMBRE"". El meme utiliza un estilo humorístico, jugando con la idea de la privacidad de los datos y el uso de aplicaciones.",DS_IMG_2782.jpg,neither,hate speech
BESO NEGRO,"La imagen muestra a una persona con una expresión inusual, inflando un chicle de forma exagerada. Los ojos de la persona son grandes y expresivos, lo que añade un efecto cómico a la imagen. El chicle, que ocupa una gran parte de la cara, tiene una forma redondeada y se asemeja a un beso. En la parte superior de la imagen, hay un texto que dice ""BESO NEGRO"" en letras grandes y blancas. El fondo parece ser oscuro, lo que resalta los elementos visuales mencionados.",DS_IMG_1162.jpg,inappropriate content,hate speech
"Su Santidad, ahí viene el niño que le gusta, actúe normal...","La imagen es un meme que presenta a un hombre sentado en un sillón, con una vestimenta blanca que incluye una capa o manto. Tiene una expresión sonriente y parece estar leyendo un documento. El fondo es de tonalidades claras y poco detallado. En la parte superior de la imagen, hay un texto que dice: ""Su Santidad, ahí viene el niño que le gusta, actúe normal..."". Este mensaje es humorístico y sugiere una situación cómica relacionada con la figura del hombre en la imagen.",DS_IMG_1186.jpg,hate speech,neither
Cuando se te duerme un pie e intentas caminar...,"La imagen es un meme en el que se presentan dos pies acostados sobre una superficie. Uno de los pies es humano, mostrando una piel clara y una posición relajada, mientras que el otro pie está editado para parecer un cactus, con espinas y frutas típicas del cactus en la parte superior. El texto en la parte superior dice: ""Cuando se te duerme un pie e intentas caminar..."" lo que implica una sensación de incomodidad o dolor al intentar caminar con un pie adormecido. La imagen combina humor con una representación visual inesperada.",DS_IMG_1266.jpg,hate speech,neither
"¿Qué quieres de mí, día lluvioso y nublado? ¿Quieres que me coma 3 panes con café? ¡Dime! ¿Eso quieres?","La imagen es un meme que contiene un texto en la parte superior con el nombre de usuario ""El Guarromántico"" y la pregunta retórica sobre un día lluvioso. Abajo, hay una imagen de un mono animado con expresión exaltada, sosteniendo en su mano varios tipos de panes y galletas, entre los que se incluyen un par de donas y un pan tipo ""concha"". El mono parece estar hablando con mucha energía, lo que añade a la expresión humorística de la imagen.",DS_IMG_1690.jpg,inappropriate content,hate speech
"Encuentra el error: Exacto, no hay, no existe porque Bad Bunny es perfecto. Ya vete a decir tus pendejadas a otro lado.","La imagen es un meme dividido en dos partes. En la parte superior, hay dos paneles que muestran a una persona con una expresión pensativa y las manos juntas, mientras que el texto dice ""ENCUENTRA EL ERROR"" y debajo ""EXACTO, NO HAY, NO EXISTE PORQUE BAD BUNNY ES PERFECTO"". En la parte inferior, se presenta una imagen de un pequeño establecimiento donde hay estantes llenos de productos. En el centro, un hombre sostiene un objeto en una mano, y hay texto que dice: ""Ya vete a decir tus pendejadas a otro lado"". El estilo visual incluye colores brillantes y texto en negrita.",DS_IMG_3018.jpg,hate speech,neither
"""No te preocupes, el amor no se busca, solo llega a ti"" Han pasado 84 años.","La imagen es un meme que presenta un texto en la parte superior que dice: ""No te preocupes el amor no se busca, solo llega a ti"". Debajo del texto, hay una escena de una mujer anciana con cabello canoso y expresión seria, que parece reflexionar sobre lo que se ha dicho. La mujer tiene arrugas y una mirada profunda, sugiriendo una sensación de melancolía o decepción. En la parte inferior de la imagen, hay un segundo texto que dice: ""Han pasado 84 años"". El contraste entre el texto y la expresión de la mujer crea una ironía en el mensaje sobre el amor. La imagen utiliza un estilo visual que es común en los memes de redes sociales, mezclando humor con una observación sobre la vida.",DS_IMG_1252.jpg,inappropriate content,neither
Cuando haces un chiste super negro pero super bueno,"La imagen es un meme que presenta a varios personajes de la serie animada ""Los Simpson"" dentro de un vehículo. En el primer plano, se puede ver a Homero Simpson, quien está sonriendo. A su lado, está Marge Simpson con su característico cabello azul y una expresión neutra. En el asiento trasero, hay tres personajes: una niña con cabello rizado y rojo, una mujer de cabello corto y amarillo que parece molesta, y Ned Flanders, que tiene una expresión de desaprobación, mientras conduce. La parte superior de la imagen contiene texto que dice: ""Cuando haces un chiste super negro pero super bueno"". El diseño es típico de memes, con un formato sencillo y un mensaje humorístico.",DS_IMG_1239.jpg,hate speech,neither
"Te quiero mucho, firulais. Ya la dejaron otra vez...","La imagen es un meme que muestra a una mujer abrazando a un perro. La mujer está acostada sobre una superficie blanda y lleva una camiseta de rayas. El perro, que es de color claro, parece estar en una posición cómoda mientras recibe el abrazo. En la parte superior de la imagen hay dos globos de texto. En el primero, la mujer dice ""Te quiero mucho, firulais"", mientras que en el segundo, el perro responde ""Ya la dejaron otra vez..."". El fondo de la imagen es neutro, con un ambiente acogedor.",DS_IMG_3198.jpg,hate speech,neither
"""Mi princesa"", ""mi reina"", ""pequeña"" Yo:","La imagen es un meme que muestra un personaje de dibujos animados, específicamente Patrick Estrella de la serie ""Bob Esponja"". Patrick tiene una expresión facial sonriente y relajada, con los ojos cerrados y una ligera sonrisa, lo que sugiere felicidad o satisfacción. En la parte superior de la imagen, hay texto que dice: ""Mi princesa"", ""mi reyna"", ""pequeña"" y debajo de eso, ""Yo:"". El fondo de la imagen es azul con formas abstractas, típicas del entorno acuático de la serie. La escena transmite un sentido de ternura y aprecio.",DS_IMG_1001.jpg,inappropriate content,neither
Mi mamá: prefiero que seas puta que lesbiana. Mi abuela: prefiero que seas lesbiana en vez de puta. Yo llegando siendo una lesbiana puta:,"La imagen es un meme que consiste en un texto en la parte superior y una escena de un personaje animado en la parte inferior. El texto narra una situación familiar donde la madre y la abuela expresan preferencias sobre la sexualidad del hablante, sugiriendo que es mejor ser lesbiana que ""puta"". En la parte inferior, el personaje de dibujos animados, que es un cuadrado amarillo, aparece en el umbral de una puerta con una expresión entusiasta y amigable, enfatizando el comentario final. El estilo general del meme es humorístico, utilizando la combinación de texto y la imagen del personaje para transmitir una broma sobre las expectativas familiares.",DS_IMG_527.jpg,hate speech,hate speech
No sé qué sucederá pero estoy muy nervioso.,"La imagen es un meme que presenta a un hombre con cabello corto y una expresión que combina nerviosismo y una sonrisa. El fondo muestra una serie de objetos en estantes, posiblemente productos en una tienda. En la parte superior de la imagen, se incluye un texto que dice: ""Cuando vives en México y mañana es 19 de Septiembre"". En la parte inferior, hay un texto que dice: ""No sé qué sucederá pero estoy muy nervioso"". El formato del meme es típico, utilizando un cuadro de texto en la parte superior e inferior para transmitir un mensaje humorístico relacionado con la situación.",DS_IMG_2550.jpg,inappropriate content,neither
"Ella: Ay, pero no estoy depilada y me da vergüenza... YO:","La imagen es un meme que presenta un texto en la parte superior y una fotografía en la parte inferior. En el texto, se observa el diálogo de dos personas. La primera línea dice: ""Ella: Ay, pero no estoy depilada y me da vergüen..."". La segunda línea simplemente dice ""YO:"". 

Debajo del texto, hay una fotografía de un chimpancé. El chimpancé está sentado sobre una superficie verde y tiene una expresión que parece reflexiva mientras se lame una mano. Su rostro está en un primer plano, mostrando detalles de su pelaje y orejas grandes. El fondo es natural, con un tono verde que sugiere un ambiente al aire libre. 

El formato del meme se caracteriza por el contraste entre la expresión del chimpancé y la conversación textualmente humorística.",DS_IMG_1243.jpg,neither,neither
pero que haya morras chidas,"La imagen muestra un personaje de color verde, con un cuerpo redondeado y una apariencia caricaturesca, que está de espaldas. Lleva puesta una gorra negra, que se encuentra en la parte superior de su cabeza. El personaje también está usando zapatillas de deporte de color azul con detalles blancos. En su mano izquierda sostiene una lata de bebida alcohólica decorada con patrones coloridos y el texto ""Four Loko"". En la parte inferior de la imagen, hay un texto amarillo que dice: ""pero que haya morras chidas"". El fondo es de un color neutro que resalta al personaje.",DS_IMG_2873.jpg,hate speech,neither
"Oye, pásame la tarea por andar correteando motos, no la hice.","La imagen es un meme que muestra un aula con varios niños sentados en escritorios. Un perro, que parece un cachorro, está de pie sobre una mesa, mirando a uno de los niños. El niño al que el perro observa tiene una expresión divertida y está sonriendo. Otro niño en el fondo también parece divertido y está mirando hacia el cachorro. En la parte superior de la imagen, hay un texto que dice: “-Oye, pásame la tarea por andar correteando motos no la hice.” El ambiente del aula tiene paredes de color marrón y hay ventanas iluminadas por el sol. Las camisetas de los niños son de un tono azul claro.",DS_IMG_3156.jpg,hate speech,neither
Cuando leo la primera pregunta del examen,"La imagen es un meme que muestra a un estudiante sentado en un aula. El estudiante está mirando su hoja de examen con una expresión de preocupación o desconcierto. En primer plano, se observa su brazo con la mano apoyada sobre la mesa, donde tiene un objeto (posiblemente un bolígrafo o marcador) entre los dedos. En la mesa hay una hoja de examen y otros objetos, como un cuaderno. En el fondo, se pueden ver a otros estudiantes también en la misma aula. El texto en la parte superior de la imagen dice: ""Cuando leo la primera pregunta del examen"", lo que sugiere que el estudiante está pasando por una experiencia de inquietud o confusión al enfrentarse a las preguntas del examen. La imagen incluye un círculo rojo alrededor de la mano del estudiante, lo que resalta su gesto.",DS_IMG_2221.jpg,hate speech,neither
"Señor, nunca te he pedido nada pero... lesiona a Lionel Messi.","La imagen es un meme que consiste en dos paneles. En el primer panel, se muestra a un hombre con una expresión seria y preocupada, sentado en un banco de una iglesia. Lleva una chaqueta gris y una camiseta verde. El texto en la parte superior dice: ""SEÑOR, NUNCA TE HE PEDIDO NADA PERO..."". En el segundo panel, el mismo hombre tiene una expresión de desesperación y lágrimas en los ojos, mientras mira hacia arriba. El texto en la parte inferior dice: ""LESIONA A LIONEL MESSI"". El logo de ""EL DEFORMA"" se encuentra en la esquina inferior izquierda.",DS_IMG_2783.jpg,neither,neither
Cuando ves que la dirección de tus papás es en Insurgentes Sur.,"La imagen muestra a un bebé que está sentado envuelto en una manta de colores. El bebé tiene una expresión facial seria y parece estar observando algo con atención. En primer plano, hay una mano adulta que sostiene un documento o una hoja, mientras que la otra mano (también adulta) parece estar ayudando al bebé a sostener el papel. La escena tiene lugar sobre una superficie que parece ser un escritorio con varios documentos y objetos en el fondo. En la parte superior de la imagen, hay un texto en blanco que dice: ""Cuando ves que la dirección de tus papás es en Insurgentes Sur.""",DS_IMG_164.jpg,hate speech,neither
VICTOR..... NO MÁS MEMES OFENSIVOS TÚ SUEGRA TE PUEDE QUITAR LA BECA,"La imagen es un meme que presenta una fotografía de un animal, probablemente un marsupial, con una expresión desafiante. El fondo de la imagen es un diseño geométrico con tonos de rojo y rosa. En la parte superior, hay texto que dice: ""VICTOR..... NO MÁS MEMES OFENSIVOS"" en letras grandes y en negrita. En la parte inferior, se encuentra el texto: ""TÚ SUEGRA TE PUEDE QUITAR LA BECA"" también en letras grandes y en negrita. El estilo del meme es característico de los memes de advertencia o reprimenda.",DS_IMG_300.jpg,hate speech,hate speech
El humor negro de Disney ha arruinado mi infancia.,"La imagen es un meme que presenta un escena de tres cerditos, con un cerdito tocando el piano. El cerdito sentado en el piano viste un overol azul y tiene una expresión concentrada. Los otros dos cerditos, uno de ellos con un gorro de marinero, están de pie a su lado, sonriendo y mirando hacia él. En la parte superior, hay un texto que dice ""El humor negro de Disney"" y en la parte inferior, ""ha arruinado mi infancia"". También hay una flecha que apunta hacia el cerdito que toca el piano, y un rectángulo verde que contiene la palabra ""FATHER"". El estilo de la imagen es colorido y caricaturesco, típico de cartoons.",DS_IMG_1198.jpg,inappropriate content,neither
Mi mamá: y agradecé que no te agarré bien. Yo:,"La imagen es un meme que incluye un texto en la parte superior. El texto dice: ""Mi mamá: y agradecé que no te agarré bien. Yo:"". Debajo del texto, se muestra la imagen de un hombre con un rostro que presenta varios signos de haber sido golpeado, incluido un ojo cerrado y un rostro sonrojado. El hombre tiene una expresión que parece una mezcla de risa y desdén. Su cabello es corto, y tiene una barba prominente. En el fondo, se puede ver un ambiente que sugiere que está en un evento deportivo, posiblemente relacionado con artes marciales o boxeo.",DS_IMG_920.jpg,hate speech,neither
Yo y mi amigx // Los demás creyendo que somos novios,"La imagen muestra un meme que consta de dos paneles. El panel izquierdo presenta a dos personajes de la serie ""Bob Esponja"": Bob Esponja y Patricio, abrazándose de manera entusiasta, con expresiones alegres y ojos cerrados. En el panel derecho, un pez con expresión confundida está mirando hacia un lado, aparentemente desubicado. Encima de la imagen, hay un texto que dice: ""Yo y mi amix // Los demás creyendo que somos novios"". El estilo del meme es colorido y humorístico, característico de las publicaciones en redes sociales.",DS_IMG_1668.jpg,hate speech,neither
Danna Paola discutiendo / Yo mera discutiendo,"La imagen es un meme que presenta dos paneles. En el panel izquierdo, hay una mujer con el cabello largo y una coleta alta, llevando una prenda rosa y luciendo una expresión de calma y determinación, apoyando su rostro con una mano. El fondo es oscuro y tiene luces brillantes. En el panel derecho, se muestra a un hombre con una expresión de tristeza extrema, llorando, con el cabello oscuro y desordenado, vistiendo una chaqueta clara sobre una camisa de rayas. El fondo parece derruido y desordenado, sugeriendo un entorno caótico. Encima de cada panel hay texto que describe la situación de cada persona: ""Danna Paola discutiendo"" en el panel izquierdo y ""Yo mera discutiendo"" en el derecho.",DS_IMG_2381.jpg,hate speech,neither
"¿Te gusta GOT7?  
+ Sí....  
- Qué genial! A mí también  
+ ....","La imagen es un meme que presenta un diálogo entre dos personas, donde una pregunta si le gusta GOT7 y la otra responde que sí. En la parte inferior, se muestra un personaje de la serie ""Los Simpson"", Homer Simpson, vestido con un vestido blanco y una corona de flores. Homer tiene una expresión sonriente y sostiene un ramo de flores, lo que sugiere un ambiente festivo o celebratorio. A la derecha, hay un logotipo que dice ""GOT7 memes"" acompañado de una pequeña ilustración.",DS_IMG_687.jpg,hate speech,neither
"Tener cámara profesional, no te hace fotógrafo profesional. Se tenía que decir y se dijo.","La imagen es un meme que contiene un texto en la parte superior y una ilustración en la parte inferior. El texto dice: ""Tener cámara profesional, no te hace fotógrafo profesional. Se tenía que decir y se dijo."" En la parte inferior, hay un dibujo de un personaje amarillo con forma de ave, que tiene un rostro expresivo con ojos redondos y una boca pequeña. Sus brazos están cruzados frente a su cuerpo, en una postura que sugiere despreocupación o afirmación. El fondo de la imagen es de colores suaves, principalmente rosa y amarillo, lo que le da un tono amigable y ligero.",DS_IMG_2297.jpg,hate speech,hate speech
Yo regresando a casa con el foco que me pidió mi mamá. Los cricosos de la cuadra.,"La imagen es un meme que presenta una escena del programa de televisión animado ""Bob Esponja"". En el primer plano, se observa al personaje cangrejo, con expresión de preocupación o miedo, mientras lleva un foco. En el fondo, un grupo de cuatro esqueletos con caras amenazantes están apilados uno sobre el otro, cada uno sosteniendo un cuchillo. El texto en la parte superior dice ""Los cricosos de la cuadra"", mientras que el texto en la parte inferior dice ""Yo regresando a casa con el foco que me pidió mi mamá"". El entorno es un paisaje submarino con tumbas y plantas marinas difusas.",DS_IMG_3089.jpg,inappropriate content,neither
Por fin encuentra algo positivo en la vida: VIH,"La imagen presenta a un joven con cabello rubio y dientes en brackets, sonriendo de manera amplia. Lleva puesta una camisa blanca con un suéter de cuadros en tonos rojos y azules. En la parte superior de la imagen hay un texto que dice ""POR FIN ENCUENTRA ALGO POSITIVO EN LA VIDA"". En la parte inferior, en letras grandes y en negrita, se encuentra la palabra ""VIH"". El estilo del meme es humorístico, utilizando la imagen de una persona con una expresión de alegría contrastada por el mensaje serio que incluye el acrónimo.",DS_IMG_1139.jpg,hate speech,neither
DÍA INTERNACIONAL DEL HOMBRE NI UN FELICIDADES...,"La imagen es un meme que presenta un primer plano de un hombre con lágrimas en los ojos, mostrando una expresión de tristeza o desconsuelo. En la parte superior, está el texto ""DIA INTERNACIONAL DEL HOMBRE"" en letras grandes y blancas, y en la parte inferior se puede leer ""NI UN FELICIDADES..."" también en letras grandes y blancas. El fondo es oscuro, lo que hace que el texto y la expresión del hombre sean más destacados. El meme utiliza una estética de contraste fuerte para enfatizar el mensaje.",DS_IMG_685.jpg,hate speech,neither
"""Vi que borraste todas tus fotos con tu novio, ¿todo bien?""","La imagen es un meme que presenta un close-up de un personaje de aspecto caricaturesco con una expresión que mezcla curiosidad e incredulidad. El fondo es difuso y de colores neutros, resaltando la cara del personaje. En la parte superior de la imagen, hay un texto en tipografía grande y en negrita que dice: ""VI QUE BORRASTE TODAS TUS FOTOS CON TU NOVIO, ¿TODO BIEN?"". En la parte inferior, está el logo de ""EL DEFORMA"", insinuando que es un contenido humorístico o de entretenimiento. La expresión del personaje parece reflejar una especie de intriga o chisme sobre la situación mencionada en el texto.",DS_IMG_2821.jpg,hate speech,neither
Cuando te estás asando a 34º C / Pero recuerdas que eres #TeamCalor,"La imagen es un meme que presenta una comparación de dos fotos de una mujer. En la primera foto, ella tiene una expresión facial de incomodidad o tristeza, con la cabeza ligeramente agachada y los ojos cerrados. En la segunda foto, su expresión es más desafiante o de confianza, con la cabeza erguida y mirada directa. Ambas fotos están acompañadas de un texto en la parte superior que dice: ""Cuando te estás asando a 34º C / Pero recuerdas que eres #TeamCalor"". El fondo de las imágenes parece ser de un entorno acogedor o de un programa de televisión.",DS_IMG_2375.jpg,hate speech,neither
Cuando veo a mi compa compartir publicaciones de amor: we yaibas empezar otra vez.,"La imagen es un meme que muestra un fondo blanco con un personaje que parece un muñeco de peluche de un orangután. El orangután tiene un rostro expresivo y sonriente, con brazos extendidos hacia los lados. En la parte superior de la imagen, se encuentra el texto que dice: ""Cuando veo a mi compa compartir publicaciones de amor:"". En la parte inferior, hay un texto en un estilo informal que dice: ""we yabas enpesar otra bes"". La combinación de la imagen y el texto sugiere una reacción humorística ante las publicaciones románticas de un amigo.",DS_IMG_1625.jpg,hate speech,neither
Cuando la que me cae mal trata de llamar la atención. RIDÍCULA,"La imagen es un meme que incluye un texto en la parte superior que dice: ""Cuando la que me cae mal trata de llamar la atención."" En el centro, hay una persona con el cabello largo y lacio que parece estar gritando o llamando la atención, con una expresión facial que sugiere desdén o burla. La persona lleva una chaqueta blanca y tiene una mano cerca de su boca, como si estuviera hablando en voz alta. En la parte inferior de la imagen, en letras grandes y en negrita, está la palabra ""RIDÍCULA"". El fondo es de un color claro que enfoca la atención en la persona y el texto.",DS_IMG_2164.jpg,hate speech,neither
Yo a los 4 años viendo cómo se aleja mi globo,"La imagen es un meme que presenta a un personaje pequeño y con orejas grandes, conocido como ""Grogu"" o ""Baby Yoda"", en un paisaje de fondo que muestra un ambiente desértico. El personaje tiene una expresión melancólica, con los ojos grandes y una ligera inclinación hacia un lado, como si estuviera observando algo que se aleja. Lleva una túnica gris con un cuello grande y arrugado. En la parte superior de la imagen, se encuentra un texto en letras grandes que dice: ""Yo a los 4 años viendo cómo se aleja mi globo"".",DS_IMG_2323.jpg,neither,neither
VAMPIRO - EL SOL; SUPERMAN - KRIPTONITA; LGBT - BIOLOGÍA BÁSICA; FEMINISTA - PRESERVATIVOS; COMUNISTA - CONTRATO DE TRABAJO.,"La imagen es un meme dividido en seis filas, cada una con un personaje y un término relacionado. 

1. **Vampiro**: Un personaje con capa negra y colmillos, mostrando una expresión de enojo, al lado de un sol sonriente. 
   
2. **Superman**: Un personaje con un disfraz de superhéroe (capa roja y emblema en el pecho), con los brazos extendidos, junto a un cristal verde que representa la kryptonita.

3. **LGBT**: Un personaje con una camiseta de colores del arcoíris, con gestos de afirmación, al lado de un libro titulado ""Fundamentos de Biología Básica"".

4. **Feminista**: Un personaje con cabello corto y una camiseta morada, haciendo una expresión decidida, al lado de frascos de colores que simbolizan métodos anticonceptivos.

5. **Comunista**: Un personaje con un símbolo del comunismo en su vestimenta y cara de descontento, junto a un contrato de trabajo.

Cada fila combina caricaturas y texto que representan diferentes conceptos y posturas sociales.",DS_IMG_531.jpg,hate speech,hate speech
Cuando ofreces comida y agarran de más.,"La imagen es un meme que presenta un primer plano de un gato. Sus ojos son grandes y expresivos, mostrando una mezcla de sorpresa y desconfianza. El gato tiene un pelaje de rayas grises y un hocico pequeño y rosado. En la parte superior de la imagen, hay texto en letras grandes y de color rosa que dice ""CUANDO OFRECES COMIDA Y AGARRAN DE MÁS"". En la esquina inferior derecha, hay un logotipo en color rosa que dice ""okchicas"". El fondo es difuso, mostrando parte de un entorno hogareño con muebles indistinguibles.",DS_IMG_2490.jpg,hate speech,neither
"MI CARA CUANDO MI CARA CUANDO UNA CHICA CON ESTE TIPO DE FDP: ME LLAMA ""NIÑO SIN ATENCIÓN""","La imagen es un meme que presenta un fondo blanco. En la parte superior, se encuentra un texto en mayúsculas que dice ""MI CARA CUANDO"". Debajo, hay una fotografía de un hombre con expresión seria, con cabeza rapada y usando una camiseta negra. En la parte inferior de la imagen, hay otro texto que dice: ""MI CARA CUANDO UNA CHICA CON ESTE TIPO DE FDP:"". A la derecha de la fotografía del hombre, hay una imagen de un personaje de anime con cabello blanco y rojo, formando un collage visual. El personaje tiene una expresión facial que sugiere un sentimiento dulce o afectuoso, con corazones alrededor de la cabeza. En la parte más baja, se agrega el texto: ""ME LLAMA 'NIÑO SIN ATENCIÓN'"".",DS_IMG_824.jpg,inappropriate content,neither
Quisiera tenerte en mi regazo y apapacharte como el Dalai Lama a ese infante.,"La imagen es un meme que presenta un fondo de colores brillantes y variados en un patrón de bloques. En el centro, se encuentra el rostro de un personaje con una expresión de sonrisa burlona, conocido comúnmente en memes. En la parte superior de la imagen hay un texto en letras grandes y en negrita que dice ""QUISIERA TENERTE EN MI REGAZO Y APAPACHARTE"". En la parte inferior, otro texto en letras grandes y también en negrita dice ""COMO EL DALAÏ LAMA A ESE INFANTE"". La combinación de fondo colorido y texto en negrita es típica en la elaboración de memes humorísticos.",DS_IMG_1154.jpg,neither,neither
cómo que no cocinaste nada,"La imagen es un meme que se divide en cuatro paneles. En la parte superior izquierda, un hombre tiene una expresión de sorpresa con el texto ""cómo que"". A la derecha, otro hombre muestra desconfianza con el texto ""no"". En la parte inferior izquierda, el hombre tiene una expresión pensativa mientras se lleva una mano a la barbilla y el texto dice ""cocinaste"". En el panel inferior derecho, el mismo hombre muestra una expresión de incredulidad con el texto ""nada"". Las ilustraciones son simples y están en blanco y negro, con flechas que apuntan entre los paneles para indicar una secuencia de reacciones.",DS_IMG_759.jpg,hate speech,neither
La tóxica buscándote por un like que vio.,"La imagen es un meme que presenta un fondo escenográfico de una habitación. En el primer plano se observa un personaje animado, Woody, que tiene una expresión de sorpresa y preocupación. Su rostro está ligeramente girado hacia la derecha, mostrando sus ojos abiertos y la boca entreabierta. En el fondo, se puede ver a otro personaje en una postura extraña, que parece estar alejándose, con un diseño que sugiere movimiento. En la parte superior de la imagen, hay un texto que dice: ""La toxica buscándote por un like que vio."" El estilo visual es característico de memes, combinando humor y referencias a situaciones cotidianas.",DS_IMG_1543.jpg,hate speech,neither
-¿Por qué los mexicanos hacen memes de los sismos? - No lo entenderías.,"La imagen es un meme que presenta un texto en dos partes. En la parte superior, hay un texto en español que dice: ""¿Por qué los mexicanos hacen memes de los sismos?"", seguido por un guion indicando diálogo. En la parte inferior, aparece la respuesta con el texto: ""No lo entenderías"". La imagen de fondo muestra a un hombre con una expresión pensive y una mano sobre su boca, sosteniendo un cigarrillo. El hombre tiene el cabello oscuro y ondulado, luciendo una camisa clara. El meme utiliza un estilo típico de redes sociales, incorporando hashtags como #sismo, #AlertaSísmica y #temblor en la parte inferior.",DS_IMG_1801.jpg,hate speech,neither
Tal vez fui muy duro contigo.,"La imagen es un meme que combina dos paneles. En la parte superior, hay una fotografía de un equipo de béisbol que está alineado en un campo. Todos los jugadores llevan uniformes blancos con verde y rojo, y el texto ""MÉXICO"" está en la parte superior, junto con un logo en la esquina derecha que representa a la Liga Mexicana de Béisbol. En el panel inferior, hay una imagen de un personaje de ficción con una expresión seria y dañada en su rostro. El texto que acompaña esta imagen dice ""FANS"" en letras grandes y en mayúsculas, seguido de ""Tal vez fui muy duro contigo"" en un tamaño más pequeño.",DS_IMG_2475.jpg,hate speech,neither
"ahora resulta que no tienen dinero para el regalo del día de las madres... pero no se diga que es para la peda, porque sacan dinero de hasta debajo de las piedras.","La imagen es un meme que presenta a una mujer con una expresión facial enérgica y apasionada, mientras parece estar hablando o discutiendo con fuerza. Su cabello es oscuro y su maquillaje es notable. El texto en la parte superior dice: ""ahora resulta que no tienen dinero para el regalo del día de las madres..."", y en la parte inferior dice: ""pero no se diga que es para la peda, porque sacan dinero de hasta debajo de las piedras"". El fondo es de un escenario, lo que sugiere que podría estar en un programa de televisión. El estilo de la imagen es humorístico y crítico, característico de muchos memes que comentan sobre situaciones sociales.",DS_IMG_1581.jpg,neither,hate speech
"Lo siento gente, pero yo no soy homofóbico, o sea ¿Por qué le tendría miedo a alguien que siente atracción a los de su mismo sexo? Ni que fuera a temerle a alguien inferior a mí.","La imagen presenta a un hombre de pie en un fondo negro, vestido con un traje formal negro y una pajarita. Tiene una expresión seria y confiada, mirando directamente a la cámara. Su cabello es oscuro y tiene un estilo ligeramente despeinado. En la parte inferior de la imagen, hay un texto en color blanco que dice: ""Lo siento gente, pero yo no soy homofóbico, ósea ¿Por qué le tendría miedo a alguien que siente atracción a los de su mismo sexo? Ni que fuera a temerle a alguien inferior a mí"". El formato de la imagen es en blanco y negro.",DS_IMG_501.jpg,hate speech,neither
"TODOS LOS MENSAJES QUE ME ENVÍA MI NUEVO NOVIO SON INCREDIBLES. ¿“INCREDIBLES” POR MAGNÍFICOS, IMPRESIONANTES Y EXTRAORDINARIOS? No. “INCREDIBLES” PORQUE NO ME LOS CREO.","La imagen es un meme compuesto por una fotografía de tres mujeres con cabello rizado y voluminoso, que están de pie en un entorno al aire libre. Dos de las mujeres están observando el teléfono móvil de la mujer en el centro, que parece estar concentrada en la pantalla. Arriba de la imagen hay un texto en mayúsculas que dice: ""TODOS LOS MENSAJES QUE ME ENVIÁ MI NUEVO NOVIO SON INCREÍBLES"". En la parte inferior, un recuadro de texto contiene la pregunta: ""¿'INCREÍBLES' POR MAGNÍFICOS, IMPRESIONANTES Y EXTRAORDINARIOS?"" y una afirmación que dice: ""No. 'INCREÍBLES' PORQUE NO ME LOS CREO"". El formato del meme incluye un estilo de cómic con bordes negros y texto claramente legible.",DS_IMG_2284.jpg,inappropriate content,hate speech
"Mi amor, esta noche quiero comerme ese chiquito! Juueepuutaaa Me van a matar.","La imagen es un meme que consta de dos paneles. En la parte superior, hay una pareja acostada en un entorno al aire libre, sonriendo mutuamente. El hombre tiene una expresión alegre mientras se inclina hacia la mujer, que parece feliz y en un estado de complicidad. El texto que acompaña dice: ""Mi amor, esta noche quiero comerme ese chiquito!"". En la parte inferior, hay una imagen de un bebé en una silla, con una expresión de sorpresa y miedo. El texto en esta sección dice: ""Jueeepuuuutaaa Me van a matar"". El contraste entre las expresiones de la pareja y del bebé genera un efecto humorístico.",DS_IMG_1456.jpg,inappropriate content,neither
Cuando dejas de quemar judíos y empiezas a quemar calorías.,"La imagen es un meme que presenta a un hombre con una expresión seria y concentrada, sentado en una máquina de ejercicio. Lleva una camiseta amarilla y tiene un bigote prominente. El fondo es de color claro, posiblemente una pared de gimnasio. En la parte superior de la imagen, hay un texto que dice: ""Cuando dejas de quemar judíos y empiezas a quemar calorías"".",DS_IMG_1.jpg,neither,neither
"Yo no soy clasista porque el clasismo es ignorancia, y la ignorancia es para gente pobre.","La imagen es un meme que presenta a un hombre con una expresión seria y mirada intensa. Tiene el cabello oscuro y peinado hacia atrás, junto con un atuendo elegante que incluye un chaleco y una corbata. El fondo es blanco, lo que resalta la figura del hombre. En la parte inferior de la imagen, se encuentra un texto en color amarillo que dice: ""Yo no soy clasista por que el clasismo es ignorancia, y la ignorancia es para gente pobre."" En la esquina superior derecha, hay un logo que dice ""YURI ON MEMES"".",DS_IMG_147.jpg,hate speech,neither
"OYE, EL CHICO QUE TE GUSTA TIENE NOVIA.","La imagen es un meme que presenta a una niña con una expresión de tristeza y desilusión. Ella está vestida con una chaqueta rosa y lleva una mano sobre su pecho, simulando una sensación de dolor emocional. Al lado de ella, hay un ícono de un corazón roto. En la parte superior de la imagen, aparece el texto en letras grandes que dice ""OYE, EL CHICO QUE TE GUSTA"", y en la parte inferior se encuentra la frase ""TIENE NOVIA"". El meme utiliza un fondo simple, con un entorno urbano desenfocado.",DS_IMG_2265.jpg,hate speech,neither
"Perfecto, sin compromiso, sin dramas, sin problemas, solo disfrutar... El próximo fin? Me parece genial.","La imagen es un meme que presenta un formato de cómic dividido en dos paneles. En el panel izquierdo, un hombre musculoso está sonriendo y alzando una camisa azul, mientras que en el panel derecho, una mujer con una apariencia alegre está quitándose una blusa roja. Encima de la imagen, hay un texto que dice: ""Perfecto, sin compromiso, sin dramas, sin problemas, solo disfrutar..."". En la parte inferior izquierda de la imagen, el hombre pregunta: ""El próximo fin?"", y en la parte inferior derecha, la mujer responde: ""Me parece genial"". El fondo es de color naranja, lo que le da un tono vibrante a la ilustración.",DS_IMG_1034.jpg,inappropriate content,neither
"La vida es como un cura, nunca sabes lo que te va a tocar.","La imagen es un meme que presenta una escena de un personaje con una expresión seria y reflexiva. El personaje tiene la cabeza rapada, vestimenta formal y está mirando hacia el frente con una expresión de introspección. En la parte superior del meme, hay un texto en letras mayúsculas que dice: ""LA VIDA ES COMO UN CURA"". En la parte inferior, está otro texto que dice: ""NUNCA SABES LO QUE TE VA A TOCAR"". El contraste entre la seriedad del rostro del personaje y el mensaje del texto sugiere una reflexión sobre la incertidumbre de la vida.",DS_IMG_1091.jpg,hate speech,neither
"No me importa quién eres. Pero si me mandas una felicitación de San Valentín, te voy a encontrar y te voy a matar.","La imagen es un meme que presenta un primer plano de un hombre hablando por teléfono. Él tiene una expresión seria y concentrada, con ceño fruncido y un ligero gesto de preocupación. En la parte superior de la imagen, hay texto en letras mayúsculas que dice: ""NO ME IMPORTA QUIEN ERES"". En la parte inferior, otro texto en mayúsculas dice: ""PERO SI ME MANDAS UNA FELICITACIÓN DE SAN VALENTÍN, TE VOY A ENCONTRAR Y TE VOY A MATAR"". El uso de un formato de texto impactante y la expresión facial del hombre contribuyen al tono humorístico e intenso del meme.",DS_IMG_2114.jpg,hate speech,neither
Sin piña. | Con piña.,"La imagen es un meme dividido en dos paneles. En el panel de la izquierda, se muestra a una persona con el rostro cubierto de crema, sonriendo y con el cabello largo y lacio, usando una blusa blanca. El fondo incluye un ambiente interior con ventanas. En el panel de la derecha, otra persona también tiene la cara cubierta de crema, pero su expresión es sorprendida y seductora, con labios rojos y uñas pintadas. El fondo es azul con nubes. Arriba de cada panel hay un texto: ""Sin piña."" en el izquierdo y ""Con piña"" en el derecho.",DS_IMG_1223.jpg,hate speech,neither
Cuando te invitan a ver Netflix // y ven Netflix,"La imagen es un meme que consiste en dos paneles. El panel de la izquierda muestra a una mujer con el cabello rubio y lacio, sonriendo ampliamente, con una expresión de felicidad. El entorno parece ser una sala de estar, con un sofá visible detrás de ella. En el panel de la derecha, la misma mujer tiene una expresión facial seria y contemplativa, sin sonrisa. El texto en la parte superior dice: ""Cuando te invitan a ver Netflix // y ven Netflix"".",DS_IMG_566.jpg,neither,neither
¿Negra? ¡Mi hija es negra?,"La imagen es un meme dividido en dos paneles. En la parte superior, se observa un personaje animado con cabello largo y barba blanca, que tiene un semblante de sorpresa o incredulidad. Este panel contiene el texto en letras grandes que dice: ""¿Negra? ¡Mi hija es negra?"". En la parte inferior, hay un rostro de una persona que sonríe, superpuesto sobre la imagen de una manta que parece estar en una cuna o lugar de descanso. La persona tiene el cabello largo y trenzado. El fondo es de tonalidades suaves, sugiriendo un ambiente acogedor.",DS_IMG_37.jpg,hate speech,neither
"Ayer lo hiciste con Ron, ¿verdad? Harry, eso es privado, pero... ¿cómo lo supiste? Adivina quién se tomó la última poción multijugos...","La imagen es un meme que se compone de tres paneles. En el primer panel, un personaje masculino con gafas y cabello oscuro se encuentra con una expresión seria, mientras que un personaje femenino con cabello rizado y una amplia sonrisa le pregunta sobre un evento. En el segundo panel, la chica muestra una expresión de sorpresa y confusión, mientras que el chico afirma que lo que está compartiendo es privado. En el tercer panel, el chico se dirige nuevamente a la chica, con una expresión de desafío, y le pregunta de manera intrigante sobre un contexto relacionado con una ""poción multijugos"", sugiriendo complicidad en un secreto. El fondo de la imagen presenta un entorno natural con árboles. La tipografía es característica de los memes, con letras grandes y negritas.",DS_IMG_2240.jpg,hate speech,hate speech
Yo viendo cómo el hijo de la visita está tirando mis cosas y su mamá no le dice nada.,"La imagen es un meme que presenta una escena de un personaje con un rostro facial sorprendido, mostrando gran atención. Los ojos del personaje son grandes y expresivos, y su boca está cerrada, dando la impresión de que está observando algo con incomodidad. En la parte superior de la imagen, hay un texto que dice: ""Yo viendo como el hijo de la visita está tirando mis cosas y su mamá no le dice nada"". El estilo del meme es típico de los formatos humorísticos utilizados en redes sociales, donde se expresa una situación cotidiana de descontento o frustración.",DS_IMG_1558.jpg,hate speech,neither
¡Que calor! Abriré la ventana para que entre el airesito..,"La imagen es un meme que se divide en dos paneles. En la parte superior, hay un joven con una expresión de esfuerzo mientras abre una ventana, acompañado del texto: ""¡Que calor! Abriré la ventana para que entre el airecito.."". En la parte inferior, se muestra una escena de explosión y fuego, donde se observa una figura esquelética en medio del caos, sugiriendo una reacción exagerada a la acción del panel superior. El contraste entre el deseo de frescura y la representación dramática del fuego crea un efecto cómico.",DS_IMG_2337.jpg,hate speech,neither
El vato homofóbico cuando descubre que solo era un homosexual reprimido,"La imagen es un meme que presenta un personaje animado de un oso, que tiene un color azul y un diseño de un arcoíris en su pancita. El oso tiene una expresión de enojo o desilusión, con las cejas fruncidas y la boca en una línea recta. En el fondo hay árboles con colores brillantes y un entorno alegre. En la parte superior de la imagen hay un texto en español que dice: ""El vato homofóbico cuando descubre que solo era un homosexual reprimido"". En la parte inferior se encuentra la firma ""Psicología para Millennials"".",DS_IMG_485.jpg,hate speech,hate speech
Cuando sabes que tienes la culpa y no lo quieres aceptar. PENSAR LO QUE QUIERAS.,"La imagen es un meme que presenta un personaje de un programa de televisión animado, sosteniendo un maletín abierto. El fondo es de color verde y resplandece, lo que da una sensación de énfasis. El texto superior dice: ""Cuando sabes que tienes la culpa y no lo quieres aceptar."" En el maletín se puede leer la frase: ""PIENSA LO QUE QUIERAS."" El personaje tiene una expresión que refleja una mezcla de determinación y desafío.",DS_IMG_1457.jpg,hate speech,neither
¿Para qué le estás haciendo tantos nudos a esa soga? Para que crean que esta es una playa nudista.,"La imagen es un meme en formato de cómic que presenta a dos personajes en una playa. A la izquierda, hay una mujer con una expresión de sorpresa y una vestimenta de baño de lunares rojos y blancos. Tiene el cabello oscuro y lleva un sombrero. A la derecha, hay un hombre con una sonrisa amplia, mostrando una actitud relajada. Sostiene una cuerda con varios nudos en la mano. El fondo muestra una playa con agua, arena y algunas olas. En la parte superior, hay texto en bocadillos que expresa un diálogo humorístico sobre la situación con la soga.",DS_IMG_3120.jpg,hate speech,neither
AÚN NO CONTROLAS EL WHATSAPP Y LO SABES,"La imagen es un meme que presenta a un hombre con una expresión sonriente y despreocupada. Lleva un traje oscuro y una camisa blanca, con una corbata oscura. El hombre está gesticulando con una mano al frente, como si estuviera hablando o señalando algo. En la parte superior e inferior de la imagen, hay texto en letras grandes y en negrita que dice: ""AUN NO CONTROLAS EL WHATSAPP"" en la parte superior y ""Y LO SABES"" en la parte inferior. El fondo es de un color claro, lo que resalta la figura del hombre y el texto.",DS_IMG_1885.jpg,hate speech,neither
"Alto ahí amigo. Antes de irte, dime una canción o música que te haga sentirte nostálgico.","La imagen presenta una ilustración de un personaje con apariencia de un viajero o guerrero. Lleva una máscara de respiración y un casco, su vestimenta es de estilo post-apocalíptico, con un chaleco y una capa que ondea. La escena tiene un fondo dramático con un cielo en tonos naranjas y oscuros que sugiere una atmósfera de atardecer o destrucción. En la parte superior, el texto dice ""Alto ahí amigo"" y en la parte inferior, ""Antes de irte, dime una canción o música que te haga sentirte nostálgico"", ambos en letras grandes y claras. El diseño de la imagen y su mensaje evocan una sensación de nostalgia y llamado a la interacción.",DS_IMG_3023.jpg,neither,hate speech
el fandom del macho está muriendo. reposteae si eres un verdadero machista.,"La imagen es un meme que presenta a un personaje de una película animada. Este personaje es un hombre robusto, que viste una camisa roja de botones y tiene un gran bigote. Su postura es expansiva, con ambos brazos levantados en un gesto de desafío, y exhibe una sonrisa amplia. En la parte superior de la imagen hay un texto que dice ""el fandom del macho está muriendo"" y en la parte inferior se lee ""repostea si eres un verdadero machista"". El fondo es de color negro, lo que hace que el personaje y el texto resalten.",DS_IMG_277.jpg,hate speech,neither
Miren todos los hijos que tengo,"La imagen es un meme que presenta una fotografía de una mujer con un vestido tradicional en un paisaje montañoso. La mujer está de pie en un campo de flores amarillas, con los brazos extendidos y una expresión alegre. El fondo muestra imponentes montañas bajo un cielo claro. En la parte superior e inferior de la imagen, hay texto en letras mayúsculas que dice: ""MIREN TODOS LOS HIJOS QUE TENGO"". El estilo del meme es típicamente humorístico, utilizando una imagen icónica para transmitir un mensaje exagerado.",DS_IMG_1791.jpg,neither,neither
Comenzará a haber igualdad Cuando ya no se distinga entre feminismo o machismo.,"La imagen es un meme en formato de tiras cómicas, dividido en dos paneles. En el primer panel, un hombre con cabello corto y vestimenta casual sostiene una hoja de papel y muestra una expresión de sorpresa mientras lee un anuncio que dice ""NO SE CONTRATAN HOMBRES"". En el segundo panel, una mujer con un gorro y una expresión indignada grita ""¿¡QUÉ!? ¡SEXISTAS! ¡LOS VOY A DEMANDAR!"" junto a un anuncio que dice ""NO SE CONTRATAN MUJERES"". En la parte inferior de la imagen se encuentra un texto que dice ""Comenzará a haber igualdad"" seguido de una aclaración ""Cuando ya no se distinga entre feminismo o machismo"". El estilo es en blanco y negro, característico de tiras cómicas.",DS_IMG_367.jpg,inappropriate content,neither
Yo estaba durmiendo tranquilamente y este pendejo me tocó los huevos..,"La imagen es un meme compuesto por tres paneles. 

1. **Primer Panel**: Muestra un gato acostado sobre un sofá, en una posición relajada y con el estómago expuesto. Una mano humana hace un gesto de señal de ""victoria"" sobre el gato.
  
2. **Segundo Panel**: Presenta un primer plano de un brazo humano con múltiples rasguños rojos que parecen haber sido causados por un animal. El fondo es clínico, lo que sugiere que la persona podría haber estado en un hospital.

3. **Tercer Panel**: Un gato está frente a un micrófono, con una expresión de molestia. El gato tiene un gesto que parece indignado y se le atribuye un texto en el que dice: ""Yo estaba durmiendo tranquilamente y este pendejo me tocó los huevos...""

El meme combina humor visual y textual al contrastar la escena del gato relajado con la reacción extrema de los rasguños en el brazo y la queja del gato.",DS_IMG_1521.jpg,hate speech,neither
El día de San Valentín voy a jugar con mi ex pero con mi Xbox 360.,"La imagen es un meme que presenta a un hombre con cabello oscuro y ligeramente ralo, usando gafas y con una expresión facial seria. El fondo está compuesto por colores brillantes en un patrón geométrico. En la parte superior de la imagen hay un texto que dice: “EL DÍA DE SAN VALENTÍN VOY A JUGAR CON MI EX”, y en la parte inferior, otro texto que dice: “PERO CON MI XBOX 360”. El diseño general del meme busca un efecto humorístico al contrastar la idea de una relación romántica con la experiencia de jugar videojuegos.",DS_IMG_2045.jpg,hate speech,neither
“¿DE DÓNDE SACAS TANTO ODIO?” YO: JUGUITO DE ODIO,"La imagen presenta un meme con un fondo de color degradado que va de un gris claro a un gris más oscuro. En la parte superior, hay un texto que dice: “¿DE DÓNDE SACAS TANTO ODIO?” en letras grandes y en negrita. En la parte inferior, se observa un perro de raza Pomerania, con un pelaje muy esponjoso y blanco. El perro sostiene en su boca un cartón de jugo con una pajilla. En el envase se puede leer “JUGUITO DE ODIO” y también hay texto en coreano. La expresión del perro es neutra, lo que añade un humor irónico a la situación.",DS_IMG_2428.jpg,neither,neither
"Chumel Torres  
¿Será que cancelaron mi mesa en Conapred porque soy la personificación del privilegio y clasismo además de ser una mierda de ser humano?  
No, deben ser chairos resentidos sin sentido del humor.","La imagen es un meme que consiste en dos paneles extraídos de una escena del programa de televisión ""Los Simpson"". En el primer panel, el personaje principal, Seymour Skinner, tiene una expresión pensativa con una mano en la barbilla. El texto que lo acompaña está en la parte superior y menciona ""Chumel Torres"", seguido de una pregunta sobre la cancelación de su mesa en Conapred y su percepción de ser la personificación del privilegio. En el segundo panel, el mismo personaje tiene una expresión más despreocupada, y el texto inferior indica que los que cancelaron deben ser ""chairo resentidos sin sentido del humor"". El estilo de la imagen es característico de los memes por su uso de diálogo humorístico y, a menudo, irónico.",DS_IMG_153.jpg,neither,neither
"CHICAS TRANS, CÁNCER DE PRÓSTATA","La imagen es un meme que presenta a una mujer con cabello rubio y corto, usando una chaqueta oscura y sosteniendo un objeto que emite humo en su mano derecha. Detrás de ella, hay una figura con una máscara que tiene cuernos, sugiriendo una atmósfera oscura o mística. El texto ""CHICAS TRANS"" está escrito en una fuente grande y en negrita en la parte inferior izquierda, mientras que ""CÁNCER DE PRÓSTATA"" se encuentra en la parte superior derecha, también en una fuente destacada. La imagen incluye superposiciones de texto en tonos brillantes y una marca que dice ""VOID"" en el fondo. El entorno parece ser un espacio oscuro con elementos de iluminación tenue.",DS_IMG_1102.jpg,hate speech,neither
A donde yo quiera ir no es tu pedo 😄😆,"La imagen muestra a un hombre vestido con una vestimenta religiosa de color verde, típica de un sacerdote, con un collar blanco visible. Tiene una expresión facial alegre y sonriente, con los ojos claramente iluminados. Detrás de él, hay un fondo colorido que incluye una imagen de una figura religiosa, así como un crucifijo. En la parte inferior de la imagen, hay un texto en español que dice: ""A donde Yo Quiera Ir No Es Tu Pedo"" acompañado de emoticonos sonrientes. La imagen parece estar tomada en un espacio que podría ser una iglesia o un ambiente religioso.",DS_IMG_1442.jpg,hate speech,neither
Deje le destapo una heladita pariente.,"La imagen es un meme que muestra a un niño pequeño con una expresión concentrada y determinada mientras intenta abrir una tapa de un envase. El niño sostiene la tapa con una mano y parece estar usando la otra para aplicar fuerza. La escena tiene un fondo desenfocado que sugiere un entorno interior, posiblemente una cocina. En la parte superior e inferior de la imagen hay texto en letras grandes y mayúsculas que dice: ""DEJE LE DESTAPO"" en la parte superior y ""UNA HELADITA PARIENTE"" en la parte inferior, lo que añade un contexto humorístico a la acción del niño.",DS_IMG_1786.jpg,hate speech,neither
"CUANDO VAS A TERAPIA Y CREES QUE AHORA TODO ESTARÁ BIEN. YO insomnio, ansiedad, miedos, angustia, soledad, rencor, tristeza, culpa, celos, envidia, frustración, incompetencia.","La imagen es un meme que utiliza una escena de un programa de televisión. En el fondo, hay un grupo de caballos y personas montadas, creando una atmósfera intensa. En primer plano, se ve a una figura con una espada en la mano, en una posición que sugiere desafío o enfrentamiento. Arriba, en texto grande y negrita, se lee: ""CUANDO VAS A TERAPIA Y CREES QUE AHORA TODO ESTARÁ BIEN"". Alrededor de la figura central, hay palabras escritas en diferentes direcciones que incluyen: ""INSOMNIO"", ""ANGUSTIA"", ""SOLEDAD"", ""TRISTEZA"", ""CULPA"", ""CELOS"", ""FRUSTRACIÓN"", ""ENVIDIA"", ""RENCO"", ""MIEDOS"", ""ANSIEDAD"", ""INCOMPETENCIA"". Estas palabras parecen representar emociones o problemas que rodean a la figura. La imagen combina elementos visuales con un sentido de humor oscuro.",DS_IMG_2529.jpg,hate speech,neither
"11. Imagina que estás con tus amigos y uno de ellos hace comentarios ofensivos hacia una persona debido a su origen étnico. ¿Qué acción demuestra respeto hacia los derechos humanos?  
- Unirse a los comentarios ofensivos y reírse  
- Ignorar los comentarios y no tomar ninguna acción  
- Intervenir y decirle a tu amigo que sus comentarios son racistas  
¡Oye negro, no me faltes al respeto!","La imagen es un meme que presenta un cuestionario con una pregunta sobre cómo responder ante comentarios ofensivos relacionados con la etnia de una persona. Hay cuatro opciones de respuesta, de las cuales la opción marcada es ""Intervenir y decirle a tu amigo que sus comentarios son racistas"". En la parte inferior, se muestra una escena de una película donde un personaje, interpretado por un hombre, está señalando a otro con una expresión firme. La línea de texto en la parte inferior dice: ""¡Oye negro, no me faltes al respeto!"", apareciendo en un estilo de fuente grande y llamativa. El contexto visual es humorístico, pero aborda el tema de los comentarios racistas en un entorno social.",DS_IMG_47.jpg,inappropriate content,neither
"hola ya regresé, quería decirte que quiero volver a intentarlo contigo","La imagen muestra una fotografía de un pollo crudo con un enfoque en su parte inferior. El pollo está colocado sobre una superficie desordenada, rodeado de otros pollos en el fondo. En la parte superior de la imagen, hay un texto en español que dice: ""hola ya regrese quería decirte que quiero volver a intentarlo contigo"". El texto se presenta en un formato típico de meme, con un tono humorístico.",DS_IMG_615.jpg,hate speech,neither
- Y tú quién te crees que eres? Yo:,"La imagen muestra un meme con un texto en la parte superior que dice: ""- ¿Y tú quién te crees que eres? Yo:"". Debajo del texto, hay una fotografía de una botella de Coca-Cola que sobresale parcialmente de la arena de un desierto. El fondo es de un color claro, y la botella tiene la etiqueta clásica de Coca-Cola, que es de color rojo y blanco. La arena parece suave y amarilla, sugiriendo un ambiente desértico. En la esquina inferior derecha, hay una marca de agua que dice ""Crazzy"".",DS_IMG_1515.jpg,inappropriate content,neither
Cuando tus papás son primos 😩,"La imagen muestra una pierna humana con un cabello oscuro en la parte inferior, justo encima del tobillo. En el área de la piel de la pierna, hay una mancha en forma circular que se asemeja a un pezón, con un centro más claro. La pierna está apoyada sobre un suelo de madera, que tiene un acabado liso y un color marrón. En la parte superior de la imagen hay un texto que dice ""Cuándo tus papás son primos"" acompañado de un emoticono de rostro con expresión de tristeza.",DS_IMG_1142.jpg,hate speech,neither
cómo es que este w pasó de ser una mascota del McDonald's a ser un símbolo de la ultraderecha??,"La imagen es un meme que presenta un fondo pintoresco de un pueblo con casas y una señal de McDonald's en el lado derecho. En primer plano, hay un personaje que tiene una cabeza en forma de luna y está usando gafas oscuras, vestido con una chaqueta negra. Con una mano, está haciendo un gesto de saludo o paz. En la mesa frente a él, hay una bandeja con alimentos típicos de McDonald's que incluye papas fritas, un vaso de refresco, un helado y una hamburguesa. La parte superior de la imagen contiene texto en el que se cuestiona la evolución de este personaje de ser una mascota de McDonald's a ser considerado un símbolo de la ultraderecha.",DS_IMG_4.jpg,inappropriate content,neither
"CRISTIANO EN LOS CONTRAGOLPES CON MOURINHO:

 CRISTIANO EN LOS CONTRAGOLPES CON ZIDANE

Porque lo importante es reír.","La imagen es un meme que se divide en dos paneles. En la parte superior, se muestra una representación del personaje Hulk, musculoso y enérgico, con un fondo oscuro. El texto que acompaña dice ""CRISTIANO EN LOS CONTRAGOLPES CON MOURINHO"". En la parte inferior, hay una figura de juguete o figura de acción que imita a Hulk, pero con un diseño más caricaturesco y simplificado. Este personaje tiene un color verde pálido, lleva un pantalón morado y se observa en un entorno doméstico. El texto en la parte inferior dice ""CRISTIANO EN LOS CONTRAGOLPES CON ZIDANE"". El meme utiliza un estilo humorístico para comparar las distintas representaciones de un mismo concepto relacionado con el fútbol.",DS_IMG_2031.jpg,hate speech,hate speech
¿Cómo lo supiste? Me fascinan los roles con salsa.,"La imagen es un meme que se compone de dos partes. En la parte superior, se observa una estante de supermercado que contiene varias botellas de salsa y bolsas de un snack llamado ""Dorinados"". Las botellas de salsa están etiquetadas con colores llamativos. En la parte inferior, se presentan dos paneles con la misma imagen de un hombre que tiene una expresión facial de sorpresa en la primera, donde se pregunta: ""¿Cómo lo supiste?"", y en la segunda, sonríe y dice: ""Me fascinan los roles con salsa"". La imagen tiene un estilo humorístico típico de los memes.",DS_IMG_1991.jpg,hate speech,neither
Un día me escondí 3 horas y Karen ya andaba llorando.,"La imagen es un meme que presenta dos fotos de un gato con expresiones faciales distintas. En la parte superior, hay un texto que dice: ""Un día me escondí 3 horas y Karen ya andaba llorando."" La primera foto del gato muestra una expresión sonriente y relajada, con los ojos entrecerrados y la boca abierta en lo que parece ser una risa. En la segunda imagen, el gato tiene una expresión similar, aunque su boca está más abierta, como si estuviera sonriendo aún más ampliamente. El fondo es un entorno doméstico con una puerta en el fondo.",DS_IMG_2399.jpg,hate speech,neither
"Ay sí, ay sí. Son tan malos que hacen memes ofensivos.","La imagen es un meme que presenta a un hombre de aspecto serio con un bigote, levantando ambas manos en un gesto de protesta o énfasis. El texto en la parte superior dice ""AY SI, AY SI"" en letras grandes y negritas, mientras que la parte inferior contiene la frase ""SON TAN MALOS QUE HACÉN MEMÉS OFENSIVOS"" también en letras grandes y negritas. El estilo del meme es característico, utilizando un formato de imagen con texto superpuesto en blanco y negro. El fondo es simple para resaltar el mensaje principal.",DS_IMG_520.jpg,hate speech,neither
"DIEGO: ""ODIO A LOS SIMPSONS""","La imagen es un meme que presenta una captura de una transmisión en vivo. En el centro, hay un hombre que parece estar discutiendo o haciendo un gesto con la mano. Lleva una camiseta de color azul con un diseño visible. Frente a él, hay una mujer con el cabello largo y suelto. El texto en la imagen dice: ""DIEGO: 'ODIO A LOS SIMPSONS'"". Este texto está en un formato grande y negrita, ocupando la mayor parte del área superior e inferior de la imagen, lo que resalta la declaración de Diego. En la esquina superior derecha, hay un logotipo que parece ser de un canal de televisión.",DS_IMG_2927.jpg,neither,neither
"""Gracias papá, por comprarme la mejor consola de esta generación"" ""De nada hijo, que disfrutes los Gotys"" ""De nada pochito, también le traje el pinche Jeilo para que se divierta"" ""¡Gracias jefe, por comprarme la 360 fat en pleno 2023!""","La imagen es un meme que se divide en dos paneles. En la parte superior, se muestra una escena navideña con una familia sonriente. Un niño pequeño le agradece a su padre por comprarle una consola de videojuegos, la PlayStation 5, que está colocada a su lado. Ambos sonríen mientras que la madre, situada detrás, también sonríe. La decoración navideña se puede ver de fondo.

En la parte inferior, se presenta una escena diferente, donde un hombre sonriente sostiene una consola Xbox 360. Un niño pequeño con cara de chocolate lo mira con alegría. El hombre le dice al niño que le trajo además un juguete adicional. El entorno es más modesto, con paredes de palma y un ambiente rústico. El contraste entre las dos escenas resalta las diferencias socioeconómicas y el tono humorístico del meme.",DS_IMG_132.jpg,neither,hate speech
"Mientras algunos aficionados del Olympique de Lyon opinan esto sobre las mujeres, el equipo femenino de su propio club.","La imagen es un meme que presenta una escena de un partido de fútbol con aficionados en las gradas. Se muestran dos pancartas en la parte central, una a la izquierda y otra a la derecha. La pancarta de la izquierda tiene una figura masculina y la palabra ""STADE"" debajo, indicando la dirección hacia el estadio. La pancarta de la derecha tiene una figura femenina y la palabra ""CUISINE"", indicando la dirección hacia la cocina. En la parte inferior del meme hay un texto que dice: ""OPINAN ESTO SOBRE LAS MUJERES EL EQUIPO FEMENINO DE SU PROPIO CLUB"". El fondo muestra una multitud de aficionados, algunos levantando las manos.",DS_IMG_320.jpg,hate speech,neither
"¿Y tu perro muerde? - No, él te juzga.","La imagen es un meme que presenta un perro de raza Dachshund, sentado sobre una cama. El perro tiene una expresión facial que sugiere desdén o juicio, con un ojo semi cerrado y el hocico levemente fruncido. El fondo muestra un entorno doméstico con una manta sobre la cama y algunos objetos difusos. En la parte superior de la imagen, se encuentra el texto en letras grandes y negritas que dice: “¿Y TU PERRO MUERDE?” y, en la parte inferior, la respuesta: “-NO, ÉL TE JUZGA.” Este formato combina elementos visuales y textuales para transmitir un mensaje humorístico.",DS_IMG_765.jpg,inappropriate content,neither
Vacúnenme con está porfa,"La imagen es un meme que presenta un fondo de color rosa con un brazo femenino parcialmente visible. Se observa una mano que sostiene una jeringa, apuntando hacia el hombro del brazo. La jeringa está etiquetada con la palabra ""Vergacetamol"". En la parte superior de la imagen, hay un texto que dice ""Vacúnennme con está porfa"". En el lado izquierdo, aparece la etiqueta ""Memes Hot Valack"". En la esquina inferior derecha, hay un dibujo de una calavera.",DS_IMG_1282.jpg,hate speech,neither
Yo a punto de empeorar una situación ya tensa con algo de humor,"La imagen presenta un meme que muestra a tres monos en un entorno natural, posiblemente en un área verde. En el primer plano, dos monos se miran entre sí, mostrando expresiones faciales serias. Un tercer mono, ubicado un poco detrás de los otros dos, tiene una gran sonrisa y ojos muy abiertos, lo que sugiere una actitud juguetona. En la parte superior de la imagen, hay un texto en español que dice: ""Yo a punto de empeorar una situación ya tensa con algo de humor"". El estilo del meme es humorístico y hace énfasis en la situación de incomodidad que se percibe entre los dos monos del primer plano.",DS_IMG_825.jpg,hate speech,neither
Otros Despertando / Yo Despertando Viendo Las chanclas,"La imagen es un meme dividido en dos paneles. En el panel izquierdo, hay una ilustración de dos personas en una posición íntima, con una mujer de cabello largo y de color claro y un hombre de cabello verde. Ambos parecen estar en un momento de cercanía. Este panel está titulado ""Otros Despertando"". En el panel derecho, se muestra a un zorro sentado sobre una cama, mirando hacia unas chanclas en el suelo, con una expresión que sugiere confusión o somnolencia. Este panel está titulado ""Yo Despertando Viendo Las chanclas"". La escena está diseñada para contrastar las diferentes experiencias de despertar entre las personas y el zorro.",DS_IMG_1464.jpg,hate speech,neither
"SE ACABÓ TODO, TODO TODILLO.","La imagen es un meme que presenta un formato dividido en dos partes. En la parte superior, se muestra un marcador con los nombres de ""Argentina"" y ""México"", indicando un resultado de 1 - 0 a favor de Argentina, junto con los respectivos escudos de los países. En la parte inferior de la imagen, se puede ver un personaje con apariencia de dibujos animados, similar al estilo de ""Los Simpson"", que lleva puesta una chaqueta de la selección mexicana de fútbol. El personaje tiene una expresión facial de sorpresa o desánimo, con el cabello gris y gafas. El texto en la parte inferior dice: ""SE ACABÓ TODO, TODO TODILLO"", resaltando su mensaje con un color verde brillante. El fondo es un cielo azul con algunas nubes.",DS_IMG_2687.jpg,neither,neither
"Papi, en qué creen los testigos de Jehová? Creen que vamos a abrirles la puerta!!!","La imagen es un meme que se compone de dos paneles extraídos de una escena de una película. En la parte superior, hay un niño pequeño con cabello rubio y ondulado, que mira a un hombre sentado a su lado, que parece estar hablando con él de manera seria. El texto en la parte superior dice: ""PAPI, EN QUE CREN LOS TESTIGOS DE JEHOVÁ?"". En el panel inferior, el mismo hombre tiene una expresión de entusiasmo y una sonrisa amplia, mientras responde al niño. El texto en la parte inferior dice: ""CREN QUE VAMOS A ABRIRLES LA PUERTA!!!"". El estilo visual es característico de los memes, con un contraste marcado entre el texto y las imágenes en un formato rectangular.",DS_IMG_663.jpg,hate speech,neither
"""Vieja el último"" ""Dejemos de decir que ser mujer es algo malo"" #frasesexista","La imagen es un meme que presenta un fondo degradado en tonos verdes y lilas. En el centro, hay dos personajes estilizados que parecen estar corriendo. El primero, a la izquierda, viste una camisa blanca con una chaqueta gris y pantalones rojos, mientras que el segundo, a la derecha, lleva una camiseta azul y pantalones oscuros. Este segundo personaje está sosteniendo la mano del primero.

En la parte superior derecha de la imagen hay un cuadro con texto en dos colores. Un texto tachado en rojo dice: “Vieja el último”, y a su lado, un texto nuevo en verde que dice: “Dejemos de decir que ser mujer es algo malo”. En la parte inferior de la imagen se puede ver el hashtag “#frasesexista” en color amarillo. El logo y las referencias de una entidad están visibles en la parte inferior de la imagen.",DS_IMG_414.jpg,inappropriate content,hate speech
Cuando te dice vamos a ver ESO Pero no es ESO que tú crees,"La imagen es un meme que presenta dos paneles. En el panel superior, aparece un payaso con cabello rizado y rojo, mostrando una expresión de risa amplia con dientes afilados, lo que genera una atmósfera inquietante. En el panel inferior, el mismo payaso tiene una expresión triste, con lágrimas que corren por sus mejillas y una sonrisa forzada. El texto en la parte superior dice: ""Cuando te dice vamos a ver ESO"" y en la parte inferior: ""Pero no es ESO que tú crees."" El fondo de la imagen es de un color claro, permitiendo que el enfoque se mantenga en el payaso y el texto.",DS_IMG_1354.jpg,neither,neither
"Torta en España  
Torta en México  
Torta en Argentina  ","La imagen es un meme dividido en cuatro paneles. En el primer panel, hay una fotografía de una torta tradicional en un plato, decorada con crema y frutos, con el texto ""TORTA EN ESPAÑA"" en letras grandes y negras. En el segundo panel, se muestra a una mujer sonriendo mientras sostiene un gran bocadillo relleno de diferentes tipos de carne, con el texto ""TORTA EN MÉXICO"". El tercer panel, que se encuentra en la parte inferior izquierda, tiene el texto ""TORTA EN ARGENTINA"" y muestra a un hombre con una expresión de decepción, sosteniendo un plato vacío. El diseño del meme juega con la idea de las distintas interpretaciones del término ""torta"" en diferentes países.",DS_IMG_1126.jpg,inappropriate content,neither
"Si Shrek le infló el sapo a Fiona, ¿tú por qué a mí no?","La imagen es un meme que presenta un diálogo en la parte superior que dice: ""Si shrek le infló el sapo a fiona tú porque a mí no?"". En la ilustración, se observa a Shrek, un ogro grande y verde, que sostiene un objeto en forma de serpiente con una expresión de sorpresa o confusión. A su lado, está Fiona, una mujer con cabello largo y castaño, vestida con un vestido verde. Ella tiene una expresión sonriente, mirando a Shrek. El fondo muestra un paisaje verde con árboles y un césped abundante, sugiriendo un ambiente natural y alegre.",DS_IMG_1020.jpg,hate speech,neither
Cuando buscas pareja en el 2023 ¿HAY ALGUIEN AQUÍ SIN HIJØS?!,"La imagen es un meme que presenta un fondo oscuro con un efecto de luces que sugiere un ambiente nocturno. En el centro, hay un personaje vestido con un uniforme de policía, con una expresión de sorpresa y emoción. Está sosteniendo una linterna y gritando hacia la cámara. En la parte superior de la imagen, hay un texto en negro que dice ""Cuando buscas pareja en el 2023"". En la parte inferior, en letras grandes y blancas, se lee ""¿HAY ALGUIEN AQUÍ SIN HIJØS?!"" El meme tiene un tono humorístico que juega con la búsqueda de pareja en un contexto social contemporáneo.",DS_IMG_932.jpg,hate speech,neither
"Qué lindo eres tú, eres mi bebé, mi bebito fiu fiu. ¡Ay, ese miserable merece la muerte!","La imagen es un meme dividido en dos paneles. En la parte superior, se muestra al personaje Krillin sosteniendo un micrófono, con una expresión feliz y cantando. Los textos que aparecen son ""Qué lindo eres tú"" y ""eres mi bebé"". En el medio, hay un texto que dice ""mi bebito fiu fiu"" acompañado de un emoji que ríe. En la parte inferior, se muestra al personaje Vegeta en una pose de imploración, con un fondo de paisaje. El texto que aparece es ""¡Ay, ese miserable merece la muerte!"" mostrando una expresión de frustración o enojo.",DS_IMG_216.jpg,hate speech,hate speech
Cuando tu maestra te dice que estás reprobado en inglés: IS INSOLTIN AN ONACSEPTABOL,"La imagen es un meme que muestra a un hombre con cabello corto y gafas, con expresión de sorpresa o incredulidad mientras habla. El fondo es borroso pero sugiere un entorno de conferencia, posiblemente político. En la parte superior de la imagen, hay un texto que dice: ""Cuando tu maestra te dice que estás reprobado en inglés"". En la parte inferior, hay un texto que dice: ""IS INSOLTIN AN ONACSEPTABOL"". La imagen incluye un pequeño logo en la esquina inferior izquierda que parece ser un dibujo de un gallo con una expresión amistosa y el texto ""SDPITORREO"".",DS_IMG_1992.jpg,hate speech,neither
"Si memes mexicanos: es justamente la página que buscaba ""like si tú también"" si no pudrete.","La imagen es un meme que presenta a un personaje de una película famosa, con una expresión facial seria y gesticulando con la mano. El texto en la parte superior dice ""SI MEMES MEXICANOS"" y en la parte inferior dice ""ES JUSTAMENTE LA PAGINA QUE BUSCABA 'LIKE SI TU TAMBIEN' SI NO PUDRETE"". El estilo del meme se caracteriza por el uso de mayúsculas y un formato típico que resalta el mensaje, que parece estar dirigido a un público específico en las redes sociales. El fondo es indistinto, lo que enfoca la atención en el personaje y el texto.",DS_IMG_1820.jpg,inappropriate content,neither
"— No te muevas, voy por papel. — ...","La imagen es un meme que presenta a un personaje animado con grandes ojos azules y una expresión facial de asombro o sorpresa. Su rostro está decorado con un líquido blanco que parece goteado, lo que puede transmitir una sensación de confusión o incomodidad. En la parte superior de la imagen, hay un texto en un estilo de diálogo que dice: ""— No te muevas, voy por papel."" y una segunda línea que consiste en puntos suspensivos. El fondo del personaje es de un color púrpura. El meme parece tener un tono humorístico, utilizando la expresión del personaje para ilustrar la situación planteada en el texto.",DS_IMG_1189.jpg,inappropriate content,neither
La ciencia ha llegado a los nuevos interruptores.,"La imagen presenta un meme que muestra dos interruptores de luz. A la izquierda se observa un interruptor con la figura de un hombre, representada con un diseño simple en color negro, y un interruptor a la derecha que muestra una figura femenina, también en color negro. Ambos interruptores tienen una perilla blanca en el centro que simula la acción de encender y apagar. El fondo es de color claro con un patrón de mármol en tonos grisáceos, y en la parte superior se encuentra un texto que dice: ""La ciencia ha llegado a los nuevos interruptores"".",DS_IMG_1141.jpg,hate speech,neither
"¿Así que celebras Halloween y te gustan los sustos? Pues para el lunes examen de historia y geografía alemana, ¡toma susto!","n:** La imagen es un meme que presenta a una mujer con una sonrisa amplia y amigable, gesticulando mientras señala hacia un mapa en una pizarra. Ella tiene el cabello oscuro y lleva una camiseta blanca con una chaqueta ligera. El texto en la parte superior dice: ""¿ASÍ QUE CELEBRAS HALLOWEEN Y TE GUSTAN LOS SUSTOS?"" y en la parte inferior: ""PUES PARA EL LUNES EXAMEN DE HISTORIA Y GEOGRAFÍA ALEMANA, ¡TOMA SUSTO!"" El formato de la imagen es colorido y el texto es en mayúsculas, con un estilo típico de meme humorístico.",DS_IMG_2000.jpg,inappropriate content,neither
Nomás te veo y se me chorrea el churro.,"La imagen presenta un meme que muestra una comida, aparentemente un churro, que está cubierto de una sustancia líquida que parece ser chocolate o crema. La imagen tiene un fondo desenfocado y el churro ocupa la parte central, mientras que el texto en la parte inferior está en letras grandes y en negrita, que dice: ""NOMÁS TE VEO Y SE ME CHORREA EL CHURRO"". El estilo del meme apela al uso de un humor visual con doble sentido.",DS_IMG_1380.jpg,hate speech,neither
"72 LinkedIn, Facebook, Instagram, Tinder.","La imagen es un meme que presenta cuatro paneles, cada uno con la misma persona, mostrando diferentes expresiones y estilos relacionados con las redes sociales. 

- En el panel superior izquierdo, el individuo está vestido con un traje, con una expresión seria y un gesto de presentación, acompañado por el texto ""LINKEDIN"".
- En el panel superior derecho, la misma persona tiene una gran sonrisa y un aspecto más relajado, con el texto ""FACEBOOK"" debajo.
- En el panel inferior izquierdo, el individuo tiene un atuendo casual y una expresión alegre, mostrando un ambiente más divertido, junto a la etiqueta ""INSTAGRAM"".
- En el panel inferior derecho, aparece sin camiseta y con un sombrero, luciendo despreocupado y relajado, con el texto ""TINDER"" debajo.

El conjunto de imágenes utiliza un estilo humorístico para contrastar la imagen que proyecta en cada plataforma social.",DS_IMG_2327.jpg,neither,neither
Amigos con derecho; Amigos sin derechos.,"La imagen es un meme dividido en dos paneles. En la parte superior, se observa a una pareja de jóvenes sonrientes, de pie frente a un fondo claro. La mujer tiene el cabello largo y oscuro, vistiendo una camiseta de manga corta blanca, mientras que el hombre tiene el cabello corto y usa una camiseta blanca también. Sobre esta imagen, se encuentra el texto ""Amigos con derecho"" en letras grandes y negras. 

En la parte inferior, hay una fotografía de otra pareja, cuyos rostros muestran expresiones más serias o pensativas. La mujer tiene el cabello oscuro y rizado, y el hombre tiene la piel oscura y muestra una expresión cercana a la de la mujer. El texto ""Amigos sin derechos"", en letras grandes y negras, está superpuesto en esta imagen. También hay un pequeño círculo en la esquina superior derecha con una imagen en blanco y negro que muestra a una persona con un pañuelo en la cara y gafas oscuras.",DS_IMG_1118.jpg,neither,neither
"*Llega Elon Musk a inaugurar planta de Tesla en NL* - Todos y cada uno de los empleados: TIGRE O RAYADO, INGE?","La imagen es un meme dividido en dos paneles. En el panel izquierdo, aparece un hombre con una camisa amarilla con patrones oscuros, que sonríe y mira a la cámara. La escena parece un entorno informal con paredes de color claro. El texto sobre la imagen dice: ""*Llega Elon Musk a inaugurar planta de Tesla en NL* - *Todos y cada uno de los empleados:* TIGRE O RAYADO, INGE?"". En el panel derecho, hay una imagen de un hombre, que parece ser Elon Musk, con una expresión divertida y una mano levantada de manera despreocupada, vistiéndose con una chaqueta negra y una camiseta de colores. El fondo es azul con elementos gráficos que no están claramente definidos.",DS_IMG_2468.jpg,hate speech,hate speech
Esto es una dictadura! ¿Qué gobierno extraña usted? la dictadura.,"La imagen es un meme que presenta cuatro paneles extraídos de una escena de una serie animada. En el primer panel, hay un robot de aspecto humanoide frente a una pizarra en un aula, donde dice ""Esto es una dictadura!"". En el segundo panel, un niño de piel oscura con cabello rizado pregunta sorprendido: ""¿Qué gobierno extraña usted?"". En el tercer panel, se muestra el rostro del robot en un ángulo desde atrás. Finalmente, en el cuarto panel, el robot responde ""la dictadura"", con el texto en la parte inferior. Los alumnos en el fondo aparecen variados, prestando atención a la situación.",DS_IMG_1317.jpg,hate speech,neither
Siempre creí en ti,"La imagen es un meme que muestra a un personaje animado con cabello rojo y gafas, que tiene una expresión melancólica y una lágrima en su ojo. Se encuentra frente a una puerta o pared, mirando una foto que está pegada con cinta adhesiva. En la imagen que observa, aparece un hombre de cabello blanco y barba, con un traje y corbata, luciendo unas gafas de sol pixeladas, un estilo que suele asociarse con el humor en internet. En la parte inferior de la imagen, hay un texto que dice ""Siempre creí en ti"". El fondo incluye estanterías con libros y un abrigo colgado, sugiriendo un entorno de estudio o habitación.",DS_IMG_2563.jpg,neither,neither
"¡Mierda, a qué hora se me ocurrió comprar una cama de agua?!","La imagen es un meme ilustrado en estilo de cómic. Se muestra una escena de un dormitorio con un fondo de color verde claro. En la cama, hay dos personajes. Uno está acostado boca arriba, con un cuerpo delgado y piernas estiradas, usando un pantalón corto azul. El otro personaje está acostado de lado, con una figura más robusta y vestida con una camiseta morada, mirando hacia el otro lado. Ambos parecen estar durmiendo. 

Sobre el personaje que está acostado boca arriba, hay un bocadillo de pensamiento que dice: ""¡Mierda, a qué hora se me ocurrió comprar una cama de agua?!"", lo que sugiere que está reflexionando sobre su situación. La cama tiene un colchón visible de color naranja. En la esquina inferior derecha, hay una firma con el nombre ""Héctor Aguilar"".",DS_IMG_3270.jpg,neither,neither
"JAJAAJ NO ENTIENDO UNA MIERDA, MEJOR APRENDO A ROBAR.","La imagen muestra a un niño pequeño, sentado en un sofá, sosteniendo un libro abierto. El niño tiene una expresión de alegría y sorpresa, con una gran sonrisa y ojos brillantes. A su lado, hay un adulto que parece estar sonriendo o riendo también, sugiriendo un ambiente de diversión y complicidad. En la parte inferior de la imagen, hay un texto en letras grandes y en negrita que dice: ""JAJAJA NO ENTIENDO UNA MIERDA, MEJOR APRENDO A ROBAR"". El estilo general del meme es humorístico, utilizando una mezcla de un momento feliz y un texto provocador.",DS_IMG_446.jpg,hate speech,neither
"LOS MADRUGADORES DEL SUR VOL.4 ""QUE MILAGRO CHAPARRITA""","La imagen es un meme en blanco y negro que presenta una escena antigua. En el primer plano, hay un burro que lleva a dos niños sentados en cestas o canastas. Los niños parecen contentos. El burro está en un entorno natural, con árboles al fondo. En la parte superior de la imagen, hay texto que dice ""LOS MADRUGADORES DEL SUR"" en letras grandes y mayúsculas. Abajo, se encuentra ""VOL.4"" y ""QUE MILAGRO CHAPARRITA"" en un tamaño de letra más pequeño, junto a un dibujo de un violonchelo que parece como un ícono. El diseño general sugiere un formato típico de carátula de álbum.",DS_IMG_1424.jpg,hate speech,neither
Sábado con S de ¿Si nos comemos?,"La imagen presenta un fondo rojo sólido con un dibujo de dos gatos caricaturescos en la parte central. Uno de los gatos es gris y está sentado detrás del otro, que es blanco. El gato gris tiene una expresión alegre y está mirando hacia el frente, mientras que el gato blanco está recostado en el suelo con una expresión tranquila. Ambos gatos tienen grandes ojos y mejillas sonrojadas, lo que les da un aspecto adorable. 

En la parte superior de la imagen, hay un texto en color blanco que dice: ""Sábado con S de ¿Si nos comemos?"". El estilo de la tipografía es amigable y divertido, complementando el aspecto juguetón de los gatos.",DS_IMG_1467.jpg,hate speech,neither
"YouTube bloqueó videos de ajedrez porque creyó que ""blanco y negro"" eran expresiones racistas. La falla no fue humana, sino del sistema de inteligencia artificial que modera el contenido en el portal de videos de Google. Fecha de publicación: 26 de Febrero 2021, 10:30hs. ES BROMA, ¿VERDAD? PORQUE ES LO MÁS ESTÚPIDO QUE HE LEÍDO.","La imagen es un meme dividido en dos partes. En la parte superior, se muestra un texto que dice: ""YouTube bloqueó videos de ajedrez porque creyó que 'blanco y negro' eran expresiones racistas"". Debajo, se encuentra la fecha y hora de publicación, que es ""26 de Febrero 2021, 10:30hs"". En la parte inferior, hay un personaje de animación con una expresión de incredulidad, que dice: ""¿ES BROMA VERDAD? PORQUE ES LO MÁS ESTÚPIDO QUE HE LEÍDO"". El fondo de la imagen superior presenta un tablero de ajedrez con piezas blancas y negras, mientras que la parte inferior tiene un fondo de oficina con un escritorio y un ordenador.",DS_IMG_103.jpg,inappropriate content,hate speech
Cuando te bañas para encontrarte con tu novio y tu esposo te pide un rapidín.,"La imagen es un meme que presenta un texto en la parte superior que dice: ""CUANDO TE BAÑAS PARA ENCONTRARTE CON TU NOVIO Y TU ESPOSO TE PIDE UN RAPIDIN."" Debajo de este texto, hay una imagen de una mujer con una expresión facial seria y desinteresada. La mujer está mirando hacia la cámara, mientras que a su izquierda se puede ver la parte del rostro de un hombre acercándose, pero solo se percibe parcialmente. El fondo es desenfocado, lo que sugiere que se encuentran en un entorno íntimo.",DS_IMG_1269.jpg,neither,neither
¿Es por qué soy negro?,"La imagen es un meme que se compone de dos partes. En la parte superior, hay dos cartas del juego ""Yu-Gi-Oh!"" que muestran las cartas del ""Dragón Blanco de Ojos Azules"" y ""Dragón Negro de Ojos Rojos"". Ambas cartas están organizadas una al lado de la otra, cada una con su respectivo texto en español que describe sus características, como su ataque (ATK) y defensa (DEF). En la parte inferior, hay una imagen de un hombre con un sombrero decorativo, con una expresión inquisitiva. Él pregunta en español: ""¿Es por qué soy negro?"" Esta parte del meme sugiere una reacción cómica en relación con el contexto de las cartas. El estilo del meme es típico de la cultura de memes en internet, combinando referencias de la cultura popular con humor visual.",DS_IMG_89.jpg,inappropriate content,neither
Menos mal mi hijo dejó de tomar teta a los 2 años. Mi novia:,"La imagen es un meme que consta de dos paneles. En la parte superior se encuentra un texto que dice: ""Menos mal mi hijo dejó de tomar t3ta a los 2 años. Mi novia:"". En el primer panel, a la izquierda, hay una mujer con cabello largo y oscuro que sostiene una taza verde grande y tiene una expresión seria, mirando hacia un lado. En el segundo panel, a la derecha, la misma mujer está bebiendo de la misma taza verde, pero con una expresión más enfocada en el acto de beber. El fondo es ligeramente difuso y no presenta elementos distintivos que alteren la atención hacia la mujer y la taza.",DS_IMG_1324.jpg,hate speech,neither
Los del América viendo que Ochoa sí para penales.,"La imagen es un meme que presenta un personaje animado de color verde, conocido como Mike Wazowski de la película ""Monsters, Inc."". El personaje tiene una expresión facial seria y confusa, con ojos grandes y una boca cerrada. Se encuentra de pie, con los brazos a los lados y el fondo muestra una habitación con un ambiente hogareño, incluyendo una cama. En la parte superior de la imagen, hay un texto que dice: ""Los del América viendo que Ochoa sí para penales.""",DS_IMG_2688.jpg,hate speech,neither
Me dijiste que no tenías hijos / Contigo,"La imagen es un meme que presenta dos secciones. En la parte izquierda, hay una mujer rubia con el cabello largo que grita y señala, mostrando una expresión de enojo o confrontación. A su lado, hay otra mujer con una expresión de sorpresa o confusión. En la parte derecha, hay un gato blanco con una expresión indiferente, sentado frente a un plato que contiene ensalada y otros alimentos. El texto en la parte superior dice ""Me dijiste que no tenías hijos"" y en la parte derecha ""Contigo"", estableciendo un contraste humorístico entre las dos secciones.",DS_IMG_2298.jpg,hate speech,neither
"Sabien­do que la gente discu­te de todo, aquí les dejo una foto de unas naranjas. 😄","La imagen muestra un grupo de cuatro plátanos amarillos sobre un fondo claro. En la parte superior de la imagen hay un texto que dice: ""Sabiendo que la gente discute de todo. aquí les dejo una foto de unas naranjas.."" seguido de una carita sonriente. El texto está en un tipo de letra oscuro y claramente visible, y el contraste con el fondo resalta el mensaje humorístico, ya que los plátanos son claramente diferentes a las naranjas.",DS_IMG_3224.jpg,hate speech,hate speech
El deformado se burla de él. Él cree que es verdad.,"La imagen es un meme que presenta una fotografía de un joven con cabello rubio claro y una expresión sonriente, mostrando los dientes. El fondo es de color púrpura. El texto está dispuesto en un formato de dos líneas en la parte inferior de la imagen. La primera línea dice ""EL DEFORMA SE BURLA DE ÉL"" y la segunda línea dice ""ÉL CRÉE QUE ES VDD"", ambas en letras grandes y en mayúsculas, con un estilo que resalta sobre el fondo. La vestimenta del joven comprende un suéter de colores rojo y blanco con un patrón de cuadros.",DS_IMG_2866.jpg,hate speech,neither
"Si car es auto y men es hombre, entonces mi tía Carmen es un transformer.","La imagen es un meme que presenta a un niño pequeño con una expresión de triunfo, levantando el puño en actitud de victoria. El fondo está compuesto por varias secciones de colores, principalmente en tonos morados y azules. En la parte superior de la imagen hay un texto que dice: ""SI CAR ES AUTO Y MEN ES HOMBRE"", y en la parte inferior se encuentra otro texto que dice: ""ENTONCES MI TÍA CARMEN ES UN TRANSFORMER"". El estilo del meme es humorístico, haciendo un juego de palabras a partir de los términos en inglés.",DS_IMG_2.jpg,inappropriate content,neither
"La virgen, Mis memes de humor negro, llenos de gracia.","La imagen es un meme compuesto por tres paneles. En el primer panel, se muestra la figura de la Virgen María con el texto ""la virgen"" escrito en la parte superior. En el segundo panel, un hombre sonriente que parece estar en un entorno interior, con texto que dice ""Mis memes de humor negro"". En el tercer panel, se observa un apretón de manos entre dos brazos musculosos, con el texto ""llenos de gracia"". La imagen utiliza una mezcla de ilustraciones y capturas de pantalla, y está diseñada para crear un contraste entre la seriedad de la figura religiosa y el humor.",DS_IMG_1236.jpg,hate speech,neither
POBRE CRIATURA,"La imagen es un meme que presenta a una mujer con cabello rizado y voluminosa, mirando hacia un lado con una expresión de desdén o desprecio. Ella viste un suéter amarillo y una blusa de color claro. En la parte inferior de la imagen se encuentra el texto grande que dice ""POBRE CRIATURA"", en letras mayúsculas y con un estilo que resalta su mensaje. El fondo de la imagen es de un tono suave que no distrae del primer plano.",DS_IMG_1825.jpg,neither,neither
"No sé mucho de aves, pero ya sé quién es la esposa...","La imagen es un meme que presenta dos pájaros de color azul y naranja posados sobre una rama. El pájaro a la izquierda tiene una expresión tranquila, mientras que el de la derecha parece estar hablando o emitiendo un sonido. En la parte superior de la imagen hay un texto que dice: ""No sé mucho de aves, pero ya sé quién es la esposa..."", utilizando un estilo de fuente grande y colorido, donde ""esposa"" está en rojo. En la esquina inferior izquierda se encuentra un logotipo que dice ""CHISTES PARATODOS"". La imagen tiene un fondo difuso que resalta a los pájaros y el texto.",DS_IMG_3144.jpg,neither,neither
Día de la mujer VS día del hombre. DÍA DE LA MUJER. DÍA DEL HOMBRE.,"La imagen es un meme dividido en dos paneles que contrasta el ""Día de la Mujer"" y el ""Día del Hombre"". En la parte superior, se muestra a un grupo de personas (principalmente mujeres) en una mesa brindando con copas en un ambiente festivo y alegre. Tienen expresiones sonrientes y están celebrando. En la parte inferior, se presenta a un hombre sentado solo en una mesa, luciendo pensativo y un poco desanimado, en un entorno más sombrío. Las palabras ""DÍA DE LA MUJER"" están en letras grandes y destacadas sobre la parte superior, mientras que ""DÍA DEL HOMBRE"" aparece de manera similar en la parte inferior. El logo de la cuenta ""@HumorColombiano"" está presente en la parte inferior del meme.",DS_IMG_590.jpg,inappropriate content,neither
"""LA SEÑAL"" QUE TE DA UNA CHICA: LO QUE REALMENTE NECESITO PARA DARME CUENTA:","La imagen es un meme dividido en dos paneles. El panel superior muestra a una mujer sonriendo, con las manos juntas y una expresión amistosa, en un entorno cálido y acogedor. El texto en la parte superior dice: ""LA SEÑAL QUE TE DA UNA CHICA:"". El panel inferior presenta una escena de una animación, donde un personaje está realizando alguna acción, mientras que una mujer sentada parece observarlo con atención. El texto del panel inferior dice: ""LO QUE REALMENTE NECESITO PARA DARME CUENTA:"". El meme juega con la idea de las señales de interés romántico de manera humorística.",DS_IMG_607.jpg,inappropriate content,hate speech
EN LAS PEDAS: EN LOS PEDOS:,"La imagen es un meme que se divide en dos paneles. En el panel superior, se ve a un hombre sonriendo con una pose de triunfo, vistiendo un uniforme de artes marciales y haciendo un gesto con el puño. En el panel inferior, un grupo de personas está involucrado en un altercado. Uno de los hombres está siendo empujado al suelo cerca de una cerca metálica, mientras que un segundo hombre parece estar atacándolo. La leyenda en la parte superior dice ""EN LAS PEDAS:"" y en la parte inferior ""EN LOS PEDOS:"". El diseño es típico de memes humorísticos en redes sociales.",DS_IMG_2833.jpg,neither,neither
"¿QUÉ PARTE NO HAS ENTENDIDO... DEL CARTEL QUE DICE ""SOLO PARA MUJERES, LESBIANAS Y TRANS?","La imagen es un meme que presenta a dos mujeres vestidas con túnicas blancas con detalles dorados, sosteniendo escudos en sus brazos. Están posicionadas en la parte inferior de unas escaleras que parecen conducir a un lugar oscuro. Las mujeres tienen expresiones serias y desafiantes. En la parte superior de la imagen, hay un texto en letras grandes que dice: “¿QUÉ PARTE NO HAS ENTEINDIDO...”, y en la parte inferior, otro texto que dice: “DEL CARTEL QUE DICE 'SOLO PARA MUJERES, LESBIANAS Y TRANS?'”. El estilo del meme es directo y confrontacional, utilizando imágenes que evocan un sentido de autoridad.",DS_IMG_372.jpg,hate speech,hate speech
YO DEDICÁNDOLE UN POEMA A MI MAMÁ EL 10 DE MAYO O SEA QUE NO HAY REGALO,"La imagen es un meme que presenta a una mujer con una expresión facial exagerada y sonriente. El texto en la parte superior dice ""YO DEDICANDOLE UN POEMA A MI MAMA EL 10 DE MAYO"", indicando la intención de dedicar un poema a su madre en una fecha especial. En la parte inferior, el texto dice ""O SEA QUE NO HAY REGALO"", sugiriendo que la dedicación del poema implica que no habrá un regalo material. El fondo es difuso, lo que enfoca la atención en la mujer y el texto. La combinación de la expresión facial y el texto crea un contraste humorístico.",DS_IMG_2470.jpg,neither,neither
"Las tostadas son como los padres. Si son negras, no tienes nada que comer.","La imagen es un meme que presenta dos rebanadas de pan tostado, las cuales están quemadas y tienen un color negro en su parte inferior, mientras que la parte superior muestra un tono marrón más claro. El texto en la parte superior de la imagen dice: ""LAS TOSTADAS SON COMO LOS PADRES"", y en la parte inferior, se lee: ""SI SON NEGRAS, NO TIENES NADA QUE COMER"". El texto es de un color blanco con un contorno oscuro, en un estilo de fuente gruesa y fácil de leer. La distribución del texto sugiere un formato humorístico, típico de memes en redes sociales.",DS_IMG_1003.jpg,inappropriate content,neither
La víctima murió ahorcada. Parece que todo concuerda.,"La imagen es un meme que presenta a un presentador de noticias sonriente y con una postura confiada. En la parte superior, hay un texto grande que dice ""LA VÍCTIMA MURIÓ AHORCADA"", mientras que en la parte inferior se encuentra el texto ""PARECE QUE TODO CONCUERDA"". El fondo muestra un set de noticias, con pantallas y luces que sugieren un entorno de transmisión televisiva.",DS_IMG_1185.jpg,hate speech,neither
Todo México viendo que no es la Beyoncé real #GranFinalAllStar,"La imagen muestra un mapa de México en color rojo sólido. Sobre el mapa, hay un rostro dibujado con una expresión de enojo, caracterizado por dos ojos grandes y una boca fruncida. En la parte superior de la imagen, hay un texto que dice: ""Todo México viendo que no es la Beyoncé real"" seguido del hashtag ""#GranFinalAllStar"". El diseño es sencillo y se enfoca en la mezcla de la representación del país con la caricatura facial, subrayando un sentimiento de descontento.",DS_IMG_2778.jpg,inappropriate content,neither
Tienes visita. Siiii?? :) ¿quién?,"La imagen es un meme dividido en dos secciones. En la parte superior, se muestra a una enfermera con una expresión amigable y una bata azul, sosteniendo la mano de una niña que está en una cama de hospital. La enfermera le dice: ""Tienes visita"", mientras que la niña le responde con una expresión de sorpresa y curiosidad: ""siiii?? :) quien?"". En la parte inferior, a través de una ventana, se pueden ver a varios hombres vestidos con trajes formales y sombreros, observando a la niña. La atmósfera es humorística, sugiriendo una sorpresa inesperada relacionada con la visita.",DS_IMG_3025.jpg,neither,neither
Esos sí eran regalos,"La imagen es un meme que presenta una fotografía en blanco y negro. En el centro, hay un niño pequeño con cabello rubio y corto, que está montado sobre la espalda de un hombre. El niño tiene una expresión seria y viste una ropa clara con un cinturón oscuro. El hombre, que tiene la piel oscura, muestra una sonrisa suave, y parece estar en una postura de apoyo, con su torso hacia delante. El fondo de la imagen es difuso y de un tono neutro. En la parte superior, hay un texto que dice: ""Esos si eran regalos"".",DS_IMG_876.jpg,hate speech,neither
ODIO LAS FIESTAS DE FIN DE AÑO,"La imagen muestra al personaje conocido como el Grinch, que es de color verde y lleva un traje de Navidad, incluyendo un sombrero rojo con una banda blanca. Su expresión es seria y descontenta, con los labios apretados y las cejas fruncidas. En la parte inferior de la imagen, hay un texto en letras grandes y en mayúsculas que dice: ""ODIO LAS FIESTAS DE FIN DE AÑO"". El fondo parece ser una escena invernal con tonos difusos, que refuerza el ambiente festivo contrastado con la actitud del Grinch.",DS_IMG_2942.jpg,hate speech,neither
Todos en el cine,"La imagen es un meme que presenta una escena de la serie animada ""Los Simpson"". En el fondo, hay un grupo de personajes, principalmente mujeres, que están en un ambiente festivo, vistiendo ropa rosa. Entre ellos, se destaca Homer Simpson, que está sentado en la barra con una expresión confundida o desconcertada. El texto en la parte superior dice ""Todos en el cine"", implicando que todos los personajes parecen estar disfrutando de la situación en un cine. La escena es vibrante, llena de actividades y con una atmósfera animada.",DS_IMG_2520.jpg,inappropriate content,neither
BAD BUNNY: ¿POR QUÉ INSULTAS MI MÚSICA? LEÓN LARREGUI: Porque te odio,"La imagen es un meme que presenta un diálogo entre dos personajes. En la parte superior, el texto dice ""BAD BUNNY: ¿POR QUÉ INSULTAS MI MÚSICA?"" y en la parte inferior se muestra a un hombre, que parece ser León Larregui, con una expresión facial que indica desdén o desprecio. Su mano está levantada como si estuviera señalando o gesticulando. El texto en la parte inferior dice ""Porque te odio"" en un color amarillo prominente. El fondo es oscuro y se aprecian luces de una escena nocturna, sugiriendo un ambiente de concierto o evento.",DS_IMG_2874.jpg,hate speech,neither
"No entiendo el problema de Ricardo Anaya con las caguamas. Todos sabemos que esta presentación beneficia a la economía familiar, en comparación con otras presentaciones de cerveza. Además el envase es súper eco friendly. #ConLasCaguamasNo","La imagen se presenta en un formato de meme dentro de un tuit. En el lado izquierdo, hay una botella de cerveza ""Victoria"" con una etiqueta que indica ""27% más"". A la derecha, hay varias botellas de cerveza ""Corona Mega"", todas alineadas, con etiquetas visibles que muestran el nombre de la marca. El texto del tuit menciona a Ricardo Anaya y argumenta sobre los beneficios económicos y ecológicos de las caguamas (botellas grandes de cerveza). Al final, hay un hashtag que dice ""#ConLasCaguamasNo"".",DS_IMG_201.jpg,hate speech,hate speech
"-Alguien ponga música  
- Yo  
- Pero no queremos escuchar tuya","La imagen es un meme que incluye un panel superior y uno inferior. En la parte superior, hay un texto en mayúsculas que dice: ""ALGUIEN PONGA MÚSICA"" y en la siguiente línea ""YO"" en tamaño más pequeño. En la línea final se lee: ""PERO NO QUEREMOS ESCUCHAR TUSA"", destacando la palabra ""TUSA"" en un color rosa brillante. En el panel inferior, hay una ilustración de una mano cerrada, con un cable de auriculares visible que se asoma entre los dedos. La mano parece estar enérgicamente cerrada, mostrando un gesto de determinación o frustración. En la esquina inferior derecha hay un logo o marca que dice ""okchicas"" junto a unos labios estilizados en rosa.",DS_IMG_3002.jpg,hate speech,neither
*Pongo mi alarma a las 7am* Yo a las 11am:,"La imagen es un meme que consiste en un texto en la parte superior y una ilustración en la parte inferior. El texto dice: ""*Pongo mi alarma a las 7am* Yo a las 11am:"". En la parte inferior, se muestra un paisaje tranquilo con césped verde y árboles. En primer plano, hay un personaje redondo y rosa, con mejillas sonrojadas y una expresión serena, acostado sobre el suelo. Este personaje tiene una apariencia dulce y relajada, sugiriendo que está durmiendo o descansando tranquilamente. La imagen transmite un sentido de calma y despreocupación, reforzando el mensaje del texto sobre ignorar la alarma.",DS_IMG_1655.jpg,hate speech,neither
A ver si encuentras a alguien que te quiera con todo y tus pendejadas.,"La imagen muestra a una mujer con un cabello largo y ondulado. Tiene una expresión seria y desafiante en su rostro. Lleva maquillaje, incluyendo labial oscuro, lo que acentúa su mirada. La mujer parece estar en una conversación intensa, mirando directamente a otra persona que no está visible en la imagen. 

En la parte derecha de la imagen, se encuentra el texto en letras blancas que dice: ""A ver si encuentras a alguien que te quiera con todo y tus pendejadas."" El fondo de la imagen es neutro, lo que permite que tanto la mujer como el texto se destaquen claramente. La disposición del texto sugiere que es un mensaje fuerte o decisivo.",DS_IMG_637.jpg,neither,neither
EQUIPAMIENTO AGRÍCOLA AHORA ANTES,"La imagen es un meme que se divide en dos secciones. En la parte superior, se observa una foto de un tractor trabajando en un campo, acompañada del texto ""AHORA"". En la parte inferior, hay un retrato de un hombre sonriendo ampliamente, acompañado del texto ""ANTERIOR"". Ambos paneles están conectados por una comparación, donde la parte superior representa el equipamiento agrícola moderno y la parte inferior muestra un contraste humorístico con un personaje que parece estar en una situación menos eficiente o más antigua. Las expresiones faciales en los dos paneles reflejan una diferencia significativa en el contexto presentado.",DS_IMG_910.jpg,neither,neither
"Mujeres el Domingo Amor, dame dinero que te quiero regalar una carne asada por tu día para que te pongas a hacerla.","La imagen es un meme que presenta a una pareja en un entorno doméstico. En el primer plano, se observa a un hombre sentado en una mesa, con una expresión de descontento y frustración, mientras sostiene un billete en una mano. En frente de él hay algunas monedas y un documento, posiblemente un recibo o una hoja de papel. A su lado, una mujer sostiene a un niño pequeño en su cadera. Ella tiene una expresión sonriente y parece estar pidiendo dinero al hombre. El texto en la parte superior del meme dice ""Mujeres el Domingo"" y en la parte inferior incluye una conversación entre la pareja sobre pedir dinero para una carne asada. La estética general de la imagen es moderna y realista.",DS_IMG_301.jpg,hate speech,neither
"No estás aquí para ver si puedes. Puedes, por eso estás aquí.","La imagen muestra una escena de un tablero de ajedrez. De frente a la cámara se observa una torre dorada, destacándose en el centro de la imagen. En el fondo, hay varias piezas de ajedrez de color plateado desenfocadas, lo que crea un efecto de profundidad. En la parte superior de la imagen, hay un texto en un tipo de letra claro que dice: ""No estás aquí para ver si puedes. Puedes, por eso estás aquí."" El fondo tiene un tono difuso, con un ligero contraste que resalta la pieza dorada.",DS_IMG_746.jpg,inappropriate content,neither
"Vamos chicos, no deben de pelear solamente por un simple meme. El marica se burló por un meme donde el autor agradeció a sus pocos seguidores. No te metas con los seguidores de los demás, pinche bait de mierda. Uno no tiene la culpa de que seas una persona sin amigos, culero.","La imagen es un meme en formato de cómic dividido en cuatro paneles. En el primer panel, hay dos personajes con expresión de enojo, uno de ellos con una apariencia de anciano y el otro más joven, mientras el anciano dice: ""VAMOS CHICOS, NO DEBEN DE PELEAR SOLAMENTE POR UN SIMPLE MEME."" En el segundo panel, aparece un personaje que se queja, afirmando que alguien se burló de un meme. Este panel incluye un personaje en el fondo, que parece estar enfadado. En el tercer panel, sin embargo, hay una superposición de un personaje de estilo anime que emite una energía, y un personaje con una expresión de enojo que dice: ""NO TE METAS CON LOS SEGUIDORES DE LOS DEMÁS, PINCHE BAIT DE MIERDA."" El cuarto y último panel muestra al anciano y al niño con expresión agresiva, donde el anciano aclara: ""UNO NO TIENE LA CULPA DE QUE SEAS UNA PERSONA SIN AMIGOS, CULERO."" El estilo es caricaturesco y utiliza un lenguaje coloquial con un enfoque humorístico en la interacción entre los personajes.",DS_IMG_3044.jpg,inappropriate content,hate speech
- Mi amor ¿Cuándo se estrena eso? - Cuando tú quieras ...,"La imagen es un meme que muestra un diálogo entre dos personas. En la parte superior se encuentran las líneas de texto que dicen: ""- Mi amor ¿Cuándo se estrena Eso? - Cuando tú quieras..."". En la parte inferior, hay una imagen de un hombre calvo y musculoso, con una expresión ligeramente sugestiva. El fondo de la imagen es un paisaje desértico con montañas y un cielo claro. El estilo general del meme es simple, con un contraste entre el texto blanco y el fondo oscuro.",DS_IMG_1341.jpg,hate speech,neither
¿Y mi brazo?,"La imagen se compone de dos partes. A la izquierda, hay una fotografía de un hombre que sostiene una placa de identificación de recluso, vestido con una camiseta gris y con el pelo peinado hacia atrás. La imagen muestra un fondo de una pared con marcas de altura para medir. A la derecha, se observa un panel de un meme con un personaje animado, que lleva un sombrero de vaquero, reclinado en una cama de hospital con el brazo vendado. El personaje tiene una expresión facial de frustración mientras dice ""¿Y mi brazo?"", en letras grandes y destacadas.",DS_IMG_2702.jpg,neither,neither
"ODIO LA COCINA, LA DETESTO","La imagen es un meme que presenta a una mujer de cabello largo y negro, vestida con una blusa rosa brillante. Ella sostiene un micrófono y tiene una expresión enérgica mientras habla. Lleva gafas de sol grandes y llama la atención con su atuendo. Detrás de ella hay un fondo brillante con tonos dorados y elementos decorativos que sugieren un ambiente festivo. A la izquierda, se puede ver a un hombre de pie, con una camiseta a rayas en blanco y azul, que parece estar observando la situación. En la parte inferior de la imagen hay un texto en mayúsculas que dice: ""ODIO LA COCINA, LA DETESTO"". El formato general sugiere que se trata de una escena de un programa de televisión o un espectáculo.",DS_IMG_2859.jpg,hate speech,neither
Cuando te ignora y le vuelves a escribir. Dónde está tu honor.,"La imagen es un meme que presenta un fondo que muestra cajas y objetos desorganizados, con un primer plano de una figura de un soldado de juguete en posición de saludo. El texto en la parte inferior dice: ""¿Dónde está tu honor?"" en letras grandes y visibles. En la parte superior, se puede leer: ""Cuando te ignora y le vuelves a escribir"". La combinación de la imagen y el texto sugiere una interpretación cómica sobre la falta de respeto en la comunicación.",DS_IMG_1620.jpg,inappropriate content,neither
Saquen el thiner putos.,"La imagen es un meme que muestra a un hombre con cabello desordenado y una gorra hacia atrás. Su expresión facial es intensa, con la boca abierta como si estuviera gritando o riendo de manera exagerada. El fondo incluye una calle y un vehículo estacionado. En la parte superior de la imagen, hay un texto grande que dice ""SAQUÉN EL THINER"" y en la parte inferior, la palabra ""PUTOOOOS"" se presenta en letras grandes y mayúsculas.",DS_IMG_1769.jpg,inappropriate content,neither
"CUANDO TU NOVIA TE INVITA A QUE LE MIRES SU PARTE ESPECIAL  
LO QUE VES  
ESTOY ASQUEADO, PERO INTRIGADO","La imagen es un meme compuesto por tres paneles. En el primer panel, se observa una escena de un anime donde un niño que lleva una gorra parece estar mirando con atención a una joven que le dice ""Mira, Shinpei-kun"", mientras ella está semi-abierta y se muestra una parte de su cuerpo. En la parte superior está el texto ""CUANDO TU NOVIA TE INVITA A QUE LE MIRES SU PARTE ESPECIAL"". El segundo panel presenta una imagen de césped, etiquetada como ""LO QUE VES"". En el tercer panel aparece un personaje animado de cabello rubio y gafas de sol, que dice: ""ESTOY ASQUEROSO, PERO INTRIGADO"". El meme utiliza un estilo humorístico y visual que juega con la expectativa y la sorpresa en la percepción de la situación presentada.",DS_IMG_1251.jpg,hate speech,hate speech
TENEMOS QUE HABLAR,"La imagen es un meme que presenta un estilo retro, inspirado en los gráficos de los videojuegos clásicos de 8 bits. En el centro, se puede ver a un personaje masculino con un sombrero rojo y un overol azul, que representa a un fontanero, junto a un personaje femenino con un vestido blanco y una corona que simboliza a una princesa. Ambos personajes tienen expresiones faciales que indican una conversación seria. En la parte superior de la imagen, hay un texto en mayúsculas que dice ""TENEMOS QUE HABLAR"". El fondo es negro y los personajes están dibujados con un diseño pixelado característico de los videojuegos antiguos.",DS_IMG_2102.jpg,inappropriate content,neither
"¿Sabes chiflar? —Solo con los dedos en los labios. —A ver, chifla…","La imagen es un meme que presenta un diálogo entre dos personajes. En la parte superior, se ve el texto que dice: ""¿Sabes chiflar?"", seguido por una respuesta: ""Solo con los dedos en los labios."" La tercera línea dice: ""A ver, chifla..."" 

En la parte inferior, se encuentran los personajes de una película animada. Uno de ellos, con un traje espacial y un gesto sorprendido, parece ser un personaje masculino, mientras que una mujer con cabello rojo y una expresión sonriente está justo al lado de él. El fondo muestra un ambiente colorido y juguetón, típico de escenas de películas familiares.",DS_IMG_852.jpg,inappropriate content,neither
Mi cara cuando cuando el ferretero se está atacando de la risa porque me mandaron por una llave nuda.,"La imagen es un meme que presenta a una persona con un rostro impasible, usando gafas redondas y con el cabello oscuro y desordenado. La persona viste una camiseta de color rojo. En la parte superior de la imagen, se encuentra el texto en letras grandes y negritas que dice ""Mi cara cuando"". En la parte inferior, el texto es más pequeño y dice: ""cuando el ferretero se está atacando de la risa porque me mandaron por una llave nuda"". El fondo es de un color claro, lo que permite que el texto y la imagen resalten. En la esquina superior derecha, hay un logotipo que parece pertenecer a un negocio de ferretería.",DS_IMG_1374.jpg,hate speech,neither
"""¿Y para qué quieres un novio?"" Yo: 'Mi novio y yo fingimos una propuesta de matrimonio falsa para que nos dieran postre gratis'","La imagen es un meme que está dividido en tres paneles. En el primer panel, una mujer sentada en una mesa de restaurante sujeta la mano de un hombre, mostrando una expresión de sorpresa. El segundo panel captura un momento donde el hombre, de rodillas, parece estar haciendo una propuesta de matrimonio, mientras que la mujer muestra una combinación de sorpresa y alegría. En el tercer panel, la mujer está riéndose y se cubre la boca con la mano, con un postre en la mesa que tiene la palabra ""Congratulations"" escrita. Arriba de los paneles hay un texto que pregunta: ""¿Y para qué quieres un novio?"" y en la parte inferior se encuentra otra línea que dice: ""Mi novio y yo fingimos una propuesta de matrimonio falsa para que nos dieran postre gratis"".",DS_IMG_1333.jpg,neither,hate speech
"Banda, me encontré un meme feminista. A los hombres también nos matan.","La imagen es un meme dividido en varias viñetas. En la parte superior, se muestran cuatro paneles que representan las diferentes etapas en la expresión facial de un personaje. El primer panel muestra al personaje con una expresión neutral. En el segundo panel, el personaje tiene una expresión de sorpresa, con objetos que parecen ser pensamientos saliendo de su cabeza. En el tercer panel, el personaje muestra una expresión confundida con lo que parece ser una mezcla de comida y otros elementos en su cabeza. En el cuarto panel, el personaje luce preocupado. 

En la parte inferior, hay una viñeta adicional donde el personaje, que ahora tiene un aspecto calvo, dice: ""A los hombres también nos matan"". El fondo es de un color amarillo claro y el estilo de dibujo es simple, con líneas limpias y colores planos. En la parte superior de la imagen, se encuentra el texto en letras grandes que dice: ""Banda me encontré un meme feminista"".",DS_IMG_709.jpg,neither,neither
"Ayer un machito me dijo que amaba mi cabello, así que hoy me lo corté.","La imagen es un meme dividido en dos paneles. En el panel izquierdo, se muestra a una mujer con cabello largo y suelto, sonriendo suavemente. En el panel derecho, la misma mujer tiene el cabello corto y liso, también sonriendo. En la parte superior de la imagen hay un texto que dice: ""Ayer un machito me dijo que amaba mi cabello, así que hoy me lo corté."" En la parte inferior, hay un comentario que dice: ""Amo tu cuello."" La imagen tiene un fondo claro, y el texto está en un tipo de letra grande y legible. En la esquina inferior izquierda, hay un logo de TikTok.",DS_IMG_1027.jpg,hate speech,neither
¿Qué precio tiene la Rosca Grande? - $ 280 - Y la Rosca Chica? - $ 150 Dame un bolillo,"La imagen es un meme que incluye un diálogo en la parte superior y una fotografía en la parte inferior. En la parte superior, se pregunta sobre el precio de la ""Rosca Grande"" y ""Rosca Chica"", mostrando dos precios: $280 y $150, respectivamente. En la parte inferior, se presenta una fotografía de una persona con una expresión facial seria y un leve gesto de incomodidad o frustración. La frase ""Dame un bolillo"" aparece en letras grandes y negritas al final. El meme parece jugar con la relación entre los precios y la respuesta inesperada.",DS_IMG_2749.jpg,hate speech,neither
Un labello que exfolia y humecta ¡Qué hermoso tiempo para estar vivo!,"La imagen es un meme extraído de una serie animada. Muestra a un personaje anciano con una expresión sorpresa y entusiasta. Tiene una barba blanca y viste una camisa con un suéter. Está de pie en un entorno de tienda, rodeado de productos en estanterías. El texto en la parte inferior dice: ""UN LABELLO QUE EXFOLIA Y HUMECTA ¡QUÉ HERMOSO TIEMPO PARA ESTAR VIVO!"" en letras grandes y en negrita, sugiriendo un tono humorístico y de exageración.",DS_IMG_2822.jpg,inappropriate content,neither
Soy tímida // apaga la luz,"La imagen es un meme que consta de dos paneles. En el primer panel, se muestra a una mujer con cabello corto y oscuro, que tiene una expresión tímida, sonriendo mientras sostiene una banana que se asemeja a un plátano. En el segundo panel, su expresión cambia a una de concentración y placer mientras sostiene la banana más cerca de su rostro, como si estuviera disfrutando de una experiencia íntima. En la parte superior de la imagen hay un texto que dice ""Soy tímida // apaga la luz"".",DS_IMG_1284.jpg,inappropriate content,neither
Qué bueno que la gente rece hasta en los baños.,"La imagen es un meme que muestra un baño público. En la parte superior, hay un texto que dice: ""Que bueno que la gente rece hasta en los baños."" En la parte inferior, se pueden ver unos pies en sandalias negras y una pierna, indicando que alguien está en el cubículo. El entorno es sencillo, con paredes blancas y un piso de baldosas claras. La puerta del cubículo es visible, dejando una pequeña abertura que permite ver los pies de la persona.",DS_IMG_1012.jpg,inappropriate content,neither
lo nuestro acabó ya no quiero nada contigo. Voy a subir en las redes que la tienes chiquita. Ya bobita solo estaba bromeando.,"La imagen es un meme que consiste en tres paneles. En el primer panel, un hombre se aleja de una mujer, diciendo: ""lo nuestro acabó ya no quiero nada contigo"". La mujer, que lleva una blusa amarilla y tiene el cabello largo, parece estar sorprendida. En el segundo panel, la mujer, aún con una expresión de sorpresa, dice: ""Voy a subir en las redes que la tienes chiquita"". En el tercer panel, el hombre, que lleva una camiseta morada y tiene una expresión más relajada, responde: ""Ya bobita solo estaba bromeando"", mientras abraza a la mujer. El fondo muestra un paisaje simple con colores suaves.",DS_IMG_3161.jpg,neither,neither
COMO PONER UN PUESTO DE TACOS DE TRIPA EN EL NUEVO AEROPUERTO,"La imagen es un meme que presenta a un personaje animado, Sylvester el gato, sentado y leyendo un libro. El libro tiene un título destacado que dice ""COMO PONER UN PUESTO DE TACOS DE TRIPA EN EL NUEVO AEROPUERTO"" con letras grandes y en color blanco. El personaje lleva puesto un sombrero o gorra con la palabra ""morena"" visible. En la parte inferior del libro hay tres íconos de tacos, que refuerzan el tema del contenido. El fondo presenta un ambiente sencillo, con el personaje en primer plano.",DS_IMG_2720.jpg,hate speech,neither
"Racismo es ver una nube negra y correr a meter la ropa. Racismo es ver cómo Android sí tiene la opción de reaccionar con el ""avión"" ✈️ y Apple no.","La imagen está dividida en dos paneles. En ambos, una persona sostiene un cartel en el que se puede leer un texto que comienza con ""Racismo es"". En el panel izquierdo, el texto dice: ""ver una nube negra y correr a meter la ropa."" En el panel derecho, el texto dice: ""ver cómo Android sí tiene la opción de reaccionar con el 'avión' ✈️ y Apple no."" La persona tiene una expresión seria y está vestida con una camiseta de color claro, con el cabello suelto y usa gafas. El fondo es de color claro.",DS_IMG_78.jpg,hate speech,hate speech
"Todavía no es navidad, pero cuando quieras podemos pasar una noche buena! Oíste cosita rica.","La imagen es un meme que presenta un texto en la parte superior que dice: ""Todavía no es navidad, pero Cuando quieras podemos Pasar una noche buena!"". Debajo de este texto, hay dos paneles que muestran un personaje animado, con un diseño que parece un pequeño animal de pelaje marrón. En el primer panel, el personaje tiene una expresión seria y aparentemente está señalando con una mano, mientras que en el segundo panel mantiene la misma pose, pero su expresión parece más alegre. En la parte inferior de la imagen, hay un texto adicional que dice: ""Oíste cosita rica"". El estilo del meme mezcla humor y referencias a situaciones sociales o coqueteo.",DS_IMG_874.jpg,hate speech,neither
Soy un vato sencillo.,"La imagen es un meme que presenta un personaje con rasgos caricaturescos. El personaje lleva un sombrero de copa y tiene un bigote distintivo. Su expresión es de confianza y arrogancia, con ojos entrecerrados y una ligera sonrisa. En la parte superior de la imagen está el texto ""SOY UN"" y en la parte inferior se encuentra el texto ""VATOSENCILLO"", ambos en letras mayúsculas y con un formato que destaca. El fondo es de color blanco, lo que resalta el contraste del personaje y el texto.",DS_IMG_1430.jpg,inappropriate content,neither
Yo quejándome por el dolor de garganta. // El motivo.,"La imagen es un meme que consiste en dos paneles verticales. En el panel izquierdo, aparece un personaje femenino con cabello rubio y un vestido azul, cuyo gesto indica que se está quejando. Está tocándose la garganta con una expresión que mezcla desagrado y resignación. En el panel derecho, el mismo personaje muestra una expresión de sorpresa o preocupación, con los ojos muy abiertos y la boca ligeramente entreabierta, como si hubiera descubierto algo impactante. En la parte superior de la imagen, hay un texto que dice ""Yo quejándome por el dolor de garganta"" y, en la parte inferior, otro texto que dice ""El motivo"". El texto se presenta en un formato sencillo y claro sobre un fondo blanco.",DS_IMG_1495.jpg,hate speech,neither
Siento que sufres de la falta de una vitamina llamada: yo.,"La imagen es un meme que presenta a un minion, un personaje amarillento con grandes ojos y un overol azul. El minion sostiene un peluche marrón en una mano y tiene una expresión amigable. El fondo es de un color suave, y en la parte superior hay un texto en color negro que dice: ""Siento que sufres de la falta de una vitamina llamada:"". La palabra ""yo"" está resaltada en rojo, formando un juego de palabras visual con el resto del texto. El estilo general es humorístico y amigable, típico de los memes en redes sociales.",DS_IMG_1917.jpg,hate speech,neither
Cuando en un anime alguien usa una playera bien chingona,"La imagen es un meme que presenta a dos personajes de un anime. El personaje a la izquierda es un joven con cabello oscuro y un estilo casual, usando una camiseta negra que tiene la palabra ""MÉXICO"" y un diseño en forma de tiburón. Su expresión es de ligera sorpresa o admiración. A la derecha, hay una joven con cabello rizado y castaño, vestida con una camiseta de color verde claro. Ella observa al personaje de la izquierda, mostrando una expresión neutral. La parte superior de la imagen contiene texto que dice: ""Cuando en un anime alguien usa una playera bien chingona"", enfatizando la diversión de la situación. El fondo está lleno de vegetación, lo que sugiere un entorno urbano o natural.",DS_IMG_1764.jpg,hate speech,neither
"Doctor: Reposo de 3 días  
Yo: ¿Entonces no podré ir a trabajar?  
Doctor: Lamentablemente no  
Yo:","La imagen es un meme que presenta un diálogo entre un doctor y un paciente. En la parte superior, se puede ver el texto en mayúsculas que dice ""Doctor: Reposo de 3 días"". A continuación, hay una pregunta del paciente: ""Yo: ¿Entonces no podré ir a trabajar?"". La respuesta del doctor es ""Doctor: Lamentablemente no"". En la parte inferior de la imagen, se halla la palabra ""Yo:"" seguida de una imagen de una mujer con una expresión facial de decepción y tristeza. La mujer tiene el cabello rubio y está vestida con una blusa negra. El fondo es azul claro.",DS_IMG_2355.jpg,inappropriate content,neither
"Falsedad, odio, rabia y rencor. Son mis regalos de Navidad.","La imagen es un meme que muestra a un hombre con un vestuario medieval, portando una capa y sosteniendo un objeto en su mano. Su expresión facial parece seria y decidida. En la parte superior de la imagen hay un texto grande en letras mayúsculas que dice ""FALSEDAD, ODIO, RABIA Y RENCOR."" En la parte inferior, también en letras mayúsculas, se lee ""SON MIS REGALOS DE NAVIDAD."" El contraste entre la imagen y el texto crea un efecto humorístico o irónico.",DS_IMG_2992.jpg,hate speech,neither
Cuando veo los nuevos jerseys pero recuerdo lo que tengo en la cartera.,"La imagen es un meme que se compone de dos partes. En la parte superior, hay un collage de varias fotos de futbolistas famosos, incluyendo a Benzema, Messi, y Cristiano Ronaldo, cada uno vistiendo diferentes camisetas de sus respectivos equipos. El texto superpuesto dice: ""CUANDO VEO LOS NUEVOS JERSEYS"". En la parte inferior, se muestra a un hombre con expresión triste, junto a una imagen de otra mano sacando un monedero vacío. El texto que acompaña esta sección dice: ""PERO RECUERDO LO QUE TENGO EN LA CARTERA"". El formato general del meme es humorístico, utilizando una yuxtaposición de emociones para transmitir una sensación de deseo y realidad económica.",DS_IMG_2962.jpg,hate speech,neither
HOMBRE SOLTERO BUSCA MUJER CASADA O DIVORCIADA. RECIÉN ENGAÑADA Y FURIOSA; PARA QUE ME VENDA SUS HERRAMIENTAS DEL ESPOSO A BAJO PRECIO.,"La imagen es un meme que muestra a un hombre vestido con un traje oscuro, mirando hacia la cámara con una expresión seria. El fondo es un color oscuro que resalta la figura del hombre. En la parte superior de la imagen hay texto en letras grandes que dice ""HOMBRE SOLTERO BUSCA MUJER CASADA O DIVORCIADA"". En la parte inferior, hay más texto que dice ""RECIEN ENGAÑADA Y FURIOSA; PARA QUE ME VENDA SUS HERRAMIENTAS DEL ESPOSO A BAJO PRECIO"". El formato del texto es en mayúsculas, con un estilo que destaca y es claramente legible, lo que es característico de los memes, buscando un efecto humorístico.",DS_IMG_753.jpg,inappropriate content,hate speech
"¿Amor tienes ganas de helado? De lado, de frente, como quieras... EXCLAMÓ LA TÍMIDA PRINCESA.","La imagen es un meme que consta de dos paneles. En el panel superior, se ve a un príncipe con una expresión sonriente, vestido con una camisa blanca y un chaleco azul con rojo. Él pregunta ""¿Amor tienes ganas de helado?"". En el panel inferior, aparece Blancanieves, con una expresión alegre y las manos juntas, respondiendo ""De lado, de frente, como quieras..."". En la parte inferior de la imagen, en letras grandes y en negrita, se encuentra el texto que dice ""EXCLAMÓ LA TÍMIDA PRINCESA"". El fondo presenta un paisaje de bosque con flores.",DS_IMG_1366.jpg,hate speech,neither
"¿Tienes algún apodo? —Me dicen ""el calcetín"". —¿Por qué? —Porque nunca encuentro pareja.","La imagen es un meme que consiste en dos paneles. En el panel izquierdo, se muestra un gato de color naranja sentado frente a un micrófono. Tiene una expresión seria y parece estar en una entrevista. En el panel derecho, el mismo gato aparece con una expresión de sorpresa, también frente a un micrófono. El texto del meme presenta un diálogo humorístico: un interrogador pregunta sobre un apodo, y el gato responde que le dicen ""el calcetín"", seguido de la razón, que es que ""nunca encuentra pareja"". El formato del meme es típico de los memes de situación, combinando el texto con las reacciones del gato.",DS_IMG_652.jpg,hate speech,neither
Odio a mi profesor por nos fregó Semana Santa.,"La imagen es un meme que presenta a un personaje con una expresión de llanto extremo, mostrando lágrimas y una cara muy emotiva. El fondo es oscuro y se pueden ver algunas figuras difusas que parecen ser parte de un público. En la parte superior del meme hay un texto en letras grandes y en negrita que dice ""ODIO A MI PROFESOR POR"", y en la parte inferior, también en letras grandes, se lee ""NOS FREGÓ SEMANA SANTA"". El estilo visual es típico de memes, con un formato que destaca el texto sobre la imagen.",DS_IMG_2955.jpg,hate speech,hate speech
Llegas a esa etapa de tu vida donde las películas te ven a ti.,"La imagen presenta un meme con un texto superpuesto en la parte superior que dice: ""Llegas a esa etapa de tu vida donde las películas te ven a ti."" En la imagen se observa a un hombre sentado en un sofá. Luce relajado y está inclinado hacia atrás con una expresión de cansancio o sueño, con los ojos cerrados y la boca ligeramente abierta. Lleva una camisa de color claro con una chaqueta verde. En su regazo descansa un control remoto, lo que sugiere que estaba viendo televisión antes de quedarse dormido. El entorno es un ambiente doméstico con poca iluminación.",DS_IMG_635.jpg,inappropriate content,neither
"Cuando empiezas jugando a las Nerf en tu patio pero terminas peleando en Irán para la 3ra guerra mundial A veces cuando planeas una cosa, te sale otra completamente diferente.","La imagen es un meme que presenta un personaje en un sofá con una expresión relajada y divertida. Este personaje lleva un casco de soldado que parece haber sido editado sobre su cabeza. En la parte superior de la imagen, hay un texto que dice: ""Cuando empiezas jugando a las Nerf en tu patio pero terminas peleando en Irán para la 3ra guerra mundial"". En la parte inferior, hay otro texto que dice: ""A veces cuando planeas una cosa, te sale otra completamente diferente"". El fondo incluye elementos de un salón, como almohadas y una mesa.",DS_IMG_1227.jpg,inappropriate content,neither
"--¿Te depilaste!?  --No, esa es la cesárea. Dale más abajo.  --Ah, ¡perdón!","La imagen es un meme que muestra un diálogo entre dos personajes de un programa animado. El personaje a la izquierda es un niño con una camiseta naranja, que parece estar inclinándose hacia la derecha y tiene una expresión de sorpresa. El personaje a la derecha es una niña con cabello corto y castaño, que lleva una camiseta azul y muestra una expresión de incomodidad. En la parte superior de la imagen hay un diálogo en un recuadro que dice: ""Te depilaste!?"". En la respuesta, que está justo debajo del primer texto, se encuentra: ""No, esa es la cesaria, dale más abajo"". En la parte final, el personaje femenino responde: ""Ah, perdón!"". En el fondo se puede ver un entorno escolar, con una mesa y una hoja de papel en la parte inferior de la imagen. La fuente y el estilo del meme son típicos de las redes sociales, con un toque humorístico.",DS_IMG_1303.jpg,hate speech,hate speech
Cuando dos amigos míos son novios y ambos se pelean.,"La imagen muestra a una niña pequeña con cabello largo y lacio, sosteniendo dos teléfonos de manera simultánea, uno en cada oreja. Su expresión facial es seria y un poco preocupada, como si estuviera lidiando con una situación complicada. El fondo es de color oscuro y parece ser un sofá. En la parte superior de la imagen, hay un texto en español que dice: ""Cuando dos amigos míos son novios y ambos se pelean."" El estilo de la imagen es característico de un meme, utilizando un formato humorístico para expresar una situación común.",DS_IMG_2127.jpg,hate speech,neither
basta de referencias :''v xdxd,"La imagen es un meme que presenta una combinación de varios elementos visuales y texto. En la parte superior, hay una serie de íconos que incluyen una mujer, un par de manos formando un corazón, el logo de los ""Avengers"" (Vengadores) y el logo que dice ""TODOS"", seguido de un ícono de mano en señal de desaprobación. Estos elementos están organizados de manera que sugieren una relación o comparación. 

En la parte inferior, se muestra una imagen de un personaje masculino, que parece estar angustiado y tiene lágrimas azules en su rostro. El personaje está vestido con un traje que podría estar asociado con temas de superhéroes. Superpuesto a esta imagen hay un símbolo circular que dice ""CLAN"" y presenta un ave en el centro. Abajo de la imagen hay un texto que dice ""basta de referencias :‘v xddxd"", sugiriendo una mezcla de humor y cansancio ante la cantidad de referencias presentadas. 

El estilo general del meme refleja un uso humorístico de personajes y símbolos culturales populares.",DS_IMG_1903.jpg,hate speech,neither
JLO A SUS 52 / Yo en mis 30’s,"La imagen es un meme que presenta dos paneles. El panel de la izquierda muestra a una mujer con un bikini rojo y un kimono colorido, posando con una expresión confiada en un entorno al aire libre, frente al mar. El fondo es de agua azul y cielo despejado. En el panel de la derecha, se ve a una mujer sentada en la playa, vistiendo un traje blanco con joyería y una peina elaborada. Ella tiene una expresión seria y se encuentra sobre una alfombra de colores. Entre los paneles hay texto que dice ""JLO A SUS 52 / Yo en mis 30’s"".",DS_IMG_395.jpg,hate speech,neither
"¿Alguien quiere pensar en los niños, por favor?","La imagen es un meme extraído de una serie animada. En el primer plano, se observa a un personaje femenino con un rostro preocupado, con las manos juntas en un gesto de súplica. Detrás de ella, hay tres personajes: uno de ellos tiene una expresión seria y está mirando hacia el lado, mientras que otros dos parecen estar prestando atención a la escena. El fondo muestra un entorno interior, posiblemente una sala de reuniones. En la parte superior e inferior de la imagen, hay texto en letras grandes que dice: ""¿ALGUIEN QUIERE PENSAR EN LOS NIÑOS, POR FAVOR?"".",DS_IMG_480.jpg,hate speech,neither
JULIO NO SE QUIERE IR,"La imagen es un meme que muestra una escena en la que varias personas, aparentemente oficiales de seguridad o policías, están tratando de sacar a un hombre de un vehículo. El hombre parece estar en una posición de resistencia, con una expresión facial de angustia o desesperación. Hay un letrero en la parte superior que dice ""JULIO NO SE QUIERE IR"" en letras grandes y en mayúsculas. El fondo muestra una calle y otros transeúntes observando la situación.",DS_IMG_259.jpg,hate speech,neither
¡CUIDADO! EL AMOR ESTÁ EN EL AIRE,"La imagen es un meme que presenta a un personaje conocido de una serie de televisión. El personaje sostiene un envase aerosol mientras que su rostro está parcialmente cubierto por su camiseta, lo que da una impresión de sorpresa o precaución. En la parte superior de la imagen, en letras grandes y en negrita, se puede leer la palabra ""¡CUIDADO!"", y en la parte inferior, dice ""EL AMOR ESTÁ EN EL AIRE"", también en letras grandes. El fondo muestra un ambiente de cocina con colores neutros.",DS_IMG_2004.jpg,hate speech,neither
Personas que usen fotos del mono de los NFTs serán despojados de sus derechos humanos.,"La imagen es un meme que presenta dos secciones. La sección izquierda muestra el interior de un salón de la Asamblea de la ONU, con un podio y un presentador que habla. Hay un público en los asientos, algunos ocupados. La sección derecha muestra dos personajes de estilo caricaturesco, que representan monos antropomórficos. Uno de los monos lleva una gorra azul y gafas oscuras, mientras que el otro tiene un peinado de color rosa y viste un chaleco y una corbata. En la parte inferior de la imagen, se encuentra un texto que dice: ""Personas que usen fotos del mono de los NFTs serán despojados de sus derechos humanos"".",DS_IMG_2826.jpg,neither,neither
CÓMO LES VA A GUSTAR EL VIDEO DE BAD BUNNY ES UN VARÓN CON POLLERA MISÓGINO QUE REFORZEA ESTEREOTIPOSS 🎶 Antes tú me picheabas Ahora yo picheo 🎶,"La imagen es un meme que presenta dos personajes ilustrados de forma caricaturesca. A la izquierda, hay un personaje con cabello corto y rosa, grandes gafas, y una expresión emocional que refleja tristeza o desánimo. Este personaje sostiene un teléfono móvil de color verde claro. A la derecha, se encuentra otro personaje con cabello rubio recogido en una coleta, usando gafas de sol, con una expresión seria y un gesto de desdén. 

En la parte inferior izquierda de la imagen, aparece un texto que dice: ""CÓMO LES VA A GUSTAR EL VIDEO DE BAD BUNNY ES UN VARÓN CON POLLERA MISÓGINO QUE REFORZEA ESTEREOTIPOSS"". En la parte inferior derecha, se puede ver un texto en forma de letra de canción que dice: ""♪ Antes tú me picheabas Ahora yo picheo ♪"".

El estilo del meme recuerda a las típicas representaciones de reacciones en redes sociales, con un enfoque en la expresión de emociones y opiniones sobre temas culturales actuales.",DS_IMG_550.jpg,hate speech,hate speech
"Cuando escucho que alguien dice: -""Subir para arriba"". -""Bajar para abajo"". Eres la razón por la que el shampoo lleva instrucciones.","La imagen es un meme que presenta un texto en la parte superior que dice ""Cuando escucho que alguien dice:"" seguido de las frases ""- 'Subir para arriba'."" y ""- 'Bajar para abajo'."" en un tipo de letra grande y en color rojo. En la parte inferior de la imagen, hay un mensaje que dice ""Eres la razón por la que el shampoo lleva instrucciones"" en un tipo de letra grande y en color blanco. La imagen de fondo muestra a un personaje de una película, vestido con un sombrero de copa negro y con cabello castaño. El fondo tiene un ambiente colorido y fantasioso, lleno de elementos naturales como árboles y flores. El personaje tiene una expresión facial que sugiere incredulidad o desdén.",DS_IMG_1761.jpg,hate speech,neither
Mis estados de ánimo durante el trabajo.,"La imagen es un meme que muestra cuatro paneles de hamsters con diferentes expresiones y acciones. En la parte superior izquierda, un hamster sonriente tiene las patas levantadas, sugiriendo emoción o felicidad. En la parte superior derecha, otro hamster parece asustado o sorprendido, con los ojos muy abiertos y las patas también levantadas en un gesto que podría interpretarse como de protesta. En la parte inferior izquierda, un hamster está gritando con la boca abierta mientras sostiene algo verde, mostrando una expresión de frustración o sorpresa, en un entorno que simula una barra. Finalmente, en la parte inferior derecha, un hamster tiene una expresión más tranquila y amistosa, levantando una de sus patas en un gesto de saludo. La imagen incluye un texto en la parte superior que dice ""Mis estados de ánimo durante el trabajo"".",DS_IMG_1653.jpg,neither,neither
"Por favor no me prostituyas. Tienes razón, sale mucho mejor venderte por kilo.","La imagen es un meme que consta de dos paneles. En la parte superior, se muestra a una mujer con cabello largo y rojizo con una expresión de preocupación. El texto sobre ella dice: ""Por favor no me prostituyas"". En la parte inferior, hay un personaje de un cómic, con un diseño oscuro y detalles en verde, que responde con el texto: ""Tienes razón, sale mucho mejor venderte por kilo"". La imagen utiliza un estilo de texto en bloques para destacar el mensaje.",DS_IMG_1242.jpg,hate speech,neither
Cuando intentas sacar las migas que quedaron del paquete de Doritos y lo inclinas demasiado alto.,"La imagen presenta un meme que muestra una fotografía de una persona con un rostro que brilla, cubierto de un polvo naranja. Este polvo parece similar al sazonador de los Doritos. El fondo es desenfocado, lo que resalta la expresión de la persona, que parece estar en un estado de sorpresa o confusión. En la parte superior de la imagen hay un texto en negrita que dice: ""Cuando intentas sacar las migas que quedaron del paquete de Doritos y lo inclinas demasiado alto"". El estilo general del meme es humorístico, jugando con la idea de la experiencia al consumir este tipo de snacks.",DS_IMG_2232.jpg,hate speech,neither
Yo cada que veo un gatito:,"La imagen es un meme que presenta un fondo en un entorno exterior, posiblemente un camino o un área de tierra. En primer plano hay un gato negro y blanco sentado. A la izquierda del gato, hay dos personajes de estilo cartoon que tienen una apariencia similar a la rana ""Pepe"". El personaje de la izquierda es más pequeño, con una expresión de sorpresa o emoción y usa una camiseta azul. El personaje de la derecha es más grande, con una sonrisa amplia y también lleva una camiseta azul. En la parte superior de la imagen, hay un texto que dice: ""Yo cada que veo un gatito:"". La combinación de elementos busca transmitir un sentimiento de alegría o emoción al ver un gato.",DS_IMG_3238.jpg,neither,neither
"me veo fatal! Vieja, gorda, fea... necesito un cumplido. tienes una vista perfecta.","La imagen es un meme que muestra a dos personajes en un entorno interior. A la izquierda, hay una mujer de cabello rizado y amarillo que se está mirando en un espejo con una expresión de preocupación. Ella lleva un overol verde y parece insatisfecha con su apariencia, comentando que se ve ""fatal"", ""vieja"", ""gorda"" y ""fea"". A la derecha, un hombre está sentado en un sillón leyendo el periódico. Este responde a la mujer con el comentario: ""tienes una vista perfecta"". En el suelo hay una alfombrilla de color rosa con un diseño de un ícono, que parece ser un símbolo de ejercicio. El fondo es de un color claro, y la escena tiene un estilo cómico.",DS_IMG_3257.jpg,hate speech,neither
When les toca representar a latinoamérica en el mundial Lo estás haciendo bien Estoy haciendo todo!,"La imagen es un meme que presenta un formato de dos paneles. En la parte superior, un texto en inglés dice: ""When les toca representar a latinoamérica en el mundial"". Abajo, hay una ilustración que muestra un personaje animado de color verde con una bandera de Brasil, acompañado por un personaje rectangular que lleva una bandera argentina. En el panel inferior, hay una mujer con cabello blanco y una bandera mexicana en la cabeza, levantando un brazo y con una expresión entusiasta. El texto en este panel dice: ""Lo estas haciendo bien"" y ""Estoy haciendo todo!"", lo que añade un sentido de humor a la imagen.",DS_IMG_1865.jpg,hate speech,neither
Yo con la mitad de gente que está desfilando. [enfadada] ¿Quién es esta gente? ¡Quiénes son!,"La imagen es un meme que muestra a una mujer en un entorno interior. Ella tiene el cabello rubio y lleva gafas, sosteniendo una copa de bebida. Su expresión facial es enfadada y parece estar dirigiendo una pregunta a alguien fuera de la vista, con un gesto de mano que indica frustración. El texto en la parte superior del meme dice: ""Yo con la mitad de gente que está desfilando."" y en la parte inferior, el diálogo de la mujer dice: ""[enfadada] ¿Quién es esta gente? ¡¿Quiénes son?!"". El fondo es de un color claro y hay otros objetos poco definidos en el área. En la parte inferior se incluye la fecha y la fuente de la publicación, mencionando ""Twitter for Android"".",DS_IMG_2438.jpg,inappropriate content,neither
Cuando se quita la ropa y ves que no la tiene tan grande como decía.,"La imagen es un meme que contiene un texto en la parte superior que dice: ""Cuando se quita la ropa y ves que no la tiene tan grande como decía"". Debajo del texto, se observa a una mujer con el cabello largo y castaño. La mujer tiene una expresión facial de leve desdén o sorpresa, con los ojos dirigidos hacia el lado y una leve sonrisa en sus labios. El fondo de la imagen es de un color cálido, lo que refuerza la atmósfera de la escena.",DS_IMG_1549.jpg,neither,neither
¿Por qué la mujer no puede ser electricista? Porque tarda 9 meses en dar a luz...,"La imagen es un meme dividido en dos paneles. En la parte superior, hay un gato con pelaje naranja y blanco, que se muestra sentado en una caja, con una expresión curiosa y grandes ojos. Un globo de texto a su lado pregunta: ""¿Por qué la mujer no puede ser electricista?"". En la parte inferior, hay otro gato de pelaje gris con rayas, que parece estar bostezando. Otro globo de texto dice: ""Porque tarda 9 meses en dar a luz..."". Ambos paneles incluyen un emoji de risa al final. El estilo es humorístico y se basa en un juego de palabras.",DS_IMG_3194.jpg,hate speech,neither
"-Papá, ¿eras muy fanático de Dragón Ball Z?  
- No mucho, Gohan José.","La imagen es un meme que presenta un fondo de color azul claro con un diseño de dos tonalidades. En la parte superior, hay un texto en letra blanca que dice: ""¿Papá, eras muy fanático de Dragon Ball Z?"". Debajo, aparece una cara con una expresión triste o desilusionada, representada con un estilo de dibujo sencillo. En la parte inferior de la imagen, hay otro texto en letras grandes y negritas que responde: ""No mucho, Gohan José."" Este texto se encuentra en un cuadro con fondo negro, contrastando con el resto de la imagen.",DS_IMG_2815.jpg,neither,neither
"Ni pedo, la vida sigue.","La imagen es un meme que muestra a una persona vestida con ropa tradicional, de pie en un entorno al aire libre. La persona lleva una blusa colorida y una falda larga. Detrás de ella hay una estructura de madera que parece ser una casa o una plataforma elevada, con algunas plantas visibles. El texto en la parte inferior de la imagen dice ""NI PEDOTL"" en la línea superior y ""LA VIDA SIGUETL"" en la línea inferior, ambos en letras grandes y en un formato que destaca. La expresión facial de la persona no es claramente visible debido a la perspectiva de la imagen.",DS_IMG_785.jpg,inappropriate content,neither
"yo teniendo 6 años mamá ¿qué es esto?? me lo dio mi papá la mujer va al cuarto de su esposo hijo suelta eso ¿de dónde lo conseguiste?? amor, ¿se puede explicar por qué ¿¡le diste condones a nuestro hijo?? para que así no se sienta como un error","La imagen es un meme que se presenta en un formato de cuadrantes. En la parte superior izquierda, se observa un texto que dice ""yo teniendo 6 años"" y ""mamá ¿qué es esto??"" junto a un dibujo de un personaje con una expresión sorprendida, sosteniendo paquetes de color morado. 

En la parte inferior izquierda, hay un texto que dice ""me lo dio mi papá"" y ""la mujer va al cuarto de su esposo"", con el mismo personaje mirándolo con una expresión de confusión. 

En la parte superior derecha, el texto dice ""hijo suelta eso ¿¿de dónde lo conseguiste??"" acompañado de una imagen de un personaje con cabello rubio, que tiene una expresión de sorpresa y preocupación. 

Finalmente, en la parte inferior derecha, el personaje rubio pregunta: ""amor se puede explicar porque ¿¿le diste condones a nuestro hijo??"", seguido de la respuesta ""para que así no se sienta como un error"" de otro personaje que sonríe de forma macabra. Los estilos de dibujo y las expresiones agregan un tono humorístico y absurdo a la situación.",DS_IMG_142.jpg,neither,hate speech
"— La junta vecinal quiere presentarles a Don Chuy, quien a partir de hoy será el nuevo vigilante de la privada.","La imagen es un meme que muestra una escena en un exterior, probablemente en un evento oficial. Hay varios hombres vestidos con trajes formales, algunos de ellos con gafas de sol. En el centro, un hombre de pie, que parece estar hablando en un micrófono, mientras que otros lo observan. A su lado, hay un hombre con una camisa de color claro y pantalones oscuros, que tiene una expresión relajada. Detrás de ellos, se puede ver un edificio moderno con grandes ventanales y un grupo de personas que se están acercando o saliendo del lugar. En la parte superior de la imagen, hay texto en el que se menciona a ""Don Chuy"", quien será el nuevo vigilante de una comunidad privada.",DS_IMG_210.jpg,hate speech,neither
"– ESTOY SOLITA EN CASA, ¿QUÉ TE PARECE? – ME PARECE LÓGICO, NADIE TE AGUANTA","La imagen es un meme que consta de dos paneles. En la parte superior, el texto en negrita dice: ""ESTOY SOLITA EN CASA, ¿QUÉ TE PARECE?"" y debajo, ""ME PARECE LÓGICO, NADIE TE AGUANTA"". En el panel inferior izquierdo, aparece un personaje masculino con una expresión pensativa, mientras que en el panel inferior derecho, una mujer habla por teléfono, luciendo con desconfianza o inquieta. La mujer tiene el cabello rubio y está vestida con una blusa rosa. También hay un pequeño personaje en la esquina inferior izquierda, que lleva un sombrero, una chaqueta y sostiene una copa, dando un aire cómico a la escena.",DS_IMG_936.jpg,inappropriate content,neither
Sabías que . . . Ray Charles y Stevie Wonder no se podían ni ver!,"La imagen es un meme que presenta a dos hombres sentados en una mesa, ambos usando gafas de sol. El hombre a la izquierda, que se asemeja a una figura conocida en la música, tiene expresiones serenas y está manipulando algo en sus manos. El hombre a la derecha también parece estar en una actitud relajada. En la parte superior de la imagen, hay un texto que dice ""Sabías que..."" y en la parte inferior, se lee ""Ray Charles y Stevie Wonder no se podían ni ver!"" El texto es de un color amarillo brillante y destaca sobre el fondo. El estilo del meme hace referencia a un juego de palabras en relación a la ceguera de ambos músicos.",DS_IMG_967.jpg,hate speech,neither
"Qué interesante, cuéntame más.","La imagen es un meme que presenta a un personaje con cabello rizado y una expresión de interés. Lleva un traje morado y un sombrero anaranjado. Su mano está apoyada en su rostro, lo que sugiere que está escuchando con atención. En la parte superior de la imagen se encuentra el texto en letras grandes y en negrita que dice ""QUÉ INTERESANTE"", y en la parte inferior está escrito ""CUÉNTAME MÁS"", también en un estilo de texto grande y destacado. El fondo es de un color oscuro, resaltando la figura y el texto.",DS_IMG_2295.jpg,inappropriate content,neither
Uso ironías porque no puedo usar una ametralladora.,"La imagen es un meme que presenta una fotografía en blanco y negro de una mujer con cabello rizado y expresión sorprendida. Ella tiene la boca abierta como si estuviera hablando o expresando asombro. En la parte superior de la imagen, hay un texto en letras mayúsculas que dice: ""USO IRONÍAS PORQUE NO PUEDO"". En la parte inferior, el texto continúa con: ""USAR UNA AMETRALLADORA"". En la esquina inferior derecha, se encuentra el nombre de usuario ""@MAXXGUETTA"". La composición del meme enfatiza el contraste entre la expresión facial de la mujer y el contenido provocador del texto.",DS_IMG_364.jpg,hate speech,neither
Ver lo que sea con tal de estar contigo.,"La imagen es un meme que muestra a dos perros sentados juntos, bajo una manta, viendo una computadora portátil. El perro de la izquierda es de raza pequeña, con un pelaje blanco y marrón, y tiene una expresión curiosa. El perro de la derecha es más grande, de raza Samoyedo, con pelaje completamente blanco y una sonrisa. En la pantalla de la computadora se puede ver un texto que dice: ""Ver lo que sea con tal de estar contigo"". El perro pequeño está etiquetado con ""Tú"" y el perro grande con ""Yo"". La ambientación es oscura, dando un aspecto acogedor a la escena.",DS_IMG_1662.jpg,neither,neither
"Jejeje esas m-words merecen que las acosen. ¿Qué? Bro, eso no es gracioso. Es ofensivo. Buh... Buh... Me quieren censurar. Lo sabía, solo me odian por ser hombre. Que así sea, malditas feminazis.","La imagen consiste en un meme dividido en cuatro paneles. En el primer panel, un personaje con cabello largo y desaliñado ríe mientras dice “Jejeje esas m-words merecen que las acosen”. En el segundo panel, otro personaje, que parece sorprendido, responde con “¿Qué?” y mira hacia una pantalla de computadora que muestra imágenes de personas. En el tercer panel, el primer personaje dice “Buh... Buh... Me quieren censurar” mientras muestra una expresión de tristeza. En el cuarto panel, el segundo personaje dice “Lo sabía, solo me odian por ser hombre”, con una expresión de determinación y un puño levantado, cerrando con “Que así sea, malditas feminazis”. El estilo del meme es de cómic con diálogos en burbujas de texto.",DS_IMG_2957.jpg,hate speech,hate speech
"Mamá, ¿qué me vas a regalar el día del niño? — Nada, ya estás viejo.","La imagen es un meme que presenta un texto en la parte superior y una ilustración en la parte inferior. El texto consiste en un diálogo en el que un niño pregunta a su madre qué regalo le dará por el Día del Niño, y la respuesta de la madre indica que no le dará nada porque ya está viejo. En la parte inferior, se muestra una escena de un personaje de un anime, específicamente con el cabello negro y vistiendo una camiseta de color naranja y azul. El personaje tiene una expresión que sugiere sorpresa o desconsuelo, con la boca abierta y las manos sobre su pecho. El fondo es de tonos suaves, que enmarcan la escena.",DS_IMG_2713.jpg,hate speech,neither
"""Aquí es donde vengo a llorar y cantar el cielito lindo.""","La imagen es un meme que presenta a dos personajes de dibujos animados dentro de una cueva. Uno de los personajes tiene un bigote prominente y lleva una camiseta roja, mientras que el otro tiene una expresión sorprendente y viste una camiseta morada. Ambos sostienen linternas que iluminan la cueva, creando un contraste entre la oscuridad y la luz. La parte superior de la imagen incluye el nombre de usuario ""Homero Comunista"" y la cita de ""Chumel"".",DS_IMG_94.jpg,hate speech,neither
No soy clasista PERO...,"La imagen es un meme que presenta una escena de estilo cómic donde un personaje con un disfraz de superhéroe (Batman) está a punto de abofetear a otro personaje (Robin). El fondo es de color rosa sólido. En la parte superior de la imagen hay un texto en letras grandes y de color rojo que dice ""No soy clasista PERO..."". La expresión facial del personaje en el disfraz de Batman es seria, mientras que el de Robin muestra signos de sorpresa o confusión.",DS_IMG_151.jpg,hate speech,neither
Mi Jefe: Ese no es el uniforme caballero. ¿Por qué viene vestido así? Yo: así komo,"La imagen es un meme que presenta un diseño de dos partes. En la parte superior, hay un texto que dice: ""Mi Jefe: Ese no es el uniforme caballero. Porque viene vestido así?"" En la parte inferior, hay un primate con expresión seria, vestido con una camiseta verde que tiene un logo que parece pertenecer a una selección de fútbol y un keffiyeh (bufanda tradicional árabe) de color rojo y blanco en la cabeza. Frente al primate hay una mesa con algunos alimentos y una pelota de fútbol. El texto en la parte inferior de la imagen dice: ""así komo"" en letras grandes y en un estilo que recuerda a la tipografía de los memes.",DS_IMG_2677.jpg,hate speech,neither
Ya no quiero jugar contigo nunca más.,"La imagen es un meme que presenta una escena modificada de una película animada. Un personaje vestido como Woody, con un diseño de vaquero y un sombrero, aparece sosteniendo a otro personaje que representa a un niño, cuyos rasgos faciales han sido cambiados para mostrar una cara humana. El fondo es un cuarto infantil con paredes decoradas con estrellas. En la parte inferior de la imagen, se encuentra el texto en letras amarillas que dice: ""Ya no quiero jugar contigo nunca más"". En la esquina superior, hay un logo que dice ""EL DEFORMA"".",DS_IMG_2900.jpg,hate speech,neither
"A la mierda el amor, seré el tío guapo y borracho de la familia.","La imagen es un meme que presenta un perro de raza pug sentado en una silla, luciendo una camiseta con un diseño colorido. El perro está inclinado hacia un gran vaso de cóctel decorado con una rodaja de limón y una pajilla. En la parte superior de la imagen, hay un texto en color rojo que dice: ""A la mierda el amor,"" y en la parte inferior, en color negro, continúa con: ""seré el tío guapo y borracho de la familia."" El ambiente es casual, con una pared clara de fondo.",DS_IMG_3118.jpg,neither,neither
Cuando te estornuda un colombiano.,"La imagen es un meme que muestra a un hombre con una expresión seria, con parte de su rostro y ropa cubierta de un polvo blanco, como si le hubiera caído algo. El fondo muestra a varias personas y un entorno urbano. En la parte superior de la imagen hay un texto en letras grandes que dice: ""CUANDO TE ESTORNUDA UN COLOMBIANO"". El estilo refleja la típica estructura de un meme, donde se combinan elementos visuales con un texto humorístico para generar un efecto cómico.",DS_IMG_949.jpg,hate speech,neither
Mi amigo metalero cuando se casó. Como lo trae su señora ahora. 😂,"La imagen es un meme que consta de dos paneles. En el primer panel, se observa a dos personajes de una película. Uno es un hombre con una expresión sonriente y un atuendo oscuro, mientras que la mujer a su lado viste un vestido rosa y tiene una apariencia elegante, con el cabello rubio. En el segundo panel, hay otra pareja, donde la mujer también lleva un atuendo brillante, con un sombrero grande, y el hombre a su lado está vestido con un traje blanco grande que parece exagerado, mostrando una apariencia cómica. El texto en la parte superior menciona a un amigo metalero al casarse, y el texto en la parte inferior comenta sobre cómo lo trae su señora ahora, acompañado de un emoji de risa.",DS_IMG_843.jpg,hate speech,neither
Tú cuando no entiendes un albur.,"La imagen es un meme que presenta un fondo verde con una ilustración de un dinosaurio, específicamente un velociraptor, en el lado izquierdo. El dinosaurio tiene una expresión inquisitiva, con la cabeza ligeramente inclinada y una garra levantada, como si estuviera reflexionando. En la parte superior e inferior de la imagen hay texto en letras grandes y en negrita que dice ""TÚ CUANDO NO"" en la parte superior y ""ENTIENDES UN ALBUR"" en la parte inferior. El estilo del meme es característico del humor en internet, utilizando la combinación de imágenes y texto para comunicar una situación cómica.",DS_IMG_1634.jpg,neither,neither
"Soy del colectivo LGTB+ y eso no me hace débil ni inferior. Perfecto, entonces supongo que no te molestará que publique un par de memes ofensivos, ¿no? Homofóbico de mierda, basura intolerante.","La imagen es un meme dividido en cuatro paneles. En el primer panel, un personaje con una cabeza de color lila tiene un diseño de bandera del arcoíris y dice: ""Soy del colectivo LGTB+ y eso no me hace débil ni inferior"". En el segundo panel, otro personaje de apariencia más sencilla parece sorprendido y dice: ""Perfecto, entonces supongo que no te molestará que publique un par de memes ofensivos, ¿no?"". En el tercer panel, el personaje original, con la bandera del arcoíris, reacciona con enojo y expresa: ""Homofóbico de mierda, basura intolerante"". En el cuarto panel, el personaje vuelve a mostrar su expresión de enfado, reafirmando su postura. El estilo es un cómic digital claro y sencillo, con un enfoque en el diálogo entre los personajes.",DS_IMG_1508.jpg,hate speech,hate speech
ME ESTÁS RETANDO?,"La imagen es un meme que presenta dos paneles. En el panel izquierdo, hay un mapa de México con un marcador en la costa oeste, específicamente en un lugar que se identifica con una ""S"" roja. En el panel derecho, se ve a un hombre de pie que tiene una expresión desafiante, con el contorno de su cabeza reemplazado por un mapa de México en colores verde, blanco y rojo. La imagen incluye el texto en bold al pie que dice: ""ME ESTÁS RETANDO?"". Ambos paneles están dispuestos uno al lado del otro con un fondo de decoración interior en la imagen de la derecha.",DS_IMG_2995.jpg,hate speech,neither
Primero que nada feliz 15 de septiembre gente poco mimidora.,"La imagen es un meme que muestra a un gato de pie en un ambiente interior, posiblemente en una casa. El gato lleva un sombrero mexicano, específicamente un sombrero de charro. En una de sus patas sostiene una pequeña bandera de México, mientras que en la otra tiene un elote (maíz) característico de la comida mexicana. El fondo incluye una pared con paneles de madera y un suelo de colores claros. En la parte superior de la imagen, se observa un texto que dice ""Feliz 15 de Septiembre mi gente madrugadora!"", y en la parte inferior, el meme contiene la frase ""Primero que nada feliz 15 de septiembre gente poco mimidora."" El estilo del meme es humorístico y festivo, haciendo alusión a una celebración mexicana.",DS_IMG_2542.jpg,inappropriate content,neither
"vas al baño borracho y regresas como nuevo, sabemos cómo lo haces","La imagen presenta a una figura con una máscara estilo Guy Fawkes, que es comúnmente asociada a movimientos de activismo y hacktivismo. La persona lleva una sudadera oscura con capucha y su rostro está iluminado por una proyección de texto que dice partes de frases, aunque no se pueden leer claramente. El fondo de la imagen muestra patrones de luz en tonos oscuros y verdes. En la parte inferior de la imagen, hay un texto en blanco que dice: ""vas al baño borracho y regresas como nuevo, Sabemos cómo lo haces"". El estilo general sugiere un tono humorístico o irónico.",DS_IMG_602.jpg,hate speech,neither
"¿Cuál es la obra de arte más bella del mundo? - La Mona Lisa. - ¿Y por qué pusiste ""yo"" en el examen?","La imagen es un meme que se divide en dos secciones. En la parte superior, hay un texto que plantea un diálogo en el que se pregunta sobre la obra de arte más bella del mundo. Abajo, se muestra a una mujer sentada a una mesa con una hoja en la mano, aparentemente en un entorno de estudio. A su lado, hay un gato con características de una raza específica que observa la situación. La mujer tiene una expresión neutral mientras mira la hoja. El gato se encuentra en un primer plano, mientras que el fondo está desenfocado, centrando la atención en la interacción.",DS_IMG_1950.jpg,inappropriate content,neither
"Y recuerda hijo, comer carne roja en Semana Santa es pecado. ¿Y encubrir la pedofilia no? No te pases de listo con la Santa Sede, muchacho.","La imagen es un meme que presenta dos paneles extraídos de un programa animado. En el primer panel, un personaje con una gorra de lana morada parece estar en una conversación con otro personaje, quien está vestido con una camisa negra y tiene un collar clerical. El diálogo menciona que comer carne roja en Semana Santa es pecado, mientras que el personaje de la camisa negra muestra una expresión seria. En el segundo panel, el mismo personaje clérigo le responde al otro con un tono más enérgico y expresivo, cuestionando la discrepancia en la moral al mencionar la pedofilia, con un gesto que indica que debe tener cuidado. El fondo muestra un establecimiento que parece ser una tienda, con elementos de comestibles visibles. El estilo del meme utiliza tipografía en un formato grande y llamativo para enfatizar el mensaje.",DS_IMG_1136.jpg,inappropriate content,hate speech
Amo el verano. Que dijo?? Que le den por el Año.,"La imagen es un meme que consiste en dos paneles extraídos de un episodio de ""Los Simpson"". En el primer panel, Homer Simpson está sentado en un automóvil, sonriendo y levantando una mano, mientras dice ""Amo el verano"". Alrededor de él, hay dos personajes que lo observan: uno de piel oscura, vestido con una camiseta rosa y una chaqueta azul, y otro de piel clara, con cabello negro y un overol. En el segundo panel, uno de los personajes (un hombre de piel clara con forma de pato) pregunta ""¿Qué dijo??"", y el otro responde ""Que le den por el Año"". El fondo presenta un estacionamiento y un cielo despejado con algunas nubes. El estilo es típico de un meme, utilizando diálogos cómicos para transmitir humor.",DS_IMG_1550.jpg,hate speech,neither
Cuando tus padres te están dando de comer y vomitas todo. ¿Por qué ellos están ahí?,"La imagen es un meme que presenta una fotografía de un bebé sentado frente a un espejo. El bebé tiene el cabello corto y está vestido con una camiseta blanca. El entorno muestra un suelo de madera clara y una manta rosa extendida debajo del bebé. En la parte superior de la imagen, hay texto que dice: ""Cuando tus padres te están dando de comer y vomitas todo"". En la parte inferior, aparece la pregunta: ""¿Po qué elles ACHÍ?"". El estilo del meme es humorístico, utilizando la expresión del bebé en el espejo para ilustrar la situación descrita en el texto.",DS_IMG_1958.jpg,hate speech,neither
"Checo Pérez ya no eres el mismo de siempre. Necesitamos al Checo competitivo, al ministro de defensa. #CanadianGP","La imagen es un meme que presenta a un personaje de un animado con una expresión de tristeza y desesperación. El personaje tiene el cabello corto y lleva una gorra roja con detalles en azul y el número ""11"" en la parte frontal. Sus ojos están muy abiertos, mostrando lágrimas, y está levantando una mano como si estuviera pidiendo ayuda o atención. Al fondo, se pueden ver otros personajes también expresando emociones intensas. En la parte superior de la imagen hay un texto que dice ""Checo Pérez ya no eres el mismo de siempre. Necesitamos al Checo competitivo, al ministro de defensa."" y una etiqueta ""#CanadianGP"".",DS_IMG_2286.jpg,hate speech,neither
"Mi mamá encontrando un papel debajo de mi almohada con ""él regresará"" escrito 40 veces.","La imagen es un meme que muestra a un mono con una expresión sorprendente y confundida, mirando hacia la cámara. El mono sostiene con sus manos un objeto de colores brillantes. Alrededor del mono se puede ver un ambiente interior con un suelo claro. En la parte superior de la imagen hay un texto que dice: ""Mi mamá encontrando un papel debajo de mi almohada con 'él regresará' escrito 40 veces"". El meme parece representar una situación humorística relacionada con el descubrimiento inesperado de una nota.",DS_IMG_3233.jpg,hate speech,neither
¿De qué te ríes? Casi te gano.,"La imagen es un meme que presenta dos paneles. En la parte superior, se muestra a un personaje muscular, vestido con una camiseta sin mangas y una cadena, cuyo rostro ha sido editado para parecerse a Lionel Messi. Este personaje está apuntando hacia otra persona y tiene una expresión sonriente, con el texto en letras grandes que dice: ""¿De qué te ríes?"". En la parte inferior, hay un segundo panel donde una persona, que tiene una expresión de tristeza y una línea de lágrimas dibujada en su rostro, responde: ""Casi te gano"". Al fondo, se pueden ver varias personas que observan la escena, creando un ambiente de entretenimiento y tensión. El meme tiene un estilo de humor que juega con la imagen de los personajes y sus expresiones.",DS_IMG_2908.jpg,hate speech,neither
ESTADO CIVIL: TESORO DE LA MAMÁ,"La imagen es un meme que presenta a un personaje con una expresión facial notable, caracterizada por ojos muy abiertos y labios fruncidos, lo que sugiere sorpresa o descontento. El personaje lleva una gorra roja y una camiseta de rayas. El texto en la parte superior dice ""ESTADO CIVIL:"" en letras grandes y en negrita, y en la parte inferior se encuentra el texto ""TESORO DE LA MAMA,"" también en letras grandes y en negrita. El conjunto transmite un tono humorístico y informal.",DS_IMG_2103.jpg,inappropriate content,neither
*Voy a conocer en persona a mi amigo del feis* Mi amigo de feis al verme: Ni modo Te tengo que secuestrar,"La imagen es un meme que presenta un personaje animado con forma de emoji amarillo, que tiene un rostro que mezcla una expresión de desánimo y resignación. El personaje está extendiendo sus brazos hacia adelante, como si estuviera señalando o ofreciéndose. En la parte superior de la imagen, se incluye un texto en un formato de diálogo que dice: ""*Voy a conocer en persona a mi amigo del feis*"". Justo debajo, se encuentra otro texto que dice: ""Mi amigo de feis al verme:"". En la parte inferior de la imagen, hay un recuadro que contiene la frase: ""Ni modo, te tengo que secuestrar"". El estilo es humorístico, utilizando elementos de expresión típica de memes.",DS_IMG_1249.jpg,hate speech,neither
"Y SI ARMAMOS UN MÉXICO VS BRAZIL Y PUM! TODOS SE OLVIDAN DE LAS ELECCIONES, PAPILORD.","La imagen es un meme que presenta a un hombre con gafas de sol y una camisa de rayas, mirando hacia un lado con una expresión seria. El texto está en la parte superior e inferior de la imagen, utilizando letras grandes y en negrita. El texto superior dice ""Y SI ARMAMOS UN MÉXICO VS BRAZIL,"" mientras que el texto inferior dice ""Y PUM! TODOS SE OLVIDAN DE LAS ELECCIONES, PAPILORD."" El estilo del meme se basa en humor y sarcasmo, aprovechando un comentario social sobre el interés en eventos deportivos en contraste con las elecciones.",DS_IMG_2499.jpg,neither,hate speech
Digo: el lugar de una mujer es la cocina.,"La imagen muestra un meme en un estilo de ilustración digital. En el centro, hay un grupo de cinco hombres, cada uno con diferentes expresiones faciales. El hombre de cabello largo y castaño, que está en el medio, está sonriendo y tiene una postura confiada mientras dice: ""Digo: el lugar de una mujer es la cocina."" Los otros hombres a su alrededor tienen expresiones variadas; dos están sonriendo, uno tiene una expresión neutra y otro parece molesto. En la parte superior izquierda hay un símbolo de pulgar hacia abajo en rojo, mientras que en la parte superior derecha hay un símbolo de pulgar hacia arriba en verde. El fondo es de un color azul claro, lo que ayuda a resaltar las figuras y el texto.",DS_IMG_387.jpg,hate speech,neither
no mamen ando bien crudo,"La imagen muestra a un hombre con cabello rizado y desordenado, que tiene una expresión facial intensa y de sorpresa. Sus ojos están muy abiertos y su boca está ligeramente abierta, lo que sugiere una reacción de incredulidad o alarma. Está vestido con una camisa de color claro y el fondo es poco definido, lo que enfatiza su expresión. En la parte superior de la imagen, hay un texto que dice ""no mamen"" y en la parte inferior se puede leer ""ando bien crudo"", ambos en letras grandes y en blanco sobre un fondo oscuro.",DS_IMG_1859.jpg,inappropriate content,neither
Ándale! No más la puntita... Cómo si tuvieras más!,"La imagen es un meme que se divide en dos paneles. En el primer panel, se observa a un joven sentado en la cama, mirando su teléfono con una expresión de anhelo. El fondo muestra una ventana con un cielo nocturno. El texto sobre su cabeza dice: ""Ándale! No más la puntita..."". En el segundo panel, se ve a una mujer sentada en un ambiente similar, mirando hacia abajo con una expresión de resignación. El texto que aparece cerca de ella dice: ""Cómo si tuvieras más!"".",DS_IMG_1426.jpg,inappropriate content,neither
gente que arde con memes ofensivos o con gente que da su opinión. Tulas,"La imagen es un meme que presenta una escena del personaje de una serie animada conocido por su apariencia distintiva. En el centro de la imagen, el personaje tiene una expresión exagerada mientras sostiene un objeto que parece un conjunto de salchichas o un alimento similar. En la parte superior de la imagen hay texto que dice ""gente que arde con memes ofensivos o con gente que da su opinión"", y en la parte central hay otro texto que dice ""Tulas"". La combinación de los elementos visuales y el texto proporciona un contraste humorístico.",DS_IMG_427.jpg,hate speech,neither
