{
    "accuracy": 0.6157407407407407,
    "f1_weighted": 0.4737373737373738,
    "precision_weighted": 0.3849576637290479,
    "recall_weighted": 0.6157407407407407
}